Event,Sample label (Offset in mm/cm),Expedition,Site,H,Core,Type,Sect,Offset [cm],Depth sed [m] (CSFA),Depth comp [mcd] (Cappelli et al. 2019 (CCSF)),Offset [m] (Cappelli splice),Offset [m] (Bohaty splice (CCSF offset [S...),Depth comp [mcd] (Bohaty (CCSF-A/CCSF-M)),Depth comp [mcd] (two-site composite (Depth CCS...),Ca count [#],Fe count [#],Ca/Fe,Comment (Notes),Age [Ma],Al,Ti,Ti_Al,log_CaFe,CaCO3_wt_pct
342-U1410C,"342-U1410C-9H-4,42",342,U1410,C,9,H,4,42,78.22,83.57,5.35,5.35,83.57,64.17,3919926,111165,35.262,splice point 1,39.9560049,10141.0,9257.0,0.9128291095552706,1.5473069410980425,71.87344897434168
342-U1410C,"342-U1410C-9H-4,44",342,U1410,C,9,H,4,44,78.24,83.59,5.35,5.35,83.59,64.19,3791954,117928,32.155,,39.9568553,10294.0,9435.0,0.9165533320380804,1.5072485139187866,70.48562476471636
342-U1410C,"342-U1410C-9H-4,46",342,U1410,C,9,H,4,46,78.26,83.61,5.35,5.35,83.61,64.21,3616253,155283,23.288,,39.9577058,13566.0,12313.0,0.9076367389060888,1.3671321924307545,65.63129480676349
342-U1410C,"342-U1410C-9H-4,48",342,U1410,C,9,H,4,48,78.28,83.63,5.35,5.35,83.63,64.23,3369185,179637,18.756,,39.9585562,16998.0,16493.0,0.9702906224261678,1.2731402240668117,62.3749430627947
342-U1410C,"342-U1410C-9H-4,50",342,U1410,C,9,H,4,50,78.3,83.65,5.35,5.35,83.65,64.25,2543841,285883,8.898,,39.9594067,23732.0,23991.0,1.0109135344682285,0.9492924014120256,51.15523524691963
342-U1410C,"342-U1410C-9H-4,52",342,U1410,C,9,H,4,52,78.32,83.67,5.35,5.35,83.67,64.27,2258835,320644,7.045,,39.9602571,27619.0,29223.0,1.058075962199935,0.8478809974453753,47.64183715649503
342-U1410C,"342-U1410C-9H-4,54",342,U1410,C,9,H,4,54,78.34,83.69,5.35,5.35,83.69,64.29,1999742,374942,5.333,,39.9611076,29952.0,33449.0,1.1167534722222223,0.7269715836828766,43.45293051669326
342-U1410C,"342-U1410C-9H-4,56",342,U1410,C,9,H,4,56,78.36,83.71,5.35,5.35,83.71,64.31,1704665,429842,3.966,,39.961958,32412.0,36965.0,1.1404726644452672,0.5983527098692839,38.996929633421345
342-U1410C,"342-U1410C-9H-4,58",342,U1410,C,9,H,4,58,78.38,83.73,5.35,5.35,83.73,64.33,1622684,462233,3.511,,39.9628084,32079.0,38184.0,1.1903114186851211,0.5454308294653513,37.163451086827095
342-U1410C,"342-U1410C-9H-4,60",342,U1410,C,9,H,4,60,78.4,83.75,5.35,5.35,83.75,64.35,1132855,668288,1.695,,39.9636589,32560.0,41362.0,1.2703316953316954,0.229169702539101,26.206584344467153
342-U1410C,"342-U1410C-9H-4,62",342,U1410,C,9,H,4,62,78.42,83.77,5.35,5.35,83.77,64.37,1326983,556032,2.387,,39.9645093,36376.0,44000.0,1.2095887398284584,0.37785241900675454,31.35769705648901
342-U1410C,"342-U1410C-9H-4,64",342,U1410,C,9,H,4,64,78.44,83.79,5.35,5.35,83.79,64.39,1163189,643549,1.807,,39.9653598,33596.0,43016.0,1.2803905226812715,0.25695815256093185,27.169315195473484
342-U1410C,"342-U1410C-9H-4,66",342,U1410,C,9,H,4,66,78.46,83.81,5.35,5.35,83.81,64.41,1329627,554917,2.396,,39.9662102,36628.0,43327.0,1.1828928688435076,0.3794868137172738,31.414320661234953
342-U1410C,"342-U1410C-9H-4,68",342,U1410,C,9,H,4,68,78.48,83.83,5.35,5.35,83.83,64.43,1260081,550014,2.291,,39.9670607,36896.0,44507.0,1.206282523850824,0.3600250891893975,30.740069214966677
342-U1410C,"342-U1410C-9H-4,70",342,U1410,C,9,H,4,70,78.5,83.85,5.35,5.35,83.85,64.45,1486438,484783,3.066,,39.9679111,34831.0,40863.0,1.1731790646263387,0.48657215051835634,35.124292154708456
342-U1410C,"342-U1410C-9H-4,72",342,U1410,C,9,H,4,72,78.52,83.87,5.35,5.35,83.87,64.47,1134304,626153,1.812,,39.9687616,35239.0,43806.0,1.2431113255200203,0.25815819334079426,27.21089060829182
342-U1410C,"342-U1410C-9H-4,74",342,U1410,C,9,H,4,74,78.54,83.89,5.35,5.35,83.89,64.49,1312433,589129,2.228,,39.969612,33201.0,41352.0,1.2455046534742928,0.34791518650169134,30.320521636351096
342-U1410C,"342-U1410C-9H-4,76",342,U1410,C,9,H,4,76,78.56,83.91,5.35,5.35,83.91,64.51,1477002,507621,2.91,,39.9704624,33950.0,39907.0,1.1754639175257733,0.4638929889859073,34.338572603416765
342-U1410C,"342-U1410C-9H-4,78",342,U1410,C,9,H,4,78,78.58,83.93,5.35,5.35,83.93,64.53,1495535,514731,2.905,,39.9713129,33785.0,39055.0,1.1559863844901583,0.4631461367263495,34.31269790688438
342-U1410C,"342-U1410C-9H-4,80",342,U1410,C,9,H,4,80,78.6,83.95,5.35,5.35,83.95,64.55,1543563,544805,2.833,,39.9721633,31902.0,37768.0,1.183875619083443,0.4522465745204372,33.93508257426055
342-U1410C,"342-U1410C-9H-4,82",342,U1410,C,9,H,4,82,78.62,83.97,5.35,5.35,83.97,64.57,1735774,475640,3.649,,39.9730138,32398.0,36043.0,1.1125069448731404,0.5621738633646483,37.743513496268235
342-U1410C,"342-U1410C-9H-4,84",342,U1410,C,9,H,4,84,78.64,83.99,5.35,5.35,83.99,64.59,1872795,431177,4.343,,39.9738642,32904.0,35760.0,1.086797957695113,0.637789829362229,40.36322863825443
342-U1410C,"342-U1410C-9H-4,86",342,U1410,C,9,H,4,86,78.66,84.01,5.35,5.35,84.01,64.61,2045890,383213,5.339,,39.9747147,31135.0,33863.0,1.0876184358439056,0.7274599208579089,43.469848958122256
342-U1410C,"342-U1410C-9H-4,88",342,U1410,C,9,H,4,88,78.68,84.03,5.35,5.35,84.03,64.63,2431687,340501,7.141,,39.9755651,28176.0,29005.0,1.0294222032935831,0.8537590330747687,47.84548170087537
342-U1410C,"342-U1410C-9H-4,90",342,U1410,C,9,H,4,90,78.7,84.05,5.35,5.35,84.05,64.65,2479892,329519,7.526,,39.9764156,27505.0,28105.0,1.0218142155971641,0.8765642139838455,48.63556719347033
342-U1410C,"342-U1410C-9H-4,92",342,U1410,C,9,H,4,92,78.72,84.07,5.35,5.35,84.07,64.67,2870217,278602,10.302,,39.977266,23973.0,22720.0,0.9477328661410753,1.0129215455445602,53.35966694539128
342-U1410C,"342-U1410C-9H-4,94",342,U1410,C,9,H,4,94,78.74,84.09,5.35,5.35,84.09,64.69,3178366,232684,13.66,,39.9781165,21642.0,18661.0,0.862258571296553,1.1354506993455138,57.604689478825335
342-U1410C,"342-U1410C-9H-4,96",342,U1410,C,9,H,4,96,78.76,84.11,5.35,5.35,84.11,64.71,3208934,225878,14.206,,39.9789669,20569.0,18672.0,0.9077738344110069,1.1524718103360363,58.194385869091974
342-U1410C,"342-U1410C-9H-4,98",342,U1410,C,9,H,4,98,78.78,84.13,5.35,5.35,84.13,64.73,3565556,178189,20.01,,39.9798173,16503.0,14044.0,0.8509967884627038,1.3012470886362115,63.34870538580155
342-U1410C,"342-U1410C-9H-4,100",342,U1410,C,9,H,4,100,78.8,84.15,5.35,5.35,84.15,64.75,3876444,145211,26.695,,39.9806678,14371.0,12082.0,0.8407208962493912,1.4264299251939276,67.68566475834362
342-U1410C,"342-U1410C-9H-4,102",342,U1410,C,9,H,4,102,78.82,84.17,5.35,5.35,84.17,64.77,3558446,182583,19.489,,39.9815182,17019.0,15504.0,0.9109818438216112,1.2897895556069106,62.95175915400142
342-U1410C,"342-U1410C-9H-4,104",342,U1410,C,9,H,4,104,78.84,84.19,5.35,5.35,84.19,64.79,3366262,214703,15.679,,39.9823687,19356.0,18292.0,0.9450299648687746,1.1953183601130135,59.67880458611536
342-U1410C,"342-U1410C-9H-4,106",342,U1410,C,9,H,4,106,78.86,84.21,5.35,5.35,84.21,64.81,2908490,274957,10.578,,39.9832191,24822.0,23898.0,0.9627749576988156,1.0244035626829657,53.75746142915135
342-U1410C,"342-U1410C-9H-4,108",342,U1410,C,9,H,4,108,78.88,84.23,5.35,5.35,84.23,64.83,2683548,311325,8.62,,39.9840696,26934.0,25934.0,0.9628722061335115,0.9355072658247128,50.67764922449717
342-U1410C,"342-U1410C-9H-4,110",342,U1410,C,9,H,4,110,78.9,84.25,5.35,5.35,84.25,64.85,2587043,321382,8.05,,39.98492,27214.0,27624.0,1.0150657749687662,0.9057958803678685,49.64829827534481
342-U1410C,"342-U1410C-9H-4,112",342,U1410,C,9,H,4,112,78.92,84.27,5.35,5.35,84.27,64.87,2533684,327637,7.733,,39.9857705,27527.0,27146.0,0.9861590438478585,0.888348010178049,49.04381681261851
342-U1410C,"342-U1410C-9H-4,114",342,U1410,C,9,H,4,114,78.94,84.29,5.35,5.35,84.29,64.89,2313105,344375,6.717,,39.9866209,29314.0,30720.0,1.0479634304427918,0.8271753482986927,46.924489941808204
342-U1410C,"342-U1410C-9H-4,116",342,U1410,C,9,H,4,116,78.96,84.31,5.35,5.35,84.31,64.91,2781449,282485,9.846,,39.9874713,22859.0,23978.0,1.048952272627849,0.9932598314367368,52.678486860125744
342-U1410C,"342-U1410C-9H-4,118",342,U1410,C,9,H,4,118,78.98,84.33,5.35,5.35,84.33,64.93,1797769,514183,3.496,,39.9883218,26210.0,31223.0,1.1912628767645936,0.5435714239623655,37.099031983176154
342-U1410C,"342-U1410C-9H-4,120",342,U1410,C,9,H,4,120,79.0,84.35,5.35,5.35,84.35,64.95,1848974,518652,3.565,,39.9891722,26580.0,31823.0,1.1972535741158765,0.5520595341878843,37.39310256193926
342-U1410C,"342-U1410C-9H-4,122",342,U1410,C,9,H,4,122,79.02,84.37,5.35,5.35,84.37,64.97,1587379,582838,2.724,,39.9900227,27426.0,33505.0,1.221650988113469,0.4352071032407476,33.3447500917757
342-U1410C,"342-U1410C-9H-4,124",342,U1410,C,9,H,4,124,79.04,84.39,5.35,5.35,84.39,64.99,1753825,475288,3.69,,39.9908731,30075.0,35398.0,1.1769908561928513,0.5670263661590603,37.91162845558065
342-U1410C,"342-U1410C-9H-4,126",342,U1410,C,9,H,4,126,79.06,84.41,5.35,5.35,84.41,65.01,1628837,458753,3.551,,39.9917236,31842.0,37008.0,1.16223855285472,0.5503506723016155,37.33389904188947
342-U1410C,"342-U1410C-9H-4,128",342,U1410,C,9,H,4,128,79.08,84.43,5.35,5.35,84.43,65.03,1639360,514035,3.189,,39.992574,28075.0,33413.0,1.19013357079252,0.5036545192429592,35.71611081917233
342-U1410C,"342-U1410C-9H-4,130",342,U1410,C,9,H,4,130,79.1,84.45,5.35,5.35,84.45,65.05,1774653,385378,4.605,,39.9934245,32037.0,35260.0,1.1006024284421139,0.6632296345328678,41.244590688391206
342-U1410C,"342-U1410C-9H-4,132",342,U1410,C,9,H,4,132,79.12,84.47,5.35,5.35,84.47,65.07,1463905,432333,3.386,,39.9942749,33755.0,39441.0,1.168449118649089,0.5296869537729164,36.618004513462694
342-U1410C,"342-U1410C-9H-4,134",342,U1410,C,9,H,4,134,79.14,84.49,5.35,5.35,84.49,65.09,1575416,416443,3.783,,39.9951254,32929.0,37915.0,1.151416684381548,0.5778363412927441,38.28614004408712
342-U1410C,"342-U1410C-9H-4,136",342,U1410,C,9,H,4,136,79.16,84.51,5.35,5.35,84.51,65.11,1650545,385006,4.287,,39.9959758,32465.0,36137.0,1.1131064223009395,0.6321534835106326,40.16795743622587
342-U1410C,"342-U1410C-9H-4,138",342,U1410,C,9,H,4,138,79.18,84.53,5.35,5.35,84.53,65.13,1502152,398554,3.769,,39.9968262,33362.0,37558.0,1.12577183622085,0.5762261374496049,38.230354531941565
342-U1410C,"342-U1410C-9H-4,140",342,U1410,C,9,H,4,140,79.2,84.55,5.35,5.35,84.55,65.15,1419526,404877,3.506,,39.9976767,33322.0,38092.0,1.1431486705479863,0.5448119117577761,37.14200868284816
342-U1410C,"342-U1410C-9H-4,142",342,U1410,C,9,H,4,142,79.22,84.57,5.35,5.35,84.57,65.17,1283938,508055,2.527,,39.9985271,30810.0,37006.0,1.2011035378123986,0.40260524191991476,32.215258606315444
342-U1410C,"342-U1410C-9H-4,144",342,U1410,C,9,H,4,144,79.24,84.59,5.35,5.35,84.59,65.19,1309694,468131,2.798,,39.9993776,33696.0,39743.0,1.1794575023741691,0.4468477101558088,33.748038918348
342-U1410C,"342-U1410C-9H-4,146",342,U1410,C,9,H,4,146,79.26,84.61,5.35,5.35,84.61,65.21,1324209,533962,2.48,,40.000228,31711.0,38269.0,1.206805209548737,0.3944516808262163,31.932778482224265
342-U1410C,"342-U1410C-9H-4,148",342,U1410,C,9,H,4,148,79.28,84.63,5.35,5.35,84.63,65.23,1693457,466269,3.632,,40.0010785,37104.0,41045.0,1.10621496334627,0.5601458398490475,37.673252621570256
342-U1410C,"342-U1410C-9H-5,2",342,U1410,C,9,H,5,2,79.32,84.67,5.35,5.35,84.67,65.27,1632201,432500,3.774,,40.0027794,33843.0,38860.0,1.1482433590402743,0.5768018958289126,38.25030168099268
342-U1410C,"342-U1410C-9H-5,4",342,U1410,C,9,H,5,4,79.34,84.69,5.35,5.35,84.69,65.29,1552716,491910,3.157,,40.0036298,35970.0,40858.0,1.13589102029469,0.49927458189221735,35.56436788965587
342-U1410C,"342-U1410C-9H-5,6",342,U1410,C,9,H,5,6,79.36,84.71,5.35,5.35,84.71,65.31,1818672,436406,4.167,,40.0044803,33718.0,38363.0,1.1377602467524763,0.619823500457278,39.740785173342395
342-U1410C,"342-U1410C-9H-5,8",342,U1410,C,9,H,5,8,79.38,84.73,5.35,5.35,84.73,65.33,1903965,445378,4.275,,40.0053307,33480.0,37823.0,1.1297192353643966,0.6309361190641914,40.12578184497892
342-U1410C,"342-U1410C-9H-5,10",342,U1410,C,9,H,5,10,79.4,84.75,5.35,5.35,84.75,65.35,2116675,388047,5.455,,40.0061811,31772.0,34124.0,1.0740274455495404,0.7367947549243606,43.793254284354475
342-U1410C,"342-U1410C-9H-5,12",342,U1410,C,9,H,5,12,79.42,84.77,5.35,5.35,84.77,65.37,2273867,368557,6.17,,40.0070316,30021.0,31383.0,1.0453682422304387,0.7902851640332417,45.64642950793166
342-U1410C,"342-U1410C-9H-5,14",342,U1410,C,9,H,5,14,79.44,84.79,5.35,5.35,84.79,65.39,2320534,344570,6.735,,40.007882,29134.0,30461.0,1.0455481567927507,0.8283376000590045,46.96475615404421
342-U1410C,"342-U1410C-9H-5,16",342,U1410,C,9,H,5,16,79.46,84.81,5.35,5.35,84.81,65.41,2464244,321497,7.665,,40.0087325,27212.0,27917.0,1.0259076877848008,0.8845121591903939,48.9109237551512
342-U1410C,"342-U1410C-9H-5,18",342,U1410,C,9,H,5,18,79.48,84.83,5.35,5.35,84.83,65.43,2500622,313013,7.989,,40.0095829,27080.0,27197.0,1.0043205317577548,0.9024924211586036,49.533849931039825
342-U1410C,"342-U1410C-9H-5,20",342,U1410,C,9,H,5,20,79.5,84.85,5.35,5.35,84.85,65.45,2506024,309654,8.093,,40.0104334,25783.0,26491.0,1.0274599542334095,0.9081095403925522,49.72845502689997
342-U1410C,"342-U1410C-9H-5,22",342,U1410,C,9,H,5,22,79.52,84.87,5.35,5.35,84.87,65.47,2612055,282236,9.255,,40.0112838,24623.0,23628.0,0.9595906266498802,0.9663764230889229,51.74711117791574
342-U1410C,"342-U1410C-9H-5,24",342,U1410,C,9,H,5,24,79.54,84.89,5.35,5.35,84.89,65.49,2694088,276702,9.736,,40.0121343,24089.0,23604.0,0.9798663290298476,0.9883805652220086,52.509444682116495
342-U1410C,"342-U1410C-9H-5,26",342,U1410,C,9,H,5,26,79.56,84.91,5.35,5.35,84.91,65.51,2699861,298629,9.041,,40.0129847,22575.0,23191.0,1.0272868217054263,0.9562164692433901,51.39511957693725
342-U1410C,"342-U1410C-9H-5,28",342,U1410,C,9,H,5,28,79.58,84.93,5.35,5.35,84.93,65.53,2832960,259268,10.927,,40.0138351,22175.0,22445.0,1.0121758737316797,1.0385009430766743,54.245865172891385
342-U1410C,"342-U1410C-9H-5,30",342,U1410,C,9,H,5,30,79.6,84.95,5.35,5.35,84.95,65.55,2899741,244103,11.879,,40.0146856,21426.0,21554.0,1.0059740502193597,1.0747798823319326,55.50274902338981
342-U1410C,"342-U1410C-9H-5,32",342,U1410,C,9,H,5,32,79.62,84.97,5.35,5.35,84.97,65.57,3251952,205139,15.852,,40.015536,17508.0,16638.0,0.9503084304318026,1.2000840636621521,59.843912385575265
342-U1410C,"342-U1410C-9H-5,34",342,U1410,C,9,H,5,34,79.64,84.99,5.35,5.35,84.99,65.59,3480638,179620,19.378,,40.0163865,15982.0,15048.0,0.941559254160931,1.2873089515699725,62.86581862714171
342-U1410C,"342-U1410C-9H-5,36",342,U1410,C,9,H,5,36,79.66,85.01,5.35,5.35,85.01,65.61,3692614,149936,24.628,,40.0172369,13329.0,12197.0,0.915072398529522,1.391429144919444,66.47306272573414
342-U1410C,"342-U1410C-9H-5,38",342,U1410,C,9,H,5,38,79.68,85.03,5.35,5.35,85.03,65.63,3460910,154880,22.346,,40.0180874,14104.0,14270.0,1.011769710720363,1.349199794429999,65.01002687802732
342-U1410B,"342-U1410B-10H-2,66",342,U1410,B,10,H,2,66,78.46,85.03,6.57,6.57,85.03,65.63,3633134,163762,22.185,,40.0180874,13088.0,12332.0,0.9422371638141809,1.3460594330525737,64.90122905810642
342-U1410B,"342-U1410B-10H-2,68",342,U1410,B,10,H,2,68,78.48,85.05,6.57,6.57,85.05,65.65,3193264,193541,16.499,,40.0189378,14021.0,15990.0,1.1404322088296128,1.2174576225385805,60.445819332849126
342-U1410B,"342-U1410B-10H-2,70",342,U1410,B,10,H,2,70,78.5,85.07,6.57,6.57,85.07,65.67,2944820,229438,12.835,,40.0197883,17148.0,19113.0,1.1145906228131561,1.1083958730074621,56.66737502034353
342-U1410B,"342-U1410B-10H-2,72",342,U1410,B,10,H,2,72,78.52,85.09,6.57,6.57,85.09,65.69,2504934,285023,8.789,,40.0206387,22787.0,25465.0,1.117523149163997,0.9439394644722164,50.969782746639936
342-U1410B,"342-U1410B-10H-2,74",342,U1410,B,10,H,2,74,78.54,85.11,6.57,6.57,85.11,65.71,2135695,345498,6.181,,40.0214892,27148.0,30612.0,1.1275968763813171,0.7910587435918254,45.673230171738794
342-U1410B,"342-U1410B-10H-2,76",342,U1410,B,10,H,2,76,78.56,85.13,6.57,6.57,85.13,65.73,1988699,355447,5.595,,40.0223396,27527.0,31407.0,1.1409525193446435,0.7478000908643688,44.174534147996056
342-U1410B,"342-U1410B-10H-2,78",342,U1410,B,10,H,2,78,78.58,85.15,6.57,6.57,85.15,65.75,2133860,319341,6.682,,40.02319,24058.0,29116.0,1.2102419153711863,0.8249064713021125,46.845884698261685
342-U1410B,"342-U1410B-10H-2,80",342,U1410,B,10,H,2,80,78.6,85.17,6.57,6.57,85.17,65.77,1265212,627359,2.017,,40.0240405,23717.0,31726.0,1.3376902643673314,0.3047058982127654,28.823535843581258
342-U1410B,"342-U1410B-10H-2,82",342,U1410,B,10,H,2,82,78.62,85.19,6.57,6.57,85.19,65.79,1683560,429712,3.918,,40.0248909,29472.0,36298.0,1.2316096634093376,0.5930644316587176,38.813717234816274
342-U1410B,"342-U1410B-10H-2,84",342,U1410,B,10,H,2,84,78.64,85.21,6.57,6.57,85.21,65.81,1311749,571546,2.295,,40.0257414,27666.0,36067.0,1.303657919467939,0.36078268987328005,30.766316290659788
342-U1410B,"342-U1410B-10H-2,86",342,U1410,B,10,H,2,86,78.66,85.23,6.57,6.57,85.23,65.83,1252657,635956,1.97,,40.0265918,25576.0,32284.0,1.262277134813888,0.2944662261615929,28.468782405368387
342-U1410B,"342-U1410B-10H-2,88",342,U1410,B,10,H,2,88,78.68,85.25,6.57,6.57,85.25,65.85,1382886,547972,2.524,,40.0274423,29861.0,38072.0,1.2749740464150565,0.4020893505720967,32.19738555057029
342-U1410B,"342-U1410B-10H-2,90",342,U1410,B,10,H,2,90,78.7,85.27,6.57,6.57,85.27,65.87,1488038,568684,2.617,,40.0282927,28339.0,34802.0,1.2280602702988814,0.41780372263988097,32.741809970858675
342-U1410B,"342-U1410B-10H-2,92",342,U1410,B,10,H,2,92,78.72,85.29,6.57,6.57,85.29,65.89,1646247,408270,4.032,,40.0291432,30691.0,38423.0,1.2519305333811215,0.6055205234374689,39.245258534491114
342-U1410B,"342-U1410B-10H-2,94",342,U1410,B,10,H,2,94,78.74,85.31,6.57,6.57,85.31,65.91,1579965,410810,3.846,,40.0299936,33957.0,39681.0,1.1685661277498012,0.5850092799024611,38.53464650222077
342-U1410B,"342-U1410B-10H-2,96",342,U1410,B,10,H,2,96,78.76,85.33,6.57,6.57,85.33,65.93,1477639,412118,3.585,,40.030844,33115.0,39768.0,1.2009059338668278,0.5544891600038189,37.4772769483323
342-U1410B,"342-U1410B-10H-2,98",342,U1410,B,10,H,2,98,78.78,85.35,6.57,6.57,85.35,65.95,1381434,476863,2.897,,40.0316945,31716.0,38509.0,1.2141821162820028,0.4619484952037618,34.27120561633433
342-U1410B,"342-U1410B-10H-2,100",342,U1410,B,10,H,2,100,78.8,85.37,6.57,6.57,85.37,65.97,1322863,503393,2.628,,40.0325449,32513.0,40772.0,1.2540214683357427,0.41962536088774316,32.804920627955866
342-U1410B,"342-U1410B-10H-2,102",342,U1410,B,10,H,2,102,78.82,85.39,6.57,6.57,85.39,65.99,1451045,482327,3.008,,40.0333954,30518.0,37083.0,1.2151189461956877,0.47827783191960466,34.8369354868547
342-U1410B,"342-U1410B-10H-2,104",342,U1410,B,10,H,2,104,78.84,85.41,6.57,6.57,85.41,66.01,1474301,445106,3.312,,40.0342458,31677.0,38015.0,1.200082078479654,0.5200903281128425,36.285529417469434
342-U1410B,"342-U1410B-10H-2,106",342,U1410,B,10,H,2,106,78.86,85.43,6.57,6.57,85.43,66.03,1431540,483384,2.961,,40.0350963,31817.0,38285.0,1.203287550680454,0.47143840738929915,34.59998362400227
342-U1410B,"342-U1410B-10H-2,108",342,U1410,B,10,H,2,108,78.88,85.45,6.57,6.57,85.45,66.05,1262847,500126,2.525,,40.0359467,34568.0,43261.0,1.251475352927563,0.4022613824546802,32.203345595142395
342-U1410B,"342-U1410B-10H-2,110",342,U1410,B,10,H,2,110,78.9,85.47,6.57,6.57,85.47,66.07,1356895,474953,2.857,,40.0367972,33123.0,40640.0,1.2269420040455272,0.455910240382743,34.06201027806013
342-U1410B,"342-U1410B-10H-2,112",342,U1410,B,10,H,2,112,78.92,85.49,6.57,6.57,85.49,66.09,1409862,449465,3.137,,40.0376476,33102.0,40997.0,1.238505226270316,0.49651451869774504,35.468745500283376
342-U1410B,"342-U1410B-10H-2,114",342,U1410,B,10,H,2,114,78.94,85.51,6.57,6.57,85.51,66.11,1430377,422408,3.386,,40.0384981,33061.0,39823.0,1.2045310184204954,0.5296869537729164,36.618004513462694
342-U1410B,"342-U1410B-10H-2,116",342,U1410,B,10,H,2,116,78.96,85.53,6.57,6.57,85.53,66.13,1391102,431650,3.223,,40.0393485,34566.0,41417.0,1.1982005438870567,0.5082603055123345,35.87567828447483
342-U1410B,"342-U1410B-10H-2,118",342,U1410,B,10,H,2,118,78.98,85.55,6.57,6.57,85.55,66.15,1412693,492625,2.868,,40.0401989,31871.0,38236.0,1.1997113363245584,0.4575791469957625,34.11982954766819
342-U1410B,"342-U1410B-10H-2,120",342,U1410,B,10,H,2,120,79.0,85.57,6.57,6.57,85.57,66.17,1549261,423078,3.662,,40.0410494,31160.0,38637.0,1.2399550706033375,0.5637183399656777,37.797021888110905
342-U1410B,"342-U1410B-10H-2,122",342,U1410,B,10,H,2,122,79.02,85.59,6.57,6.57,85.59,66.19,1507660,420970,3.581,,40.0418998,33518.0,41346.0,1.2335461543051496,0.5540043210119029,37.46047970145737
342-U1410B,"342-U1410B-10H-2,124",342,U1410,B,10,H,2,124,79.04,85.61,6.57,6.57,85.61,66.21,1508350,459413,3.283,,40.0427503,30679.0,37168.0,1.2115127611721372,0.5162708827293401,36.15320473215799
342-U1410B,"342-U1410B-10H-2,126",342,U1410,B,10,H,2,126,79.06,85.63,6.57,6.57,85.63,66.23,1554760,430593,3.611,,40.0436007,32808.0,37764.0,1.1510607168983176,0.5576274884268266,37.58600433654741
342-U1410B,"342-U1410B-10H-2,128",342,U1410,B,10,H,2,128,79.08,85.65,6.57,6.57,85.65,66.25,1353024,498375,2.715,,40.0444512,32247.0,39243.0,1.2169504139919993,0.43376983392486573,33.294955896326975
342-U1410B,"342-U1410B-10H-2,130",342,U1410,B,10,H,2,130,79.1,85.67,6.57,6.57,85.67,66.27,1586258,457684,3.466,,40.0453016,31030.0,37065.0,1.1944892039961328,0.5398285583778982,36.969360405002284
342-U1410B,"342-U1410B-10H-2,132",342,U1410,B,10,H,2,132,79.12,85.69,6.57,6.57,85.69,66.29,1576152,460347,3.424,,40.0461521,31604.0,37433.0,1.1844386786482723,0.5345337560051157,36.78592197679723
342-U1410B,"342-U1410B-10H-2,134",342,U1410,B,10,H,2,134,79.14,85.71,6.57,6.57,85.71,66.31,1529665,482436,3.171,,40.0470025,30563.0,36330.0,1.1886922095344044,0.5011962420270887,35.63094380502849
342-U1410B,"342-U1410B-10H-2,136",342,U1410,B,10,H,2,136,79.16,85.73,6.57,6.57,85.73,66.33,1792817,435684,4.115,,40.0478529,30090.0,34955.0,1.1616816218012629,0.6143698395482887,39.55184309115046
342-U1410B,"342-U1410B-10H-2,138",342,U1410,B,10,H,2,138,79.18,85.75,6.57,6.57,85.75,66.35,1907637,426646,4.471,,40.0487034,31107.0,33533.0,1.077988877101617,0.6504046698680318,40.80026978757796
342-U1410B,"342-U1410B-10H-2,140",342,U1410,B,10,H,2,140,79.2,85.77,6.57,6.57,85.77,66.37,1996030,383203,5.209,,40.0495538,30147.0,34486.0,1.143928085713338,0.7167543574326971,43.09895471325579
342-U1410B,"342-U1410B-10H-2,142",342,U1410,B,10,H,2,142,79.22,85.79,6.57,6.57,85.79,66.39,2064963,372765,5.54,,40.0504043,30163.0,32827.0,1.0883201273082916,0.7435097647284298,44.02589579901645
342-U1410B,"342-U1410B-10H-2,144",342,U1410,B,10,H,2,144,79.24,85.81,6.57,6.57,85.81,66.41,2153606,345155,6.24,,40.0512547,29074.0,31043.0,1.06772373942354,0.795184589682424,45.816170109547585
342-U1410B,"342-U1410B-10H-2,146",342,U1410,B,10,H,2,146,79.26,85.83,6.57,6.57,85.83,66.43,2225205,333926,6.664,,40.0521052,27276.0,29446.0,1.0795571198122893,0.8237349883987312,46.80529867307404
342-U1410B,"342-U1410B-10H-2,148",342,U1410,B,10,H,2,148,79.28,85.85,6.57,6.57,85.85,66.45,2608445,297262,8.775,,40.0529556,24841.0,23990.0,0.9657421198824524,0.9432471251378617,50.94579665040122
342-U1410B,"342-U1410B-10H-2,150",342,U1410,B,10,H,2,150,79.3,85.87,6.57,6.57,85.87,66.47,1095395,123290,8.885,,40.0538061,6896.0,9299.0,1.3484628770301623,0.9486574321413204,51.13323673653605
342-U1410B,"342-U1410B-10H-3,2",342,U1410,B,10,H,3,2,79.32,85.89,6.57,6.57,85.89,66.49,3043625,222146,13.701,,40.0546565,18468.0,17562.0,0.9509421702404158,1.1367522663266632,57.64978226688724
342-U1410B,"342-U1410B-10H-3,4",342,U1410,B,10,H,3,4,79.34,85.91,6.57,6.57,85.91,66.51,3562548,154814,23.012,,40.055507,13812.0,13162.0,0.9529394729220967,1.3619543653534616,65.45190898767068
342-U1410B,"342-U1410B-10H-3,6",342,U1410,B,10,H,3,6,79.36,85.93,6.57,6.57,85.93,66.53,3556317,146940,24.203,,40.0563574,12845.0,11804.0,0.9189567925262748,1.3838692008025446,66.21114846180416
342-U1410B,"342-U1410B-10H-3,8",342,U1410,B,10,H,3,8,79.38,85.95,6.57,6.57,85.95,66.55,3626485,140643,25.785,,40.0572078,12336.0,11687.0,0.9473897535667963,1.4113671357427338,67.16381441780702
342-U1410B,"342-U1410B-10H-3,10",342,U1410,B,10,H,3,10,79.4,85.97,6.57,6.57,85.97,66.57,3837022,118829,32.29,,40.0580583,10593.0,9386.0,0.8860568299820636,1.5090680450171616,70.54866241961957
342-U1410B,"342-U1410B-10H-3,12",342,U1410,B,10,H,3,12,79.42,85.99,6.57,6.57,85.99,66.59,3281581,193373,16.97,,40.0589087,15194.0,14456.0,0.9514281953402659,1.2296818423176759,60.86932742709588
342-U1410B,"342-U1410B-10H-3,14",342,U1410,B,10,H,3,14,79.44,86.01,6.57,6.57,86.01,66.61,3719242,138169,26.918,,40.0597592,11534.0,11057.0,0.9586440090168198,1.4300427887900162,67.81083241763011
342-U1410B,"342-U1410B-10H-3,16",342,U1410,B,10,H,3,16,79.46,86.03,6.57,6.57,86.03,66.63,3342014,175313,19.063,,40.0606096,15769.0,14706.0,0.9325892574037669,1.280191247872142,62.619225782530364
342-U1410B,"342-U1410B-10H-3,18",342,U1410,B,10,H,3,18,79.48,86.05,6.57,6.57,86.05,66.65,3173353,189055,16.785,,40.0614601,16927.0,16283.0,0.961954274236427,1.2249213455840313,60.70440001775877
342-U1410B,"342-U1410B-10H-3,20",342,U1410,B,10,H,3,20,79.5,86.07,6.57,6.57,86.07,66.67,2675894,261417,10.236,,40.0623105,20994.0,22318.0,1.0630656378012766,1.010130277215148,53.262963454118804
342-U1410B,"342-U1410B-10H-3,22",342,U1410,B,10,H,3,22,79.52,86.09,6.57,6.57,86.09,66.69,1883702,370858,5.079,,40.063161,29642.0,32698.0,1.1030969570204439,0.7057782128285977,42.71868618344676
342-U1410B,"342-U1410B-10H-3,24",342,U1410,B,10,H,3,24,79.54,86.11,6.57,6.57,86.11,66.71,1925885,338634,5.687,,40.0640114,28527.0,31701.0,1.1112630139867494,0.7548832282521676,44.419929442796345
342-U1410B,"342-U1410B-10H-3,26",342,U1410,B,10,H,3,26,79.56,86.13,6.57,6.57,86.13,66.73,1753864,377119,4.651,,40.0648618,30073.0,33951.0,1.1289528813221161,0.6675463395115164,41.39414293237649
342-U1410B,"342-U1410B-10H-3,28",342,U1410,B,10,H,3,28,79.58,86.15,6.57,6.57,86.15,66.75,1616856,431265,3.749,,40.0657123,31539.0,37881.0,1.2010843717302389,0.5739154404215507,38.150300433404624
342-U1410B,"342-U1410B-10H-3,30",342,U1410,B,10,H,3,30,79.6,86.17,6.57,6.57,86.17,66.77,1311985,553741,2.369,,40.0665627,32160.0,38620.0,1.2008706467661692,0.37456506072276513,31.2438065287402
342-U1410B,"342-U1410B-10H-3,32",342,U1410,B,10,H,3,32,79.62,86.19,6.57,6.57,86.19,66.79,1833910,454696,4.033,,40.0674132,27415.0,34229.0,1.2485500638336677,0.6056282220076187,39.24898975145395
342-U1410B,"342-U1410B-10H-3,34",342,U1410,B,10,H,3,34,79.64,86.21,6.57,6.57,86.21,66.81,1213984,594193,2.043,,40.0682636,34063.0,41033.0,1.2046208496022077,0.3102683666324476,29.016247561981146
342-U1410B,"342-U1410B-10H-3,36",342,U1410,B,10,H,3,36,79.66,86.23,6.57,6.57,86.23,66.83,1666909,456791,3.649,,40.0691141,31373.0,38406.0,1.2241736525037452,0.5621738633646483,37.743513496268235
342-U1410B,"342-U1410B-10H-3,38",342,U1410,B,10,H,3,38,79.68,86.25,6.57,6.57,86.25,66.85,1214846,560141,2.169,,40.0699645,36523.0,45239.0,1.238644142047477,0.3362595520141933,29.91671217953173
342-U1410B,"342-U1410B-10H-3,40",342,U1410,B,10,H,3,40,79.7,86.27,6.57,6.57,86.27,66.87,1337865,516068,2.592,,40.070815,35160.0,44607.0,1.2686860068259385,0.41363499719855573,32.59738447794396
342-U1410B,"342-U1410B-10H-3,42",342,U1410,B,10,H,3,42,79.72,86.29,6.57,6.57,86.29,66.89,1235928,545714,2.265,,40.0716654,36868.0,44492.0,1.2067917977649996,0.3550682063488507,30.568338008955934
342-U1410B,"342-U1410B-10H-3,44",342,U1410,B,10,H,3,44,79.74,86.31,6.57,6.57,86.31,66.91,2611195,296631,8.803,,40.0725159,24995.0,27558.0,1.1025405081016204,0.9446307018562783,50.99373066581076
342-U1410B,"342-U1410B-10H-3,46",342,U1410,B,10,H,3,46,79.76,86.33,6.57,6.57,86.33,66.93,1133587,596479,1.9,,40.0733663,35789.0,45800.0,1.279722819860851,0.2787536009528289,27.924418505010756
342-U1410B,"342-U1410B-10H-3,48",342,U1410,B,10,H,3,48,79.78,86.35,6.57,6.57,86.35,66.95,1274084,560382,2.274,,40.0742167,35772.0,44584.0,1.2463379179246339,0.35679046035171597,30.6280054988852
342-U1410B,"342-U1410B-10H-3,50",342,U1410,B,10,H,3,50,79.8,86.37,6.57,6.57,86.37,66.97,1229259,600739,2.046,,40.0750672,33783.0,40848.0,1.2091288517893615,0.3109056293761413,29.038325529736415
342-U1410B,"342-U1410B-10H-3,52",342,U1410,B,10,H,3,52,79.82,86.39,6.57,6.57,86.39,66.99,1526250,493975,3.09,,40.0759176,34006.0,40165.0,1.1811150973357643,0.4899584794248346,35.2416115196734
342-U1410B,"342-U1410B-10H-3,54",342,U1410,B,10,H,3,54,79.84,86.41,6.57,6.57,86.41,67.01,1362123,547586,2.488,,40.0767681,35839.0,42151.0,1.1761209855185693,0.3958503760187811,31.981236277170673
342-U1410B,"342-U1410B-10H-3,56",342,U1410,B,10,H,3,56,79.86,86.43,6.57,6.57,86.43,67.03,1526890,495038,3.084,,40.0776185,33683.0,38800.0,1.151916396995517,0.4891143693789194,35.21236732713267
342-U1410B,"342-U1410B-10H-3,58",342,U1410,B,10,H,3,58,79.88,86.45,6.57,6.57,86.45,67.05,1602381,480216,3.337,,40.078469,33509.0,38044.0,1.1353367751947239,0.5233562066547928,36.3986757795553
342-U1410B,"342-U1410B-10H-3,60",342,U1410,B,10,H,3,60,79.9,86.47,6.57,6.57,86.47,67.07,1402298,520707,2.693,,40.0793194,33833.0,41119.0,1.2153518753879349,0.43023635341151045,33.17253846394178
342-U1410B,"342-U1410B-10H-3,62",342,U1410,B,10,H,3,62,79.92,86.49,6.57,6.57,86.49,67.09,1676784,480393,3.49,,40.0801699,32234.0,36068.0,1.118942731277533,0.5428254269591799,37.07318691700079
342-U1410B,"342-U1410B-10H-3,64",342,U1410,B,10,H,3,64,79.94,86.51,6.57,6.57,86.51,67.11,1685207,465075,3.624,,40.0810203,33262.0,35662.0,1.072154410438338,0.5591881890047755,37.64007480807045
342-U1410B,"342-U1410B-10H-3,66",342,U1410,B,10,H,3,66,79.96,86.53,6.57,6.57,86.53,67.13,1775959,440129,4.035,,40.0818708,31816.0,33813.0,1.0627671611767664,0.6058435390580892,39.2564494106675
342-U1410B,"342-U1410B-10H-3,68",342,U1410,B,10,H,3,68,79.98,86.55,6.57,6.57,86.55,67.15,1856623,431977,4.298,,40.0827212,30719.0,32467.0,1.0569028939744132,0.6332664111554245,40.20651481447968
342-U1410B,"342-U1410B-10H-3,70",342,U1410,B,10,H,3,70,80.0,86.57,6.57,6.57,86.57,67.17,1538381,540879,2.844,,40.0835717,29473.0,33318.0,1.1304583856410952,0.45392959205772865,33.99339071684001
342-U1410B,"342-U1410B-10H-3,72",342,U1410,B,10,H,3,72,80.02,86.59,6.57,6.57,86.59,67.19,2023186,398728,5.074,,40.0844221,29770.0,30355.0,1.019650655021834,0.7053504628857119,42.70386678667549
342-U1410B,"342-U1410B-10H-3,74",342,U1410,B,10,H,3,74,80.04,86.61,6.57,6.57,86.61,67.21,2383448,337400,7.064,,40.0852725,26055.0,25511.0,0.979121090001919,0.8490506905695122,47.68236117478075
342-U1410B,"342-U1410B-10H-3,76",342,U1410,B,10,H,3,76,80.06,86.63,6.57,6.57,86.63,67.23,2679875,290440,9.227,,40.086123,24074.0,22712.0,0.9434244413059732,0.9650605206111986,51.701521736574975
342-U1410B,"342-U1410B-10H-3,78",342,U1410,B,10,H,3,78,80.08,86.65,6.57,6.57,86.65,67.25,3292278,201518,16.337,,40.0869734,17410.0,15081.0,0.8662263067202757,1.2131723090468194,60.29735464692706
342-U1410B,"342-U1410B-10H-3,80",342,U1410,B,10,H,3,80,80.1,86.67,6.57,6.57,86.67,67.27,3740667,140691,26.588,,40.0878239,11699.0,10873.0,0.9293956748440038,1.4246856701021031,67.62523504068737
342-U1410B,"342-U1410B-10H-3,82",342,U1410,B,10,H,3,82,80.12,86.69,6.57,6.57,86.69,67.29,3403460,171561,19.838,,40.0886743,13933.0,13571.0,0.9740185171894065,1.2974978859256985,63.21881425789583
342-U1410B,"342-U1410B-10H-3,84",342,U1410,B,10,H,3,84,80.14,86.71,6.57,6.57,86.71,67.31,3600947,133966,26.88,,40.0893801,12161.0,11327.0,0.9314201134775101,1.4294292643817876,67.78957686450704
342-U1410B,"342-U1410B-10H-3,86",342,U1410,B,10,H,3,86,80.16,86.73,6.57,6.57,86.73,67.33,3460370,148019,23.378,,40.0900042,13937.0,13097.0,0.939728779507785,1.3688073542972985,65.6893307896299
342-U1410B,"342-U1410B-10H-3,88",342,U1410,B,10,H,3,88,80.18,86.75,6.57,6.57,86.75,67.35,2830844,246375,11.49,,40.0906284,19547.0,19416.0,0.9932982043280298,1.0603200286882852,55.001787393905644
342-U1410B,"342-U1410B-10H-3,90",342,U1410,B,10,H,3,90,80.2,86.77,6.57,6.57,86.77,67.37,2794579,231681,12.062,,40.0912525,20028.0,19713.0,0.9842720191731575,1.081419324134934,55.73277248465479
342-U1410B,"342-U1410B-10H-3,92",342,U1410,B,10,H,3,92,80.22,86.79,6.57,6.57,86.79,67.39,2299893,296018,7.769,,40.0918766,25093.0,26737.0,1.0655162794404813,0.8903651214481242,49.11369963257026
342-U1410B,"342-U1410B-10H-3,94",342,U1410,B,10,H,3,94,80.24,86.81,6.57,6.57,86.81,67.41,1969909,346693,5.682,,40.0925007,28671.0,30788.0,1.0738376757001848,0.7545012293869171,44.40669509210974
342-U1410B,"342-U1410B-10H-3,96",342,U1410,B,10,H,3,96,80.26,86.83,6.57,6.57,86.83,67.43,1822296,375499,4.853,,40.0931249,29187.0,33231.0,1.1385548360571487,0.6860102913152856,42.03382654261807
342-U1410B,"342-U1410B-10H-3,98",342,U1410,B,10,H,3,98,80.28,86.85,6.57,6.57,86.85,67.45,1551544,441634,3.513,,40.093749,30602.0,37390.0,1.2218155676099602,0.5456781497920256,37.17201949954473
342-U1410B,"342-U1410B-10H-3,100",342,U1410,B,10,H,3,100,80.3,86.87,6.57,6.57,86.87,67.47,1524828,486393,3.135,,40.0943731,28742.0,36082.0,1.2553754088094078,0.49623754516673524,35.45914975230154
342-U1410B,"342-U1410B-10H-3,102",342,U1410,B,10,H,3,102,80.32,86.89,6.57,6.57,86.89,67.49,1371434,482571,2.842,,40.0949973,32275.0,40577.0,1.2572269558481797,0.45362407359145096,33.98280602957582
342-U1410B,"342-U1410B-10H-3,104",342,U1410,B,10,H,3,104,80.34,86.91,6.57,6.57,86.91,67.51,1191999,596297,1.999,,40.0956214,31291.0,40383.0,1.2905627816305008,0.30081279411811696,28.688659252222163
342-U1410B,"342-U1410B-10H-3,106",342,U1410,B,10,H,3,106,80.36,86.93,6.57,6.57,86.93,67.53,1295855,578536,2.24,,40.0962455,32016.0,40694.0,1.2710519740129935,0.35024801833416286,30.401342595187074
342-U1410B,"342-U1410B-10H-3,108",342,U1410,B,10,H,3,108,80.38,86.95,6.57,6.57,86.95,67.55,1523263,453652,3.358,,40.0968697,33748.0,39803.0,1.179418039587531,0.52608069180203,36.49306556748133
342-U1410B,"342-U1410B-10H-3,110",342,U1410,B,10,H,3,110,80.4,86.97,6.57,6.57,86.97,67.57,1379307,472503,2.919,,40.0974938,34743.0,41815.0,1.2035517946061076,0.4652340949880144,34.38503522085976
342-U1410B,"342-U1410B-10H-3,112",342,U1410,B,10,H,3,112,80.42,86.99,6.57,6.57,86.99,67.59,1297296,543277,2.388,,40.0981179,31650.0,39684.0,1.2538388625592416,0.3780343224573315,31.363999101534247
342-U1410B,"342-U1410B-10H-3,114",342,U1410,B,10,H,3,114,80.44,87.01,6.57,6.57,87.01,67.61,1285100,567139,2.266,,40.098742,30374.0,37624.0,1.2386909857114639,0.35525990552737846,30.574979426996027
342-U1410B,"342-U1410B-10H-3,116",342,U1410,B,10,H,3,116,80.46,87.03,6.57,6.57,87.03,67.63,1407398,499792,2.816,,40.0993662,32418.0,39102.0,1.2061817508791413,0.44963265047007456,33.844523175535734
342-U1410B,"342-U1410B-10H-3,118",342,U1410,B,10,H,3,118,80.48,87.05,6.57,6.57,87.05,67.65,1448342,496085,2.92,,40.0999903,31206.0,38123.0,1.2216560917772223,0.4653828514484183,34.39018888843045
342-U1410B,"342-U1410B-10H-3,120",342,U1410,B,10,H,3,120,80.5,87.07,6.57,6.57,87.07,67.67,1509681,484647,3.115,,40.1006144,32715.0,37631.0,1.1502674614091395,0.49345805099518847,35.362854176728305
342-U1410B,"342-U1410B-10H-3,122",342,U1410,B,10,H,3,122,80.52,87.09,6.57,6.57,87.09,67.69,1562862,432553,3.613,,40.1012385,31282.0,37889.0,1.2112077232913496,0.5578679615680222,37.59433552852413
342-U1410B,"342-U1410B-10H-3,124",342,U1410,B,10,H,3,124,80.54,87.11,6.57,6.57,87.11,67.71,1554173,420712,3.694,,40.1018627,33708.0,38602.0,1.145188085914323,0.5674968911042226,37.92792979230579
342-U1410B,"342-U1410B-10H-3,126",342,U1410,B,10,H,3,126,80.56,87.13,6.57,6.57,87.13,67.73,1571146,444609,3.534,,40.1024868,34093.0,36841.0,1.0806030563458775,0.5482665451707452,37.26169445744047
342-U1410B,"342-U1410B-10H-3,128",342,U1410,B,10,H,3,128,80.58,87.15,6.57,6.57,87.15,67.75,1466948,441240,3.325,,40.1031109,33896.0,38652.0,1.1403115411848006,0.5217916496391234,36.34447170174743
342-U1410B,"342-U1410B-10H-3,130",342,U1410,B,10,H,3,130,80.6,87.17,6.57,6.57,87.17,67.77,1425504,446942,3.189,,40.103735,33604.0,40222.0,1.1969408403761457,0.5036545192429592,35.71611081917233
342-U1410B,"342-U1410B-10H-3,132",342,U1410,B,10,H,3,132,80.62,87.19,6.57,6.57,87.19,67.79,1506499,442098,3.408,,40.1043592,34098.0,38338.0,1.124347469059769,0.5324995860946625,36.71544816024958
342-U1410B,"342-U1410B-10H-3,134",342,U1410,B,10,H,3,134,80.64,87.21,6.57,6.57,87.21,67.81,1738702,439840,3.953,,40.1049833,32725.0,35495.0,1.0846447669977082,0.5969268143429706,38.947529482912216
342-U1410B,"342-U1410B-10H-3,136",342,U1410,B,10,H,3,136,80.66,87.23,6.57,6.57,87.23,67.83,1834607,415633,4.414,,40.1056074,31589.0,34767.0,1.1006046408559942,0.6448323288256362,40.60721603216417
342-U1410B,"342-U1410B-10H-3,138",342,U1410,B,10,H,3,138,80.68,87.25,6.57,6.57,87.25,67.85,1929148,396359,4.867,,40.1062316,32198.0,34263.0,1.0641344182868502,0.6872613462435064,42.07716934060628
342-U1410B,"342-U1410B-10H-3,140",342,U1410,B,10,H,3,140,80.7,87.27,6.57,6.57,87.27,67.87,2130826,366093,5.82,,40.1068557,29991.0,30714.0,1.024107232169651,0.7649229846498885,44.76775680319539
342-U1410B,"342-U1410B-10H-3,142",342,U1410,B,10,H,3,142,80.72,87.29,6.57,6.57,87.29,67.89,2355154,324075,7.267,,40.1074798,27906.0,28417.0,1.0183114742349315,0.8613551601932601,48.1086495248955
342-U1410B,"342-U1410B-10H-3,144",342,U1410,B,10,H,3,144,80.74,87.31,6.57,6.57,87.31,67.91,2797810,273077,10.245,,40.108104,23083.0,22427.0,0.9715808170515098,1.0105119627372137,53.27618694903077
342-U1410B,"342-U1410B-10H-3,146",342,U1410,B,10,H,3,146,80.76,87.33,6.57,6.57,87.33,67.93,3285365,217038,15.137,,40.1087281,19700.0,18367.0,0.9323350253807107,1.1800398109271761,59.149479249572025
342-U1410B,"342-U1410B-10H-3,148",342,U1410,B,10,H,3,148,80.78,87.35,6.57,6.57,87.35,67.95,4024396,153757,26.174,,40.1093522,14050.0,12151.0,0.8648398576512456,1.4178700980766452,67.38910954786537
342-U1410B,"342-U1410B-10H-4,2",342,U1410,B,10,H,4,2,80.82,87.39,6.57,6.57,87.39,67.99,4148275,115322,35.971,,40.1106005,10372.0,8409.0,0.810740455071346,1.5559525114477888,72.17297475910864
342-U1410B,"342-U1410B-10H-4,4",342,U1410,B,10,H,4,4,80.84,87.41,6.57,6.57,87.41,68.01,4087974,101391,40.319,,40.1112246,9611.0,7809.0,0.8125065029653522,1.605509752111388,73.88988536189903
342-U1410B,"342-U1410B-10H-4,6",342,U1410,B,10,H,4,6,80.86,87.43,6.57,6.57,87.43,68.03,3819983,119663,31.923,,40.1118487,10819.0,9885.0,0.913670394676033,1.5041036979112676,70.37667261413587
342-U1410B,"342-U1410B-10H-4,8",342,U1410,B,10,H,4,8,80.88,87.45,6.57,6.57,87.45,68.05,3774739,122458,30.825,,40.1124729,11500.0,9135.0,0.7943478260869565,1.4889030852677692,69.85004738910186
342-U1410B,"342-U1410B-10H-4,10",342,U1410,B,10,H,4,10,80.9,87.47,6.57,6.57,87.47,68.07,3690904,129452,28.512,,40.113097,11602.0,10360.0,0.8929494914669884,1.4550276823567807,68.67643405525067
342-U1410B,"342-U1410B-10H-4,12",342,U1410,B,10,H,4,12,80.92,87.49,6.57,6.57,87.49,68.09,3172596,196911,16.112,,40.1137211,17540.0,16099.0,0.9178449258836944,1.2071494532095428,60.08869280644461
342-U1410B,"342-U1410B-10H-4,14",342,U1410,B,10,H,4,14,80.94,87.51,6.57,6.57,87.51,68.11,2918407,213575,13.665,,40.1143452,19520.0,18582.0,0.9519467213114754,1.1356096360286794,57.610195840213606
342-U1410B,"342-U1410B-10H-4,16",342,U1410,B,10,H,4,16,80.96,87.53,6.57,6.57,87.53,68.13,1976656,344581,5.736,,40.1149694,27730.0,28514.0,1.0282726289217454,0.7586091426597437,44.54901374744682
342-U1410B,"342-U1410B-10H-4,18",342,U1410,B,10,H,4,18,80.98,87.55,6.57,6.57,87.55,68.15,1891975,360570,5.247,,40.1155935,29129.0,30751.0,1.0556833396271756,0.719911064198339,43.20831881915146
342-U1410B,"342-U1410B-10H-4,20",342,U1410,B,10,H,4,20,81.0,87.57,6.57,6.57,87.57,68.17,1637790,452425,3.62,,40.1162176,27791.0,32740.0,1.1780792342844806,0.5587085705331657,37.62345842612153
342-U1410B,"342-U1410B-10H-4,22",342,U1410,B,10,H,4,22,81.02,87.59,6.57,6.57,87.59,68.19,1397652,582937,2.398,,40.1168417,25720.0,31259.0,1.215357698289269,0.3798491787628299,31.426874798238245
342-U1410B,"342-U1410B-10H-4,24",342,U1410,B,10,H,4,24,81.04,87.61,6.57,6.57,87.61,68.21,1611511,450917,3.574,,40.1174659,29045.0,34716.0,1.19524875193665,0.5531545481696254,37.43103932133667
342-U1410B,"342-U1410B-10H-4,26",342,U1410,B,10,H,4,26,81.06,87.63,6.57,6.57,87.63,68.23,1633457,439468,3.717,,40.11809,30673.0,34594.0,1.1278322955041893,0.5701925610957259,38.02132127916143
342-U1410B,"342-U1410B-10H-4,28",342,U1410,B,10,H,4,28,81.08,87.65,6.57,6.57,87.65,68.25,1588955,451901,3.516,,40.1187141,30061.0,33430.0,1.1120721200226207,0.5460488664017343,37.18486297648809
342-U1410B,"342-U1410B-10H-4,30",342,U1410,B,10,H,4,30,81.1,87.67,6.57,6.57,87.67,68.27,1570991,419458,3.745,,40.1193383,31265.0,35670.0,1.1408923716616024,0.5734518220354853,38.13423837441939
342-U1410B,"342-U1410B-10H-4,32",342,U1410,B,10,H,4,32,81.12,87.69,6.57,6.57,87.69,68.29,1554229,460064,3.378,,40.1199624,30622.0,34525.0,1.1274573835804325,0.5286596452349899,36.58241340916622
342-U1410B,"342-U1410B-10H-4,34",342,U1410,B,10,H,4,34,81.14,87.71,6.57,6.57,87.71,68.31,1522153,459679,3.311,,40.1205865,31831.0,36439.0,1.1447645377148064,0.5199591807520684,36.28098581715541
342-U1410B,"342-U1410B-10H-4,36",342,U1410,B,10,H,4,36,81.16,87.73,6.57,6.57,87.73,68.33,1479840,465188,3.181,,40.1212106,33088.0,38783.0,1.1721167794970986,0.5025636691073634,35.678318316224605
342-U1410B,"342-U1410B-10H-4,38",342,U1410,B,10,H,4,38,81.18,87.75,6.57,6.57,87.75,68.35,1461162,490590,2.978,,40.1218348,33091.0,37354.0,1.128826569157777,0.4739246934161574,34.686121003402775
342-U1410B,"342-U1410B-10H-4,40",342,U1410,B,10,H,4,40,81.2,87.77,6.57,6.57,87.77,68.37,1602865,437022,3.668,,40.1224589,32879.0,35817.0,1.0893579488427263,0.5644293269979835,37.82165403384514
342-U1410B,"342-U1410B-10H-4,42",342,U1410,B,10,H,4,42,81.22,87.79,6.57,6.57,87.79,68.39,1648796,414325,3.979,,40.123083,32860.0,36478.0,1.1101034692635423,0.5997739391463883,39.04616812172662
342-U1410B,"342-U1410B-10H-4,44",342,U1410,B,10,H,4,44,81.24,87.81,6.57,6.57,87.81,68.41,1674477,399575,4.191,,40.1237072,33507.0,35975.0,1.0736562509326408,0.6223176608338443,39.827195359588536
342-U1410B,"342-U1410B-10H-4,46",342,U1410,B,10,H,4,46,81.26,87.83,6.57,6.57,87.83,68.43,1704012,395968,4.303,,40.1243313,31636.0,34206.0,1.0812365659375396,0.6337713460825555,40.22400828503014
342-U1410B,"342-U1410B-10H-4,48",342,U1410,B,10,H,4,48,81.28,87.85,6.57,6.57,87.85,68.45,1759078,383954,4.581,,40.1249554,31466.0,33287.0,1.0578719888133223,0.6609602917760836,41.16596930858242
342-U1410B,"342-U1410B-10H-4,50",342,U1410,B,10,H,4,50,81.3,87.87,6.57,6.57,87.87,68.47,1803919,383581,4.703,,40.1255795,30531.0,32516.0,1.0650158854934328,0.6723749787460795,41.56143113865792
342-U1410B,"342-U1410B-10H-4,52",342,U1410,B,10,H,4,52,81.32,87.89,6.57,6.57,87.89,68.49,1942369,353831,5.49,,40.1262037,29676.0,31788.0,1.071168621107966,0.7395723444500919,43.88948387347344
342-U1410B,"342-U1410B-10H-4,54",342,U1410,B,10,H,4,54,81.34,87.91,6.57,6.57,87.91,68.51,2019534,346940,5.821,,40.1268278,29235.0,30387.0,1.0394048229861468,0.7649975992848805,44.770341827224684
342-U1410B,"342-U1410B-10H-4,56",342,U1410,B,10,H,4,56,81.36,87.93,6.57,6.57,87.93,68.53,1985860,355417,5.587,,40.1274519,30263.0,30423.0,1.005286984106004,0.7471786713601644,44.15300506927289
342-U1410B,"342-U1410B-10H-4,58",342,U1410,B,10,H,4,58,81.38,87.95,6.57,6.57,87.95,68.55,2038559,365297,5.581,,40.128076,28705.0,29670.0,1.0336178366138304,0.7467120225166605,44.136838020089705
342-U1410B,"342-U1410B-10H-4,60",342,U1410,B,10,H,4,60,81.4,87.97,6.57,6.57,87.97,68.57,2148402,337767,6.361,,40.1287002,28419.0,28226.0,0.993208768781449,0.8035253955765324,46.10513732974897
342-U1410B,"342-U1410B-10H-4,62",342,U1410,B,10,H,4,62,81.42,87.99,6.57,6.57,87.99,68.59,2188924,343214,6.378,,40.1293243,27139.0,27539.0,1.0147389365857253,0.8046845149069404,46.14529501895095
342-U1410B,"342-U1410B-10H-4,64",342,U1410,B,10,H,4,64,81.44,88.01,6.57,6.57,88.01,68.61,2415378,290400,8.317,,40.1299484,26102.0,25101.0,0.961650448241514,0.9199667014833871,50.13924637289195
342-U1410B,"342-U1410B-10H-4,66",342,U1410,B,10,H,4,66,81.46,88.03,6.57,6.57,88.03,68.63,2492602,282074,8.837,,40.1305726,24671.0,23961.0,0.9712212719387134,0.9463048549934749,51.05173170124894
342-U1410B,"342-U1410B-10H-4,68",342,U1410,B,10,H,4,68,81.48,88.05,6.57,6.57,88.05,68.65,2701482,251237,10.753,,40.1311967,24159.0,22139.0,0.9163872676849207,1.0315296458034229,54.00434457885959
342-U1410B,"342-U1410B-10H-4,70",342,U1410,B,10,H,4,70,81.5,88.07,6.57,6.57,88.07,68.67,2598661,263451,9.864,,40.1318208,24457.0,23463.0,0.9593572392362105,0.9940530635876753,52.705968387995014
342-U1410B,"342-U1410B-10H-4,72",342,U1410,B,10,H,4,72,81.52,88.09,6.57,6.57,88.09,68.69,2656423,249876,10.631,,40.132445,23874.0,21735.0,0.9104046242774566,1.0265741181503345,53.832660323318336
342-U1410B,"342-U1410B-10H-4,74",342,U1410,B,10,H,4,74,81.54,88.11,6.57,6.57,88.11,68.71,2709776,247780,10.936,,40.1330691,23858.0,22182.0,0.9297510269092129,1.0388585015597658,54.258252786538094
342-U1410B,"342-U1410B-10H-4,76",342,U1410,B,10,H,4,76,81.56,88.13,6.57,6.57,88.13,68.73,2849853,242839,11.736,,40.1336932,21670.0,20582.0,0.9497923396400554,1.0695201008352262,55.320523893436416
342-U1410B,"342-U1410B-10H-4,78",342,U1410,B,10,H,4,78,81.58,88.15,6.57,6.57,88.15,68.75,3452390,171430,20.139,,40.1343173,16199.0,14662.0,0.9051175998518427,1.304037901904583,63.44539311148428
342-U1410B,"342-U1410B-10H-4,80",342,U1410,B,10,H,4,80,81.6,88.17,6.57,6.57,88.17,68.77,3522298,164910,21.359,,40.1349415,15527.0,13270.0,0.854640303986604,1.3295809157418985,64.33033082587808
342-U1410B,"342-U1410B-10H-4,82",342,U1410,B,10,H,4,82,81.62,88.19,6.57,6.57,88.19,68.79,4025907,105482,38.167,,40.1355656,11250.0,9150.0,0.8133333333333334,1.5816880249045888,73.06458162281949
342-U1410B,"342-U1410B-10H-4,84",342,U1410,B,10,H,4,84,81.64,88.21,6.57,6.57,88.21,68.81,3868831,117967,32.796,,40.1361897,12147.0,9448.0,0.7778052193957355,1.5158208777402855,70.7826143093122
342-U1410B,"342-U1410B-10H-4,86",342,U1410,B,10,H,4,86,81.66,88.23,6.57,6.57,88.23,68.83,3969766,100705,39.42,,40.1368138,9951.0,9296.0,0.9341774696010451,1.5957166199434245,73.55060229793995
342-U1410B,"342-U1410B-10H-4,88",342,U1410,B,10,H,4,88,81.68,88.25,6.57,6.57,88.25,68.85,3887212,112116,34.671,,40.137438,9312.0,8772.0,0.9420103092783505,1.5399663679967128,71.61913481924611
342-U1410B,"342-U1410B-10H-4,90",342,U1410,B,10,H,4,90,81.7,88.27,6.57,6.57,88.27,68.87,3856203,108740,35.463,,40.1380621,8657.0,8543.0,0.9868314658657734,1.5497754720526966,71.95897122926567
342-U1410B,"342-U1410B-10H-4,92",342,U1410,B,10,H,4,92,81.72,88.29,6.57,6.57,88.29,68.89,3606878,137912,26.153,,40.1386862,11680.0,10985.0,0.9404965753424658,1.4175215138042963,67.37703284574985
342-U1410B,"342-U1410B-10H-4,94",342,U1410,B,10,H,4,94,81.74,88.31,6.57,6.57,88.31,68.91,3367013,164029,20.527,,40.1393104,15069.0,14394.0,0.9552060521600637,1.3123254823151311,63.73251633480773
342-U1410B,"342-U1410B-10H-4,96",342,U1410,B,10,H,4,96,81.76,88.33,6.57,6.57,88.33,68.93,2545524,270812,9.4,,40.1399345,22889.0,22530.0,0.9843156101183975,0.9731278535996987,51.98101448796156
342-U1410B,"342-U1410B-10H-4,98",342,U1410,B,10,H,4,98,81.78,88.35,6.57,6.57,88.35,68.95,2270280,328179,6.918,,40.1405586,26343.0,28170.0,1.0693542876665527,0.8399805576783427,47.36812642076619
342-U1410B,"342-U1410B-10H-4,100",342,U1410,B,10,H,4,100,81.8,88.37,6.57,6.57,88.37,68.97,2211966,346150,6.39,,40.1411827,27050.0,29374.0,1.0859149722735675,0.8055008581584001,46.17357723089778
342-U1410B,"342-U1410B-10H-4,102",342,U1410,B,10,H,4,102,81.82,88.39,6.57,6.57,88.39,68.99,1824922,483732,3.773,,40.1418069,27205.0,30986.0,1.1389818048152913,0.5766868052009956,38.24631436618849
342-U1410B,"342-U1410B-10H-4,104",342,U1410,B,10,H,4,104,81.84,88.41,6.57,6.57,88.41,69.01,2026431,438161,4.625,,40.142431,27052.0,30894.0,1.1420227709596333,0.6651117370750514,41.309796130965154
342-U1410B,"342-U1410B-10H-4,106",342,U1410,B,10,H,4,106,81.86,88.43,6.57,6.57,88.43,69.03,1970175,472436,4.17,,40.1430551,29031.0,32685.0,1.1258654541696806,0.6201360549737575,39.75161362456583
342-U1410B,"342-U1410B-10H-4,108",342,U1410,B,10,H,4,108,81.88,88.45,6.57,6.57,88.45,69.05,1945825,401774,4.843,,40.1436792,30953.0,34488.0,1.1142054081995283,0.6851144690465394,42.00279078011736
342-U1410B,"342-U1410B-10H-4,110",342,U1410,B,10,H,4,110,81.9,88.47,6.57,6.57,88.47,69.07,1761975,410744,4.29,,40.1443034,33189.0,37006.0,1.115007984573202,0.6324572921847242,40.178482887739776
342-U1410B,"342-U1410B-10H-4,112",342,U1410,B,10,H,4,112,81.92,88.49,6.57,6.57,88.49,69.09,1729421,456463,3.789,,40.1449275,31376.0,35097.0,1.1185938296787354,0.5785246052749932,38.309984949752135
342-U1410B,"342-U1410B-10H-4,114",342,U1410,B,10,H,4,114,81.94,88.51,6.57,6.57,88.51,69.11,1657524,496258,3.34,,40.1455516,31306.0,35283.0,1.1270363508592602,0.5237464668115644,36.412196342686656
342-U1410B,"342-U1410B-10H-4,116",342,U1410,B,10,H,4,116,81.96,88.53,6.57,6.57,88.53,69.13,1959505,419628,4.67,,40.1461758,30222.0,33008.0,1.0921845013566276,0.6693168805661122,41.45548332721296
342-U1410B,"342-U1410B-10H-4,118",342,U1410,B,10,H,4,118,81.98,88.55,6.57,6.57,88.55,69.15,1594448,500701,3.184,,40.1467999,32393.0,38553.0,1.190164541721977,0.5029730590656315,35.6925016313288
342-U1410B,"342-U1410B-10H-4,120",342,U1410,B,10,H,4,120,82.0,88.57,6.57,6.57,88.57,69.17,1667961,493375,3.381,,40.147424,31240.0,35039.0,1.121606914212548,0.529045170765769,36.595769941180066
342-U1410B,"342-U1410B-10H-4,122",342,U1410,B,10,H,4,122,82.02,88.59,6.57,6.57,88.59,69.19,1643342,447246,3.674,,40.1480482,33737.0,38667.0,1.146130361324362,0.5651391519697895,37.84624591999336
342-U1410B,"342-U1410B-10H-4,124",342,U1410,B,10,H,4,124,82.04,88.61,6.57,6.57,88.61,69.21,1712091,482247,3.55,,40.1486723,32320.0,35745.0,1.1059715346534653,0.5502283530550941,37.32966129159374
342-U1410B,"342-U1410B-10H-4,126",342,U1410,B,10,H,4,126,82.06,88.63,6.57,6.57,88.63,69.23,1698930,438283,3.876,,40.1492964,33127.0,36578.0,1.1041748422736741,0.5883837683787277,38.65155565548102
342-U1410B,"342-U1410B-10H-4,128",342,U1410,B,10,H,4,128,82.08,88.65,6.57,6.57,88.65,69.25,1777299,436126,4.075,,40.1499205,30971.0,35245.0,1.1380000645765393,0.6101276130759954,39.40487115501786
342-U1410B,"342-U1410B-10H-4,130",342,U1410,B,10,H,4,130,82.1,88.67,6.57,6.57,88.67,69.27,1755634,434022,4.045,,40.1505447,31642.0,34424.0,1.0879211175020542,0.6069185259482911,39.293692331478546
342-U1410B,"342-U1410B-10H-4,132",342,U1410,B,10,H,4,132,82.12,88.69,6.57,6.57,88.69,69.29,1808818,434482,4.163,,40.1511688,32344.0,35850.0,1.1083972297798665,0.6194064108867774,39.7263351051724
342-U1410B,"342-U1410B-10H-4,134",342,U1410,B,10,H,4,134,82.14,88.71,6.57,6.57,88.71,69.31,1992718,406154,4.906,,40.1517929,30025.0,32718.0,1.089691923397169,0.6907275438703668,42.19725575738886
342-U1410B,"342-U1410B-10H-4,136",342,U1410,B,10,H,4,136,82.16,88.73,6.57,6.57,88.73,69.33,2074874,392305,5.289,,40.152417,30270.0,31304.0,1.0341592335645855,0.7233735670189845,43.328277229372716
342-U1410B,"342-U1410B-10H-4,138",342,U1410,B,10,H,4,138,82.18,88.75,6.57,6.57,88.75,69.35,2193022,402267,5.452,,40.1530412,29020.0,30736.0,1.059131633356306,0.7365558471626359,43.78497732494952
342-U1410B,"342-U1410B-10H-4,140",342,U1410,B,10,H,4,140,82.2,88.77,6.57,6.57,88.77,69.37,2024529,427720,4.733,,40.1536653,30799.0,31963.0,1.037793434851781,0.675136504467994,41.657104197293656
342-U1410B,"342-U1410B-10H-4,142",342,U1410,B,10,H,4,142,82.22,88.79,6.57,6.57,88.79,69.39,2194537,411526,5.333,,40.1542894,30301.0,29928.0,0.9876901752417412,0.7269715836828766,43.45293051669326
342-U1410B,"342-U1410B-10H-4,144",342,U1410,B,10,H,4,144,82.24,88.81,6.57,6.57,88.81,69.41,2312076,382286,6.048,,40.1549136,28007.0,26711.0,0.953725854250723,0.7816117824931501,45.345940204475184
342-U1410B,"342-U1410B-10H-4,146",342,U1410,B,10,H,4,146,82.26,88.83,6.57,6.57,88.83,69.43,2300050,356368,6.454,,40.1555377,28837.0,27907.0,0.9677497659257204,0.8098289610678862,46.32352435619691
342-U1410B,"342-U1410B-10H-4,148",342,U1410,B,10,H,4,148,82.28,88.85,6.57,6.57,88.85,69.45,2448852,341408,7.173,,40.1561618,27811.0,26410.0,0.9496242493977203,0.8557008308354372,47.91275528429372
342-U1410B,"342-U1410B-10H-4,150",342,U1410,B,10,H,4,150,82.3,88.87,6.57,6.57,88.87,69.47,175830,20911,8.408,,40.1567859,959.0,990.0,1.032325338894682,0.9246927030201858,50.302978696134346
342-U1410B,"342-U1410B-10H-5,2",342,U1410,B,10,H,5,2,82.32,88.89,6.57,6.57,88.89,69.49,3009075,223786,13.446,,40.1574101,17545.0,16170.0,0.9216300940438872,1.1285931069187047,57.36710818919853
342-U1410B,"342-U1410B-10H-5,4",342,U1410,B,10,H,5,4,82.34,88.91,6.57,6.57,88.91,69.51,3421052,217172,15.753,,40.1580342,18189.0,15215.0,0.8364945846390676,1.1973632730067194,59.749650593317796
342-U1410B,"342-U1410B-10H-5,6",342,U1410,B,10,H,5,6,82.36,88.93,6.57,6.57,88.93,69.53,3481601,208451,16.702,,40.1586583,15494.0,14427.0,0.9311346327610688,1.22276847934858,60.62981396703155
342-U1410B,"342-U1410B-10H-5,8",342,U1410,B,10,H,5,8,82.38,88.95,6.57,6.57,88.95,69.55,4196341,116734,35.948,,40.1592824,9888.0,8211.0,0.8304004854368932,1.555674733018603,72.1633511254295
342-U1410B,"342-U1410B-10H-5,10",342,U1410,B,10,H,5,10,82.4,88.97,6.57,6.57,88.97,69.57,4340829,98807,43.932,,40.1599066,8254.0,5662.0,0.6859704385752362,1.642780974929156,75.18114687642061
342-U1410B,"342-U1410B-10H-5,12",342,U1410,B,10,H,5,12,82.42,88.99,6.57,6.57,88.99,69.59,4240626,96482,43.953,,40.1605307,6265.0,6173.0,0.9853152434158021,1.6429885230726058,75.18833738185043
342-U1410B,"342-U1410B-10H-5,14",342,U1410,B,10,H,5,14,82.44,89.01,6.57,6.57,89.01,69.61,4458236,73696,60.495,,40.1611548,6021.0,4969.0,0.8252781929911974,1.7817194810633,79.99467142143803
342-U1410B,"342-U1410B-10H-5,16",342,U1410,B,10,H,5,16,82.46,89.03,6.57,6.57,89.03,69.63,4367612,86641,50.41,,40.161779,6706.0,5223.0,0.7788547569340889,1.7025166974381505,77.25069098274473
342-U1410B,"342-U1410B-10H-5,18",342,U1410,B,10,H,5,18,82.48,89.05,6.57,6.57,89.05,69.65,4411780,88665,49.758,,40.1624031,6825.0,5142.0,0.7534065934065934,1.696862915765965,77.05481571671186
342-U1410B,"342-U1410B-10H-5,20",342,U1410,B,10,H,5,20,82.5,89.07,6.57,6.57,89.07,69.67,4285717,102895,41.651,,40.1630272,8113.0,7300.0,0.8997904597559473,1.6196254328560926,74.37892312129934
342-U1410B,"342-U1410B-10H-5,22",342,U1410,B,10,H,5,22,82.52,89.09,6.57,6.57,89.09,69.69,4121565,113772,36.227,,40.1636514,9110.0,7497.0,0.8229418221734358,1.5590323710924758,72.27967649649882
342-U1410B,"342-U1410B-10H-5,24",342,U1410,B,10,H,5,24,82.54,89.11,6.57,6.57,89.11,69.71,3765449,152202,24.74,,40.1642755,13628.0,10539.0,0.7733343117111828,1.3933996952931018,66.54133244342951
342-U1410B,"342-U1410B-10H-5,26",342,U1410,B,10,H,5,26,82.56,89.13,6.57,6.57,89.13,69.73,3522266,180358,19.529,,40.1648996,15095.0,13363.0,0.8852600198741305,1.2906800054178629,62.982608787701864
342-U1410B,"342-U1410B-10H-5,28",342,U1410,B,10,H,5,28,82.58,89.15,6.57,6.57,89.15,69.75,2928746,264345,11.079,,40.1655237,22682.0,19771.0,0.8716603474120448,1.0445005623706412,54.453721983330865
342-U1410B,"342-U1410B-10H-5,30",342,U1410,B,10,H,5,30,82.6,89.17,6.57,6.57,89.17,69.77,2758787,287027,9.612,,40.1661479,23652.0,22359.0,0.9453323186199899,0.9828137621318624,52.31658278905837
342-U1410B,"342-U1410B-10H-5,32",342,U1410,B,10,H,5,32,82.62,89.19,6.57,6.57,89.19,69.79,3490025,179652,19.427,,40.166772,16367.0,15000.0,0.9164782794647767,1.288405740175751,62.9038168683889
342-U1410B,"342-U1410B-10H-5,34",342,U1410,B,10,H,5,34,82.64,89.21,6.57,6.57,89.21,69.81,2175044,365092,5.958,,40.1673961,29304.0,29421.0,1.003992628992629,0.7751004988790248,45.120356783663816
342-U1410B,"342-U1410B-10H-5,36",342,U1410,B,10,H,5,36,82.66,89.23,6.57,6.57,89.23,69.83,2170899,363584,5.971,,40.1680202,28680.0,29473.0,1.027649930264993,0.7760470711817798,45.15315078109276
342-U1410B,"342-U1410B-10H-5,38",342,U1410,B,10,H,5,38,82.68,89.25,6.57,6.57,89.25,69.85,1999003,435714,4.588,,40.1686444,30611.0,32324.0,1.0559602757178792,0.66162340922923,41.18894301274668
342-U1410B,"342-U1410B-10H-5,40",342,U1410,B,10,H,5,40,82.7,89.27,6.57,6.57,89.27,69.87,1799157,513918,3.501,,40.1692685,29876.0,33159.0,1.109887535145267,0.5441921107650326,37.120535677454555
342-U1410B,"342-U1410B-10H-5,42",342,U1410,B,10,H,5,42,82.72,89.29,6.57,6.57,89.29,69.89,1906314,436059,4.372,,40.1698926,31442.0,34331.0,1.0918834679727754,0.6406801532776651,40.46336391030471
342-U1410B,"342-U1410B-10H-5,44",342,U1410,B,10,H,5,44,82.74,89.31,6.57,6.57,89.31,69.91,1813115,452885,4.003,,40.1705168,32530.0,35774.0,1.0997233323086382,0.6023855901051052,39.13664876919137
342-U1410B,"342-U1410B-10H-5,46",342,U1410,B,10,H,5,46,82.76,89.33,6.57,6.57,89.33,69.93,1865035,463500,4.024,,40.1711409,32831.0,35461.0,1.0801072157412202,0.604657972047871,39.215375441598496
342-U1410B,"342-U1410B-10H-5,48",342,U1410,B,10,H,5,48,82.78,89.35,6.57,6.57,89.35,69.95,1858804,458144,4.057,,40.171765,34239.0,35895.0,1.0483658985367563,0.6082050077043262,39.33826249191638
342-U1410B,"342-U1410B-10H-5,50",342,U1410,B,10,H,5,50,82.8,89.37,6.57,6.57,89.37,69.97,1900017,489130,3.884,,40.1723891,30948.0,32626.0,1.0542199819051312,0.5892792212359672,38.68257861972009
342-U1410B,"342-U1410B-10H-5,52",342,U1410,B,10,H,5,52,82.82,89.39,6.57,6.57,89.39,69.99,1941832,500693,3.878,,40.1730133,28094.0,30661.0,1.0913718231650886,0.5886078047426866,38.65931739531038
342-U1410B,"342-U1410B-10H-5,54",342,U1410,B,10,H,5,54,82.84,89.41,6.57,6.57,89.41,70.01,3105967,228342,13.602,,40.1736374,19972.0,17498.0,0.8761265772080913,1.133602770510161,57.54066798432453
342-U1410B,"342-U1410B-10H-5,56",342,U1410,B,10,H,5,56,82.86,89.43,6.57,6.57,89.43,70.03,3531791,187103,18.876,,40.1742615,14742.0,13236.0,0.8978428978428978,1.2759099686709117,62.470900864603735
342-U1410B,"342-U1410B-10H-5,58",342,U1410,B,10,H,5,58,82.88,89.45,6.57,6.57,89.45,70.05,4081270,142998,28.541,,40.1748857,8723.0,8580.0,0.9836065573770492,1.4554691855576596,68.69172993364512
342-U1410B,"342-U1410B-10H-5,60",342,U1410,B,10,H,5,60,82.9,89.47,6.57,6.57,89.47,70.07,4091361,141117,28.993,,40.1755098,9403.0,7941.0,0.8445177071147506,1.4622931555425307,68.92814637377099
342-U1410B,"342-U1410B-10H-5,62",342,U1410,B,10,H,5,62,82.92,89.49,6.57,6.57,89.49,70.09,3928133,154626,25.404,,40.1761339,10598.0,8689.0,0.819871673900736,1.4049021040670369,66.9398333954025
342-U1410B,"342-U1410B-10H-5,64",342,U1410,B,10,H,5,64,82.94,89.51,6.57,6.57,89.51,70.11,4031897,115248,34.985,,40.176758,7623.0,5774.0,0.7574445756263938,1.5438818782481594,71.75478767190748
342-U1410B,"342-U1410B-10H-5,66",342,U1410,B,10,H,5,66,82.96,89.53,6.57,6.57,89.53,70.13,4379866,104102,42.073,,40.1773822,8364.0,5264.0,0.6293639406982305,1.6240034803315624,74.53060057608698
342-U1410B,"342-U1410B-10H-5,68",342,U1410,B,10,H,5,68,82.98,89.55,6.57,6.57,89.55,70.15,4406392,90793,48.532,,40.1780063,7284.0,4672.0,0.6414058209774849,1.686028188926378,76.67944660535437
342-U1410B,"342-U1410B-10H-5,70",342,U1410,B,10,H,5,70,83.0,89.57,6.57,6.57,89.57,70.17,4355615,102038,42.686,,40.1786304,7776.0,6000.0,0.7716049382716049,1.6302854600436187,74.74823976321117
342-U1410B,"342-U1410B-10H-5,72",342,U1410,B,10,H,5,72,83.02,89.59,6.57,6.57,89.59,70.19,4438039,99886,44.431,,40.1792546,8033.0,5478.0,0.681937009834433,1.647686087933524,75.35108451645695
342-U1410B,"342-U1410B-10H-5,74",342,U1410,B,10,H,5,74,83.04,89.61,6.57,6.57,89.61,70.21,3449393,200956,17.165,,40.1798787,12728.0,10743.0,0.8440446260213702,1.234643807761769,61.041234719906484
342-U1410B,"342-U1410B-10H-5,76",342,U1410,B,10,H,5,76,83.06,89.63,6.57,6.57,89.63,70.23,1566398,516674,3.032,,40.1805028,22538.0,26389.0,1.1708669802111988,0.4817291969600159,34.95650802867975
342-U1410B,"342-U1410B-10H-5,78",342,U1410,B,10,H,5,78,83.08,89.65,6.57,6.57,89.65,70.25,1320271,659662,2.001,,40.1811269,25827.0,29358.0,1.1367173887791846,0.30124708863621136,28.70370538580154
342-U1410B,"342-U1410B-10H-5,80",342,U1410,B,10,H,5,80,83.1,89.67,6.57,6.57,89.67,70.27,584579,916796,0.638,,40.1817511,31603.0,40982.0,1.2967756225674778,-0.19517932127883766,11.505012414294669
342-U1410B,"342-U1410B-10H-5,82",342,U1410,B,10,H,5,82,83.12,89.69,6.57,6.57,89.69,70.29,2432128,484346,5.021,,40.1823752,19871.0,19032.0,0.9577776659453475,0.7007902213743469,42.54587721951425
342-U1410B,"342-U1410B-10H-5,84",342,U1410,B,10,H,5,84,83.14,89.71,6.57,6.57,89.71,70.31,3303449,283385,11.657,,40.1829993,14323.0,11547.0,0.8061858549186622,1.0665867964706945,55.21889956372722
342-U1410B,"342-U1410B-10H-5,86",342,U1410,B,10,H,5,86,83.16,89.73,6.57,6.57,89.73,70.33,2777369,361703,7.679,,40.183639,17463.0,16381.0,0.9380404283341923,0.885304667588968,48.9383802086198
342-U1410B,"342-U1410B-10H-5,88",342,U1410,B,10,H,5,88,83.18,89.75,6.57,6.57,89.75,70.35,1197519,722386,1.658,,40.1843,25369.0,31841.0,1.2551145098348377,0.21958452621425473,25.874505910692854
342-U1410B,"342-U1410B-10H-5,90",342,U1410,B,10,H,5,90,83.2,89.77,6.57,6.57,89.77,70.37,1444161,699353,2.065,,40.184961,23088.0,27389.0,1.186287248787249,0.3149200559924198,29.177405339857383
342-U1410B,"342-U1410B-10H-5,92",342,U1410,B,10,H,5,92,83.22,89.79,6.57,6.57,89.79,70.39,2734398,408350,6.696,,40.185622,15983.0,14604.0,0.9137208283801539,0.8258154449852035,46.877376091512375
342-U1410B,"342-U1410B-10H-5,94",342,U1410,B,10,H,5,94,83.24,89.81,6.57,6.57,89.81,70.41,3445978,311510,11.062,,40.1862831,12963.0,12047.0,0.9293373447504436,1.0438336541331468,54.43061694744287
342-U1410B,"342-U1410B-10H-5,96",342,U1410,B,10,H,5,96,83.26,89.83,6.57,6.57,89.83,70.43,3877361,225773,17.174,,40.1869441,10659.0,9122.0,0.8558026081245895,1.2348714585627023,61.04912168190482
342-U1410B,"342-U1410B-10H-5,98",342,U1410,B,10,H,5,98,83.28,89.85,6.57,6.57,89.85,70.45,3923367,205928,19.052,,40.1876051,10534.0,7849.0,0.7451110689196886,1.2799405728395528,62.61054114602631
342-U1410B,"342-U1410B-10H-5,100",342,U1410,B,10,H,5,100,83.3,89.87,6.57,6.57,89.87,70.47,3776546,218669,17.271,,40.1882661,10299.0,7751.0,0.7525973395475288,1.2373174841747965,61.133864239235834
342-U1410B,"342-U1410B-10H-5,102",342,U1410,B,10,H,5,102,83.32,89.89,6.57,6.57,89.89,70.49,3675332,252636,14.548,,40.1889272,11655.0,9449.0,0.8107250107250107,1.1628032923826743,58.55232006459775
342-U1410B,"342-U1410B-10H-5,104",342,U1410,B,10,H,5,104,83.34,89.91,6.57,6.57,89.91,70.51,3901718,229753,16.982,,40.1895882,10904.0,7735.0,0.7093727072633896,1.229988836544811,60.87996324209499
342-U1410B,"342-U1410B-10H-5,106",342,U1410,B,10,H,5,106,83.36,89.93,6.57,6.57,89.93,70.53,3951519,233849,16.898,,40.1902492,10784.0,7463.0,0.692043768545994,1.2278353057755873,60.80535416859523
342-U1410B,"342-U1410B-10H-5,108",342,U1410,B,10,H,5,108,83.38,89.95,6.57,6.57,89.95,70.55,3988561,214401,18.603,,40.1909103,10114.0,7142.0,0.7061498912398655,1.2695829860666132,62.25170255227782
342-U1410B,"342-U1410B-10H-5,110",342,U1410,B,10,H,5,110,83.4,89.97,6.57,6.57,89.97,70.57,3341814,315671,10.586,,40.1915713,12211.0,12139.0,0.9941036770125297,1.024731889655249,53.76883631710611
342-U1410B,"342-U1410B-10H-5,112",342,U1410,B,10,H,5,112,83.42,89.99,6.57,6.57,89.99,70.59,3126092,328877,9.505,,40.1922323,12474.0,13838.0,1.1093474426807761,0.977952121201462,52.148151239024656
342-U1410B,"342-U1410B-10H-5,114",342,U1410,B,10,H,5,114,83.44,90.01,6.57,6.57,90.01,70.61,3927059,201497,19.489,,40.1928933,9962.0,8531.0,0.8563541457538647,1.2897895556069106,62.95175915400142
342-U1410B,"342-U1410B-10H-5,116",342,U1410,B,10,H,5,116,83.46,90.03,6.57,6.57,90.03,70.63,4066695,190714,21.324,,40.1935544,9278.0,8475.0,0.91345117482216,1.3288686738529263,64.30565520563464
342-U1410B,"342-U1410B-10H-5,118",342,U1410,B,10,H,5,118,83.48,90.05,6.57,6.57,90.05,70.65,3999058,188638,21.2,,40.1942154,9918.0,8207.0,0.827485380116959,1.3263358609287514,64.21790590187659
342-U1410B,"342-U1410B-10H-5,120",342,U1410,B,10,H,5,120,83.5,90.07,6.57,6.57,90.07,70.67,4108101,185837,22.106,,40.1948764,9523.0,7428.0,0.7800063005355455,1.3445101656865324,64.84755469020992
342-U1410B,"342-U1410B-10H-5,122",342,U1410,B,10,H,5,122,83.52,90.09,6.57,6.57,90.09,70.69,4276767,183329,23.328,,40.1955375,8999.0,7282.0,0.8092010223358151,1.3678775066378805,65.65711621746938
342-U1410B,"342-U1410B-10H-5,124",342,U1410,B,10,H,5,124,83.54,90.11,6.57,6.57,90.11,70.71,4210681,141544,29.748,,40.1961985,7074.0,5693.0,0.8047780605032513,1.4734577728154463,69.31494453919115
342-U1410B,"342-U1410B-10H-5,126",342,U1410,B,10,H,5,126,83.56,90.13,6.57,6.57,90.13,70.73,3977788,179526,22.157,,40.1968595,8770.0,8332.0,0.9500570125427594,1.34551095769695,64.88222712941084
342-U1410B,"342-U1410B-10H-5,128",342,U1410,B,10,H,5,128,83.58,90.15,6.57,6.57,90.15,70.75,4017035,176732,22.73,,40.1975205,8620.0,7412.0,0.859860788863109,1.3565994357249709,65.26638745069162
342-U1410B,"342-U1410B-10H-5,130",342,U1410,B,10,H,5,130,83.6,90.17,6.57,6.57,90.17,70.77,3743899,225584,16.596,,40.1981816,10319.0,10397.0,1.0075588719837194,1.2200034261569355,60.53401869920704
342-U1410B,"342-U1410B-10H-5,132",342,U1410,B,10,H,5,132,83.62,90.19,6.57,6.57,90.19,70.79,1888449,520248,3.63,,40.1988426,21983.0,27471.0,1.2496474548514762,0.5599066250361125,37.664965024376116
342-U1410B,"342-U1410B-10H-5,134",342,U1410,B,10,H,5,134,83.64,90.21,6.57,6.57,90.21,70.81,2911094,341417,8.527,,40.1995036,14717.0,14087.0,0.9571923625738942,0.9307962629833002,50.51443653105643
342-U1410B,"342-U1410B-10H-5,136",342,U1410,B,10,H,5,136,83.66,90.23,6.57,6.57,90.23,70.83,1929792,593249,3.253,,40.2001646,23123.0,28138.0,1.2168836223673398,0.5122840632818536,36.01508137239982
342-U1410B,"342-U1410B-10H-5,138",342,U1410,B,10,H,5,138,83.68,90.25,6.57,6.57,90.25,70.85,2863474,434190,6.595,,40.2008257,16775.0,15246.0,0.9088524590163934,0.8192147998823841,46.6486967419252
342-U1410B,"342-U1410B-10H-5,140",342,U1410,B,10,H,5,140,83.7,90.27,6.57,6.57,90.27,70.87,3562446,305117,11.676,,40.2014867,12932.0,10307.0,0.7970151562016703,1.0672940863159768,55.24340362041701
342-U1410B,"342-U1410B-10H-5,142",342,U1410,B,10,H,5,142,83.72,90.29,6.57,6.57,90.29,70.89,3390832,324342,10.454,,40.2021477,12030.0,10583.0,0.8797173732335827,1.0192824957617317,53.5800420656652
342-U1410B,"342-U1410B-10H-5,144",342,U1410,B,10,H,5,144,83.74,90.31,6.57,6.57,90.31,70.91,4010254,212858,18.84,,40.2028088,9405.0,7061.0,0.7507708665603402,1.2750808984568585,62.44217772703786
342-U1410B,"342-U1410B-10H-5,146",342,U1410,B,10,H,5,146,83.76,90.33,6.57,6.57,90.33,70.93,4092030,205561,19.907,,40.2034698,9275.0,6150.0,0.6630727762803235,1.299005816450637,63.271056510932326
342-U1410B,"342-U1410B-10H-5,148",342,U1410,B,10,H,5,148,83.78,90.35,6.57,6.57,90.35,70.95,4031950,196345,20.535,,40.2041308,8951.0,6738.0,0.7527650541838901,1.3124947071896713,63.73837913058617
342-U1410B,"342-U1410B-10H-6,2",342,U1410,B,10,H,6,2,83.82,90.39,6.57,6.57,90.39,70.99,4132664,188050,21.976,,40.2054529,8531.0,6968.0,0.8167858398780916,1.3419486464125054,64.75881085496125
342-U1410B,"342-U1410B-10H-6,4",342,U1410,B,10,H,6,4,83.84,90.41,6.57,6.57,90.41,71.01,4135381,182398,22.672,,40.2061139,7864.0,5600.0,0.7121057985757884,1.355489832903385,65.22794526093779
342-U1410B,"342-U1410B-10H-6,6",342,U1410,B,10,H,6,6,83.86,90.43,6.57,6.57,90.43,71.03,4258115,159949,26.622,,40.2067749,7992.0,5773.0,0.7223473473473474,1.4252406791001986,67.64446332742638
342-U1410B,"342-U1410B-10H-6,8",342,U1410,B,10,H,6,8,83.88,90.45,6.57,6.57,90.45,71.05,4025352,173993,23.135,,40.2074359,8183.0,7049.0,0.8614200171086399,1.3642695038359158,65.53211696039531
342-U1410B,"342-U1410B-10H-6,10",342,U1410,B,10,H,6,10,83.9,90.47,6.57,6.57,90.47,71.07,2147624,534641,4.017,,40.208097,21991.0,27233.0,1.2383702423718794,0.6039018317316714,39.18917896034376
342-U1410B,"342-U1410B-10H-6,12",342,U1410,B,10,H,6,12,83.92,90.49,6.57,6.57,90.49,71.09,3332117,366026,9.103,,40.208758,11999.0,13739.0,1.1450120843403617,0.9591845427311915,51.497948482922126
342-U1410B,"342-U1410B-10H-6,14",342,U1410,B,10,H,6,14,83.94,90.51,6.57,6.57,90.51,71.11,3890002,218269,17.822,,40.209419,9123.0,7747.0,0.8491724213526253,1.2509564393318935,61.60638584065346
342-U1410B,"342-U1410B-10H-6,16",342,U1410,B,10,H,6,16,83.96,90.53,6.57,6.57,90.53,71.13,3832043,241135,15.892,,40.2100801,9627.0,8838.0,0.9180430040511063,1.2011785563833253,59.8818310859003
342-U1410B,"342-U1410B-10H-6,18",342,U1410,B,10,H,6,18,83.98,90.55,6.57,6.57,90.55,71.15,3757758,270713,13.881,,40.2107411,10549.0,8881.0,0.8418807469902361,1.1424207542195595,57.84616702993664
342-U1410B,"342-U1410B-10H-6,20",342,U1410,B,10,H,6,20,84.0,90.57,6.57,6.57,90.57,71.17,3791937,270274,14.03,,40.2114021,10612.0,8430.0,0.7943837165473049,1.14705767102836,58.00681301277753
342-U1410B,"342-U1410B-10H-6,22",342,U1410,B,10,H,6,22,84.02,90.59,6.57,6.57,90.59,71.19,3719169,276497,13.451,,40.2120631,10596.0,8777.0,0.8283314458286146,1.1287545726906891,57.37270217086893
342-U1410B,"342-U1410B-10H-6,24",342,U1410,B,10,H,6,24,84.04,90.61,6.57,6.57,90.61,71.21,3675382,265346,13.851,,40.2127242,10439.0,9160.0,0.8774786856978638,1.1414811292708036,57.813613723587
342-U1410B,"342-U1410B-10H-6,26",342,U1410,B,10,H,6,26,84.06,90.63,6.57,6.57,90.63,71.23,3550134,260103,13.649,,40.2133852,11083.0,9063.0,0.817738879364793,1.1351008337657196,57.59256838581335
342-U1410B,"342-U1410B-10H-6,28",342,U1410,B,10,H,6,28,84.08,90.65,6.57,6.57,90.65,71.25,3753923,244008,15.384,,40.2140462,10622.0,8569.0,0.8067218979476558,1.1870692712304234,59.39301490177802
342-U1410B,"342-U1410B-10H-6,30",342,U1410,B,10,H,6,30,84.1,90.67,6.57,6.57,90.67,71.27,3730186,244547,15.253,,40.2147072,10120.0,8446.0,0.8345849802371541,1.1833552702605123,59.26434333817545
342-U1410B,"342-U1410B-10H-6,32",342,U1410,B,10,H,6,32,84.12,90.69,6.57,6.57,90.69,71.29,2941231,252016,11.671,,40.2153683,13513.0,11892.0,0.8800414415747798,1.0671080690595658,55.236959052568665
342-U1410B,"342-U1410B-10H-6,34",342,U1410,B,10,H,6,34,84.14,90.71,6.57,6.57,90.71,71.31,814709,710631,1.146,,40.2160293,34388.0,45360.0,1.3190647900430383,0.05918461763137114,20.317451077838854
342-U1410B,"342-U1410B-10H-6,36",342,U1410,B,10,H,6,36,84.16,90.73,6.57,6.57,90.73,71.33,858525,781858,1.098,,40.2166903,35577.0,46543.0,1.3082328470641145,0.04060234011407314,19.673668073252063
342-U1410B,"342-U1410B-10H-6,38",342,U1410,B,10,H,6,38,84.18,90.75,6.57,6.57,90.75,71.35,1068798,700486,1.526,,40.2173514,32530.0,41946.0,1.289455886873655,0.18355453361886168,24.626246817225464
342-U1410B,"342-U1410B-10H-6,40",342,U1410,B,10,H,6,40,84.2,90.77,6.57,6.57,90.77,71.37,802016,750972,1.068,,40.2180124,31691.0,44751.0,1.4121043829478401,0.028571252692537637,19.256851049532965
342-U1410B,"342-U1410B-10H-6,42",342,U1410,B,10,H,6,42,84.22,90.79,6.57,6.57,90.79,71.39,714057,924715,0.772,,40.2186734,30290.0,42032.0,1.3876526906569826,-0.11238269966426384,14.373501370131578
342-U1410B,"342-U1410B-10H-6,44",342,U1410,B,10,H,6,44,84.24,90.81,6.57,6.57,90.81,71.41,797526,890852,0.895,,40.2193344,31028.0,43233.0,1.3933543895836018,-0.04817696468408802,16.597909058519768
342-U1410B,"342-U1410B-10H-6,46",342,U1410,B,10,H,6,46,84.26,90.83,6.57,6.57,90.83,71.43,3819258,234559,16.283,,40.2199955,8932.0,10349.0,1.1586430810568742,1.2117344228760272,60.247539080539966
342-U1410B,"342-U1410B-10H-6,48",342,U1410,B,10,H,6,48,84.28,90.85,6.57,6.57,90.85,71.45,3782228,200994,18.818,,40.2206565,8757.0,7698.0,0.8790681740322028,1.274573464196471,62.42459766708674
342-U1410B,"342-U1410B-10H-6,50",342,U1410,B,10,H,6,50,84.3,90.87,6.57,6.57,90.87,71.47,3902264,205994,18.944,,40.2213175,8544.0,6778.0,0.7933052434456929,1.2774716850428258,62.52500652830871
342-U1410B,"342-U1410B-10H-6,52",342,U1410,B,10,H,6,52,84.32,90.89,6.57,6.57,90.89,71.49,3461808,271343,12.758,,40.2219786,11520.0,10963.0,0.9516493055555556,1.1057825978144415,56.576838101281325
342-U1410B,"342-U1410B-10H-6,54",342,U1410,B,10,H,6,54,84.34,90.91,6.57,6.57,90.91,71.51,3388978,286678,11.822,,40.2226396,13418.0,13318.0,0.9925473244894917,1.0726909550128685,55.43037813642083
342-U1410B,"342-U1410B-10H-6,56",342,U1410,B,10,H,6,56,84.36,90.93,6.57,6.57,90.93,71.53,3180241,306702,10.369,,40.2233006,13234.0,12500.0,0.944536799153695,1.0157368744774502,53.45720401627126
342-U1410B,"342-U1410B-10H-6,58",342,U1410,B,10,H,6,58,84.38,90.95,6.57,6.57,90.95,71.55,3361076,301767,11.138,,40.2239616,13248.0,11596.0,0.8753019323671497,1.0468072135537403,54.53363591356934
342-U1410B,"342-U1410B-10H-6,60",342,U1410,B,10,H,6,60,84.4,90.97,6.57,6.57,90.97,71.57,3104923,342663,9.061,,40.2246227,14944.0,13579.0,0.9086589935760171,0.9571761304048462,51.4283670378759
342-U1410C,"342-U1410C-10H-1,144",342,U1410,C,10,H,1,144,84.24,90.97,6.73,6.73,90.97,71.57,2681427,269511,9.949,,40.2246227,10173.0,10242.0,1.0067826599823062,0.997779430865604,52.83506838233885
342-U1410C,"342-U1410C-10H-1,146",342,U1410,C,10,H,1,146,84.26,90.99,6.73,6.73,90.99,71.59,2181405,322819,6.757,,40.2252837,12640.0,14823.0,1.1727056962025317,0.8297539189249751,47.01382452115577
342-U1410C,"342-U1410C-10H-1,148",342,U1410,C,10,H,1,148,84.28,91.01,6.73,6.73,91.01,71.61,2216311,366954,6.04,,40.2259447,16604.0,19201.0,1.1564080944350759,0.7810369386211319,45.326024738529114
342-U1410C,"342-U1410C-10H-2,2",342,U1410,C,10,H,2,2,84.32,91.05,6.73,6.73,91.05,71.65,1965335,417838,4.704,,40.2272668,21847.0,23061.0,1.055568270243054,0.672467313068082,41.564630061243705
342-U1410C,"342-U1410C-10H-2,4",342,U1410,C,10,H,2,4,84.34,91.07,6.73,6.73,91.07,71.67,2190242,476828,4.593,,40.2279278,24694.0,25227.0,1.0215841904916174,0.6620964454179235,41.20533135150396
342-U1410C,"342-U1410C-10H-2,6",342,U1410,C,10,H,2,6,84.36,91.09,6.73,6.73,91.09,71.69,2170765,462810,4.69,,40.2285888,25044.0,26709.0,1.0664829899377097,0.6711728427150833,41.51978313586406
342-U1410C,"342-U1410C-10H-2,8",342,U1410,C,10,H,2,8,84.38,91.11,6.73,6.73,91.11,71.71,1532551,570168,2.688,,40.2292499,31509.0,37436.0,1.188104985877051,0.42942926438178763,33.14457686450703
342-U1410C,"342-U1410C-10H-2,10",342,U1410,C,10,H,2,10,84.4,91.13,6.73,6.73,91.13,71.73,1452470,605731,2.398,,40.2299109,32765.0,37767.0,1.1526629024874104,0.3798491787628299,31.426874798238245
342-U1410C,"342-U1410C-10H-2,12",342,U1410,C,10,H,2,12,84.42,91.15,6.73,6.73,91.15,71.75,1415641,628219,2.253,,40.2305719,31104.0,36844.0,1.1845421810699588,0.35276119172383086,30.48841148727212
342-U1410C,"342-U1410C-10H-2,14",342,U1410,C,10,H,2,14,84.44,91.17,6.73,6.73,91.17,71.77,1576083,595912,2.645,,40.2312329,31418.0,35872.0,1.1417658667006174,0.42242567637120454,32.90193755788038
342-U1410C,"342-U1410C-10H-2,16",342,U1410,C,10,H,2,16,84.46,91.19,6.73,6.73,91.19,71.79,1577244,627400,2.514,,40.231894,29867.0,35277.0,1.1811363712458567,0.40036527334993893,32.137654895208634
342-U1410C,"342-U1410C-10H-2,18",342,U1410,C,10,H,2,18,84.48,91.21,6.73,6.73,91.21,71.81,1461763,683642,2.138,,40.232555,28428.0,35441.0,1.2466934008723793,0.3300077008727592,29.700116796736744
342-U1410C,"342-U1410C-10H-2,20",342,U1410,C,10,H,2,20,84.5,91.23,6.73,6.73,91.23,71.83,1533227,637785,2.404,,40.233216,30766.0,35569.0,1.1561138919586555,0.3809344633307019,31.464474482092168
342-U1410C,"342-U1410C-10H-2,22",342,U1410,C,10,H,2,22,84.52,91.25,6.73,6.73,91.25,71.85,1323526,738600,1.792,,40.233877,28510.0,35543.0,1.2466853735531394,0.2533380053261064,27.043895194522957
342-U1410C,"342-U1410C-10H-2,24",342,U1410,C,10,H,2,24,84.54,91.27,6.73,6.73,91.27,71.87,1532577,612813,2.501,,40.2345381,30035.0,35727.0,1.1895122357249874,0.3981136917305025,32.059648850003256
342-U1410C,"342-U1410C-10H-2,26",342,U1410,C,10,H,2,26,84.56,91.29,6.73,6.73,91.29,71.89,1525952,597893,2.552,,40.2351991,29546.0,34297.0,1.160800108305693,0.4068806700491247,32.363380813851926
342-U1410C,"342-U1410C-10H-2,28",342,U1410,C,10,H,2,28,84.58,91.31,6.73,6.73,91.31,71.91,1423917,582259,2.446,,40.2358601,31960.0,39233.0,1.2275657071339174,0.3884564527002667,31.72507380380074
342-U1410C,"342-U1410C-10H-2,30",342,U1410,C,10,H,2,30,84.6,91.33,6.73,6.73,91.33,71.93,1258910,614673,2.048,,40.2365212,32756.0,39500.0,1.2058859445597754,0.3113299523037932,29.053026197564915
342-U1410C,"342-U1410C-10H-2,32",342,U1410,C,10,H,2,32,84.62,91.35,6.73,6.73,91.35,71.95,1263751,634612,1.991,,40.2371822,31145.0,38323.0,1.2304703804784074,0.2990712600274096,28.628323803649607
342-U1410C,"342-U1410C-10H-2,34",342,U1410,C,10,H,2,34,84.64,91.37,6.73,6.73,91.37,71.97,1189199,645933,1.841,,40.2378432,31442.0,37834.0,1.2032949557916164,0.2650537885040147,27.44978850272159
342-U1410C,"342-U1410C-10H-2,36",342,U1410,C,10,H,2,36,84.66,91.39,6.73,6.73,91.39,71.99,1169779,672707,1.739,,40.2385042,33228.0,42409.0,1.2763031178524136,0.24029958200271248,26.592179018483975
342-U1410C,"342-U1410C-10H-2,38",342,U1410,C,10,H,2,38,84.68,91.41,6.73,6.73,91.41,72.01,1071926,729870,1.469,,40.2391653,33863.0,44827.0,1.3237752118831763,0.16702179579025653,24.053470115153438
342-U1410C,"342-U1410C-10H-2,40",342,U1410,C,10,H,2,40,84.7,91.43,6.73,6.73,91.43,72.03,1020660,721846,1.414,,40.2398263,33902.0,45237.0,1.3343460562798655,0.1504494094608806,23.47931979077221
342-U1410C,"342-U1410C-10H-2,42",342,U1410,C,10,H,2,42,84.72,91.45,6.73,6.73,91.45,72.05,931770,722312,1.29,,40.2404873,34221.0,46269.0,1.352064521784869,0.11058971029924898,22.09838051331748
342-U1410C,"342-U1410C-10H-2,44",342,U1410,C,10,H,2,44,84.74,91.47,6.73,6.73,91.47,72.07,864007,748040,1.155,,40.2411483,33892.0,45815.0,1.351793933671663,0.06258198422816312,20.43515284358471
342-U1410C,"342-U1410C-10H-2,46",342,U1410,C,10,H,2,46,84.76,91.49,6.73,6.73,91.49,72.09,825758,756268,1.092,,40.2418094,34089.0,46703.0,1.3700313884244184,0.03822263836871846,19.59122330628425
342-U1410C,"342-U1410C-10H-2,48",342,U1410,C,10,H,2,48,84.78,91.51,6.73,6.73,91.51,72.11,886189,745374,1.189,,40.2424704,32976.0,45113.0,1.3680555555555556,0.0751818546186916,20.87167535326457
342-U1410C,"342-U1410C-10H-2,50",342,U1410,C,10,H,2,50,84.8,91.53,6.73,6.73,91.53,72.13,817683,782984,1.044,,40.2431314,34353.0,45649.0,1.3288213547579542,0.01870049866624337,18.914878776292
342-U1410C,"342-U1410C-10H-2,52",342,U1410,C,10,H,2,52,84.82,91.55,6.73,6.73,91.55,72.15,781845,745146,1.049,,40.2437925,37553.0,50055.0,1.3329161451814768,0.02077548819355783,18.98676678846581
342-U1410C,"342-U1410C-10H-2,54",342,U1410,C,10,H,2,54,84.84,91.57,6.73,6.73,91.57,72.17,853218,731528,1.166,,40.2444535,34706.0,45107.0,1.2996888146141878,0.06669855042299526,20.577771279404672
342-U1410C,"342-U1410C-10H-2,56",342,U1410,C,10,H,2,56,84.86,91.59,6.73,6.73,91.59,72.19,610320,775232,0.787,,40.2451145,37503.0,51412.0,1.370876996506946,-0.10402526764093542,14.663044602579792
342-U1410C,"342-U1410C-10H-2,58",342,U1410,C,10,H,2,58,84.88,91.61,6.73,6.73,91.61,72.21,476316,991684,0.48,,40.2457755,30085.0,44132.0,1.4669104204753198,-0.3187587626244128,7.223602668877218
342-U1410C,"342-U1410C-10H-2,60",342,U1410,C,10,H,2,60,84.9,91.63,6.73,6.73,91.63,72.23,511868,1267120,0.404,splice point 2,40.2464366,24650.0,33267.0,1.3495740365111561,-0.393618634889395,4.630082394256908
342-U1410C,"342-U1410C-11H-4,106",342,U1410,C,11,H,4,106,95.32,102.43,7.11,7.11,102.43,103.7,4266467,82470,51.734,splice point 3,41.0553524,9325.0,7286.0,0.7813404825737266,1.713776058744822,77.64077155521437
342-U1410C,"342-U1410C-11H-4,108",342,U1410,C,11,H,4,108,95.34,102.45,7.11,7.11,102.45,103.72,4198763,105887,39.653,,41.0558276,11408.0,9481.0,0.8310834502103787,1.5982760500182829,73.63927375288341
342-U1410C,"342-U1410C-11H-4,110",342,U1410,C,11,H,4,110,95.36,102.47,7.11,7.11,102.47,103.74,3704115,134684,27.502,,41.0563028,13061.0,11468.0,0.8780338412066457,1.4393642777350002,68.13377540212909
342-U1410C,"342-U1410C-11H-4,112",342,U1410,C,11,H,4,112,95.38,102.49,7.11,7.11,102.49,103.76,3405389,192097,17.727,,41.056778,18788.0,18871.0,1.0044177134341068,1.248635244699329,61.52596805260825
342-U1410C,"342-U1410C-11H-4,114",342,U1410,C,11,H,4,114,95.4,102.51,7.11,7.11,102.51,103.78,2690373,287991,9.342,,41.0572532,26334.0,25839.0,0.981203007518797,0.970439862951764,51.88788905196387
342-U1410C,"342-U1410C-11H-4,116",342,U1410,C,11,H,4,116,95.42,102.53,7.11,7.11,102.53,103.8,2392362,310502,7.705,,41.0577284,27104.0,28399.0,1.0477789256198347,0.8867726430544381,48.98923821862101
342-U1410C,"342-U1410C-11H-4,118",342,U1410,C,11,H,4,118,95.44,102.55,7.11,7.11,102.55,103.82,2580657,269128,9.589,,41.0582036,25626.0,25142.0,0.9811129321782565,0.9817733186277472,52.28053662385831
342-U1410C,"342-U1410C-11H-4,120",342,U1410,C,11,H,4,120,95.46,102.57,7.11,7.11,102.57,103.84,2430473,296280,8.203,,41.0586788,26991.0,26831.0,0.9940720981067763,0.913972711550971,49.93158459168339
342-U1410C,"342-U1410C-11H-4,122",342,U1410,C,11,H,4,122,95.48,102.59,7.11,7.11,102.59,103.86,1953412,367576,5.314,,41.059154,30239.0,32405.0,1.071629352822514,0.7254215500742587,43.39922960232269
342-U1410C,"342-U1410C-11H-4,124",342,U1410,C,11,H,4,124,95.5,102.61,7.11,7.11,102.61,103.88,1954233,357816,5.462,,41.0596291,29068.0,32239.0,1.1090890326131828,0.7373516958037145,43.81254950111969
342-U1410C,"342-U1410C-11H-4,126",342,U1410,C,11,H,4,126,95.52,102.63,7.11,7.11,102.63,103.9,1455508,551045,2.641,,41.0601044,25460.0,30818.0,1.2104477611940299,0.42176840120692405,32.879166259813886
342-U1410C,"342-U1410C-11H-4,128",342,U1410,C,11,H,4,128,95.54,102.65,7.11,7.11,102.65,103.92,1619391,445092,3.638,,41.0605795,29314.0,33687.0,1.1491778672306747,0.5608626947274648,37.69808805883302
342-U1410C,"342-U1410C-11H-4,130",342,U1410,C,11,H,4,130,95.56,102.67,7.11,7.11,102.67,103.94,1780213,467046,3.812,,41.0610547,24897.0,28898.0,1.160702092621601,0.5811528919662888,38.40104194217208
342-U1410C,"342-U1410C-11H-4,132",342,U1410,C,11,H,4,132,95.58,102.69,7.11,7.11,102.69,103.96,1845483,384441,4.8,,41.0615299,28831.0,31559.0,1.0946203739030904,0.6812412373755872,41.868602668877216
342-U1410C,"342-U1410C-11H-4,134",342,U1410,C,11,H,4,134,95.6,102.71,7.11,7.11,102.71,103.98,1801785,375408,4.8,,41.0620051,27974.0,29744.0,1.0632730392507328,0.6812412373755872,41.868602668877216
342-U1410C,"342-U1410C-11H-4,136",342,U1410,C,11,H,4,136,95.62,102.73,7.11,7.11,102.73,104.0,1801457,374405,4.812,,41.0624803,28678.0,30766.0,1.0728084245763303,0.6823256186678072,41.90617105874618
342-U1410C,"342-U1410C-11H-4,138",342,U1410,C,11,H,4,138,95.64,102.75,7.11,7.11,102.75,104.02,1735888,389108,4.461,,41.0629555,28583.0,31224.0,1.092397578980513,0.6494322232416166,40.76657937420581
342-U1410C,"342-U1410C-11H-4,140",342,U1410,C,11,H,4,140,95.66,102.77,7.11,7.11,102.77,104.04,1785433,363182,4.916,,41.0634307,28834.0,30761.0,1.0668308247208158,0.6916118742144165,42.22789338215846
342-U1410C,"342-U1410C-11H-4,142",342,U1410,C,11,H,4,142,95.68,102.79,7.11,7.11,102.79,104.06,1865794,347559,5.368,,41.0639059,28218.0,28933.0,1.0253384364589977,0.7298125071609357,43.55135431059062
342-U1410C,"342-U1410C-11H-4,144",342,U1410,C,11,H,4,144,95.7,102.81,7.11,7.11,102.81,104.08,1917596,344937,5.559,,41.0643811,26324.0,27339.0,1.0385579699133871,0.74499667403856,44.07740977206591
342-U1410C,"342-U1410C-11H-4,146",342,U1410,C,11,H,4,146,95.72,102.83,7.11,7.11,102.83,104.1,2007733,323814,6.2,,41.0648563,26341.0,26742.0,1.015223415967503,0.7923916894982539,45.71941008266701
342-U1410C,"342-U1410C-11H-4,148",342,U1410,C,11,H,4,148,95.74,102.85,7.11,7.11,102.85,104.12,2098417,358814,5.848,,41.0653315,28854.0,30858.0,1.0694531087544188,0.7670073639498041,44.83997012404096
342-U1410C,"342-U1410C-11H-4,150",342,U1410,C,11,H,4,150,95.76,102.87,7.11,7.11,102.87,104.14,2147591,319894,6.713,,41.0658067,23867.0,24912.0,1.043784304688482,0.8269166471849204,46.91552724172157
342-U1410C,"342-U1410C-11H-5,2",342,U1410,C,11,H,5,2,95.78,102.89,7.11,7.11,102.89,104.16,2454097,343574,7.143,,41.0662819,27809.0,26993.0,0.9706569815527347,0.8538806501245423,47.84969512356477
342-U1410C,"342-U1410C-11H-5,4",342,U1410,C,11,H,5,4,95.8,102.91,7.11,7.11,102.91,104.18,2608083,336170,7.758,,41.0667571,26630.0,25931.0,0.973751408186256,0.8897497752640376,49.09238096402258
342-U1410C,"342-U1410C-11H-5,6",342,U1410,C,11,H,5,6,95.82,102.93,7.11,7.11,102.93,104.2,2597083,329282,7.887,,41.0672323,27172.0,25997.0,0.9567569556896806,0.8969118408260252,49.340510725417644
342-U1410C,"342-U1410C-11H-5,8",342,U1410,C,11,H,5,8,95.84,102.95,7.11,7.11,102.95,104.22,2719345,319781,8.504,,41.0677075,26262.0,24494.0,0.9326783946386413,0.9296232515152403,50.47379754874551
342-U1410C,"342-U1410C-11H-5,10",342,U1410,C,11,H,5,10,95.86,102.97,7.11,7.11,102.97,104.24,2913352,288467,10.099,,41.0681827,23585.0,21880.0,0.9277082891668433,1.0042783722001625,53.06022420487463
342-U1410C,"342-U1410C-11H-5,12",342,U1410,C,11,H,5,12,95.88,102.99,7.11,7.11,102.99,104.26,3050556,290212,10.511,,41.0686579,24742.0,21303.0,0.8610055775604236,1.021644036087443,53.66185763024947
342-U1410C,"342-U1410C-11H-5,14",342,U1410,C,11,H,5,14,95.9,103.01,7.11,7.11,103.01,104.28,3214734,278784,11.531,,41.0691331,22798.0,20743.0,0.9098605140801824,1.0618669721385632,55.05538124974052
342-U1410C,"342-U1410C-11H-5,16",342,U1410,C,11,H,5,16,95.92,103.03,7.11,7.11,103.03,104.3,3203457,278507,11.502,,41.0696083,22106.0,19925.0,0.9013390029856148,1.0607733632617062,55.01749317020182
342-U1410C,"342-U1410C-11H-5,18",342,U1410,C,11,H,5,18,95.94,103.05,7.11,7.11,103.05,104.32,3249832,270490,12.015,,41.0700835,21399.0,18939.0,0.8850413570727604,1.079723775139919,55.67403018972249
342-U1410C,"342-U1410C-11H-5,20",342,U1410,C,11,H,5,20,95.96,103.07,7.11,7.11,103.07,104.34,3209533,268717,11.944,,41.0705587,20587.0,18837.0,0.9149948996939816,1.077149794716969,55.5848546379694
342-U1410C,"342-U1410C-11H-5,22",342,U1410,C,11,H,5,22,95.98,103.09,7.11,7.11,103.09,104.36,3306579,247347,13.368,,41.0710339,18297.0,17680.0,0.9662786249111877,1.126066436885335,57.27957170589244
342-U1410C,"342-U1410C-11H-5,24",342,U1410,C,11,H,5,24,96.0,103.11,7.11,7.11,103.11,104.38,3516840,254447,13.822,,41.0715091,17849.0,16496.0,0.9241974340299176,1.14057088863295,57.78207843668855
342-U1410C,"342-U1410C-11H-5,26",342,U1410,C,11,H,5,26,96.02,103.13,7.11,7.11,103.13,104.4,3352343,245519,13.654,,41.0719843,17457.0,16557.0,0.9484447499570373,1.1352598985156586,57.59807918407499
342-U1410C,"342-U1410C-11H-5,28",342,U1410,C,11,H,5,28,96.04,103.15,7.11,7.11,103.15,104.42,3152895,269078,11.717,,41.0724595,18845.0,17523.0,0.929848766250995,1.0688164299222198,55.29614521465531
342-U1410C,"342-U1410C-11H-5,30",342,U1410,C,11,H,5,30,96.06,103.17,7.11,7.11,103.17,104.44,3131414,307642,10.179,,41.0729347,19026.0,18612.0,0.978240302743614,1.0077051143647802,53.178943687167816
342-U1410C,"342-U1410C-11H-5,32",342,U1410,C,11,H,5,32,96.08,103.19,7.11,7.11,103.19,104.46,3025128,314888,9.607,,41.0734098,19184.0,18863.0,0.983267306088407,0.9825877907016625,52.3087540088591
342-U1410C,"342-U1410C-11H-5,34",342,U1410,C,11,H,5,34,96.1,103.21,7.11,7.11,103.21,104.48,3029975,292686,10.352,,41.0738851,20806.0,19850.0,0.9540517158511967,1.0150242633246251,53.43251560288164
342-U1410C,"342-U1410C-11H-5,36",342,U1410,C,11,H,5,36,96.12,103.23,7.11,7.11,103.23,104.5,2721360,315184,8.634,,41.0743602,22663.0,22742.0,1.0034858580064423,0.9362120443202488,50.70206627547502
342-U1410C,"342-U1410C-11H-5,38",342,U1410,C,11,H,5,38,96.14,103.25,7.11,7.11,103.25,104.52,2683749,309388,8.674,,41.0748354,23221.0,23345.0,1.0053399939709746,0.9382194178127431,50.77161173012249
342-U1410C,"342-U1410C-11H-5,40",342,U1410,C,11,H,5,40,96.16,103.27,7.11,7.11,103.27,104.54,2663439,313478,8.496,,41.0753106,24713.0,24106.0,0.9754380285679601,0.9292145037373939,50.45963648198202
342-U1410C,"342-U1410C-11H-5,42",342,U1410,C,11,H,5,42,96.18,103.29,7.11,7.11,103.29,104.56,2506804,333237,7.523,,41.0757858,26125.0,26674.0,1.0210143540669856,0.8763910618191876,48.629568336725754
342-U1410C,"342-U1410C-11H-5,44",342,U1410,C,11,H,5,44,96.2,103.31,7.11,7.11,103.31,104.58,2417045,333418,7.249,,41.076261,27051.0,26937.0,0.9957857380503493,0.8602780997522349,48.07133476591618
342-U1410C,"342-U1410C-11H-5,46",342,U1410,C,11,H,5,46,96.22,103.33,7.11,7.11,103.33,104.6,2385238,340886,6.997,,41.0767362,27994.0,28929.0,1.0334000142887763,0.8449118739121406,47.538971871686115
342-U1410C,"342-U1410C-11H-5,48",342,U1410,C,11,H,5,48,96.24,103.35,7.11,7.11,103.35,104.62,2308674,342528,6.74,,41.0772114,27634.0,29439.0,1.0653180864152856,0.8286598965353198,46.975922115466155
342-U1410C,"342-U1410C-11H-5,50",342,U1410,C,11,H,5,50,96.26,103.37,7.11,7.11,103.37,104.64,2204014,371171,5.938,,41.0776866,28339.0,30831.0,1.0879353541056496,0.7736401932600259,45.0697644954936
342-U1410C,"342-U1410C-11H-5,52",342,U1410,C,11,H,5,52,96.28,103.39,7.11,7.11,103.39,104.66,1908099,509813,3.743,,41.0781618,26889.0,30026.0,1.1166648071702183,0.5732198271144219,38.12620091037915
342-U1410C,"342-U1410C-11H-5,54",342,U1410,C,11,H,5,54,96.3,103.41,7.11,7.11,103.41,104.68,1692839,572361,2.958,,41.078637,26587.0,32669.0,1.2287584157671043,0.47099816966087366,34.58473158790097
342-U1410C,"342-U1410C-11H-5,56",342,U1410,C,11,H,5,56,96.32,103.43,7.11,7.11,103.43,104.7,1922375,435944,4.41,,41.0791122,29317.0,33329.0,1.1368489272435789,0.6444385894678385,40.59357493211327
342-U1410C,"342-U1410C-11H-5,58",342,U1410,C,11,H,5,58,96.34,103.45,7.11,7.11,103.45,104.72,1596505,667581,2.391,,41.0795874,27328.0,32011.0,1.1713627049180328,0.3785795761157748,31.382889414531018
342-U1410C,"342-U1410C-11H-5,60",342,U1410,C,11,H,5,60,96.36,103.47,7.11,7.11,103.47,104.74,1736376,568251,3.056,,41.0800626,28965.0,33506.0,1.1567754186086656,0.48515334990365233,35.075137807412034
342-U1410C,"342-U1410C-11H-5,62",342,U1410,C,11,H,5,62,96.38,103.49,7.11,7.11,103.49,104.76,2048617,445406,4.599,,41.0805378,30239.0,34639.0,1.1455074572571844,0.6626634095740376,41.22497382469253
342-U1410C,"342-U1410C-11H-5,64",342,U1410,C,11,H,5,64,96.4,103.51,7.11,7.11,103.51,104.78,2133569,424856,5.022,,41.081013,30792.0,33358.0,1.0833333333333333,0.7008767083769036,42.548873561717826
342-U1410C,"342-U1410C-11H-5,66",342,U1410,C,11,H,5,66,96.42,103.53,7.11,7.11,103.53,104.8,2181022,345022,6.321,,41.0814882,32114.0,33119.0,1.0312947624089182,0.8007857903277626,46.01022370590534
342-U1410C,"342-U1410C-11H-5,68",342,U1410,C,11,H,5,68,96.44,103.55,7.11,7.11,103.55,104.82,2274972,338423,6.722,,41.0819634,30588.0,31662.0,1.0351118085523734,0.8274985081334587,46.93568581428368
342-U1410C,"342-U1410C-11H-5,70",342,U1410,C,11,H,5,70,96.46,103.57,7.11,7.11,103.57,104.84,2166081,353686,6.124,,41.0824386,31157.0,33061.0,1.0611098629521456,0.7870351820262234,45.533833881298506
342-U1410C,"342-U1410C-11H-5,72",342,U1410,C,11,H,5,72,96.48,103.59,7.11,7.11,103.59,104.86,2151288,345363,6.229,,41.0829138,30720.0,32557.0,1.0597981770833333,0.794418330874141,45.78962307313462
342-U1410C,"342-U1410C-11H-5,74",342,U1410,C,11,H,5,74,96.5,103.61,7.11,7.11,103.61,104.88,2078914,356755,5.827,,41.083389,30877.0,32822.0,1.0629918709719208,0.7654450180901501,44.78584265173325
342-U1410C,"342-U1410C-11H-5,76",342,U1410,C,11,H,5,76,96.52,103.63,7.11,7.11,103.63,104.9,2001099,327835,6.104,,41.0838642,29059.0,29505.0,1.0153480849306584,0.785614524946824,45.48461521678272
342-U1410C,"342-U1410C-11H-5,78",342,U1410,C,11,H,5,78,96.54,103.65,7.11,7.11,103.65,104.92,2097629,342171,6.13,,41.0843394,29599.0,31628.0,1.0685496131626069,0.787460474518415,45.54856813969049
342-U1410C,"342-U1410C-11H-5,80",342,U1410,C,11,H,5,80,96.56,103.67,7.11,7.11,103.67,104.94,2170513,326472,6.648,,41.0848146,28945.0,30787.0,1.0636379340127828,0.8226910107760546,46.76913006833641
342-U1410C,"342-U1410C-11H-5,82",342,U1410,C,11,H,5,82,96.58,103.69,7.11,7.11,103.69,104.96,2195271,324993,6.755,,41.0852898,28757.0,30095.0,1.0465278019264874,0.8296253533580494,47.00937036708962
342-U1410C,"342-U1410C-11H-5,84",342,U1410,C,11,H,5,84,96.6,103.71,7.11,7.11,103.71,104.98,2291224,310368,7.382,,41.085765,28363.0,29145.0,1.0275711314035891,0.8681740408596383,48.34488964558217
342-U1410C,"342-U1410C-11H-5,86",342,U1410,C,11,H,5,86,96.62,103.73,7.11,7.11,103.73,105.0,2214881,288809,7.669,,41.0862402,27463.0,27919.0,1.0166041583221062,0.8847387377696317,48.91877357002889
342-U1410C,"342-U1410C-11H-5,88",342,U1410,C,11,H,5,88,96.64,103.75,7.11,7.11,103.75,105.02,1978819,272179,7.27,,41.0867154,26012.0,25619.0,0.9848915884976165,0.8615344108590378,48.114859664211366
342-U1410C,"342-U1410C-11H-5,90",342,U1410,C,11,H,5,90,96.66,103.77,7.11,7.11,103.77,105.04,2209763,299331,7.382,,41.0871906,26900.0,28442.0,1.0573234200743495,0.8681740408596383,48.34488964558217
342-U1410C,"342-U1410C-11H-5,92",342,U1410,C,11,H,5,92,96.68,103.79,7.11,7.11,103.79,105.06,2079935,378448,5.496,,41.0876658,25950.0,27939.0,1.0766473988439307,0.7400467240514941,43.905918754764016
342-U1410C,"342-U1410C-11H-5,94",342,U1410,C,11,H,5,94,96.7,103.81,7.11,7.11,103.81,105.08,2331557,288511,8.081,,41.088141,26308.0,26899.0,1.0224646495362628,0.9074651067658561,49.70612862390308
342-U1410C,"342-U1410C-11H-5,96",342,U1410,C,11,H,5,96,96.72,103.83,7.11,7.11,103.83,105.1,2389123,276272,8.648,,41.0886162,26288.0,26662.0,1.0142270237370663,0.9369156809452539,50.726443766348325
342-U1410C,"342-U1410C-11H-5,98",342,U1410,C,11,H,5,98,96.74,103.85,7.11,7.11,103.85,105.12,2440923,254786,9.58,,41.0890913,25235.0,24594.0,0.9745987715474539,0.9813655090785445,52.26640806202617
342-U1410C,"342-U1410C-11H-5,100",342,U1410,C,11,H,5,100,96.76,103.87,7.11,7.11,103.87,105.14,2472736,259056,9.545,,41.0895665,24693.0,24564.0,0.9947758474061474,0.9797759327296856,52.211337189419964
342-U1410C,"342-U1410C-11H-5,102",342,U1410,C,11,H,5,102,96.78,103.89,7.11,7.11,103.89,105.16,2529792,260122,9.725,,41.0900417,24246.0,23891.0,0.9853584096345789,0.9878896099977453,52.49243553837189
342-U1410C,"342-U1410C-11H-5,104",342,U1410,C,11,H,5,104,96.8,103.91,7.11,7.11,103.91,105.18,2521598,267181,9.438,,41.0905169,23196.0,24079.0,1.0380669080876013,0.9748799730069305,52.04171666482512
342-U1410C,"342-U1410C-11H-5,106",342,U1410,C,11,H,5,106,96.82,103.93,7.11,7.11,103.93,105.2,2424701,270100,8.977,,41.0909921,24926.0,25231.0,1.0122362192088583,0.9531312251834451,51.28823129648046
342-U1410C,"342-U1410C-11H-5,108",342,U1410,C,11,H,5,108,96.84,103.95,7.11,7.11,103.95,105.22,2580469,255823,10.087,,41.0914673,22181.0,23313.0,1.051034669311573,1.003762020828246,53.04233521159459
342-U1410C,"342-U1410C-11H-5,110",342,U1410,C,11,H,5,110,96.86,103.97,7.11,7.11,103.97,105.24,2499599,271779,9.197,,41.0919425,23404.0,23508.0,1.0044436848401983,0.9636461864848433,51.652522130767395
342-U1410C,"342-U1410C-11H-5,112",342,U1410,C,11,H,5,112,96.88,103.99,7.11,7.11,103.99,105.26,2463197,285631,8.624,,41.0924177,23091.0,24895.0,1.0781256766705642,0.9357087478426636,50.684629569009076
342-U1410C,"342-U1410C-11H-5,114",342,U1410,C,11,H,5,114,96.9,104.01,7.11,7.11,104.01,105.28,2361317,313248,7.538,,41.0928929,24114.0,25481.0,1.056689060296923,0.8772561331135862,48.6595387317202
342-U1410C,"342-U1410C-11H-5,116",342,U1410,C,11,H,5,116,96.92,104.03,7.11,7.11,104.03,105.3,2314669,334701,6.916,,41.0933681,26187.0,26973.0,1.030014892885783,0.839854984601885,47.36377594153231
342-U1410C,"342-U1410C-11H-5,118",342,U1410,C,11,H,5,118,96.94,104.05,7.11,7.11,104.05,105.32,2446976,324749,7.535,,41.0938433,23827.0,24211.0,1.0161161707306836,0.8770832566506507,48.6535494266618
342-U1410C,"342-U1410C-11H-5,120",342,U1410,C,11,H,5,120,96.96,104.07,7.11,7.11,104.07,105.34,2845387,233093,12.207,,41.0943185,19519.0,20268.0,1.0383728674624724,1.0866089445729477,55.91256688472977
342-U1410C,"342-U1410C-11H-5,122",342,U1410,C,11,H,5,122,96.98,104.09,7.11,7.11,104.09,105.36,2755914,244434,11.275,,41.0947937,20370.0,19828.0,0.9733922434953363,1.052116550549998,54.71757789380469
342-U1410C,"342-U1410C-11H-5,124",342,U1410,C,11,H,5,124,97.0,104.11,7.11,7.11,104.11,105.38,2746231,257709,10.656,,41.0952689,20388.0,20350.0,0.9981361585246223,1.0275942118262258,53.8680014687196
342-U1410C,"342-U1410C-11H-5,126",342,U1410,C,11,H,5,126,97.02,104.13,7.11,7.11,104.13,105.4,2888300,265425,10.882,,41.0957441,18396.0,19272.0,1.0476190476190477,1.0367087215698858,54.183773658788695
342-U1410C,"342-U1410C-11H-5,128",342,U1410,C,11,H,5,128,97.04,104.15,7.11,7.11,104.15,105.42,2797175,278275,10.052,,41.0962193,20056.0,21059.0,1.050009972078181,1.0022524799205383,52.99003716684706
342-U1410C,"342-U1410C-11H-5,130",342,U1410,C,11,H,5,130,97.06,104.17,7.11,7.11,104.17,105.44,3038672,279926,10.855,,41.0966945,19494.0,19646.0,1.0077972709551657,1.0356298277904388,54.14639538379976
342-U1410C,"342-U1410C-11H-5,132",342,U1410,C,11,H,5,132,97.08,104.19,7.11,7.11,104.19,105.46,3144829,358322,8.777,,41.0971697,15243.0,16339.0,1.07190185658991,0.9433460983565907,50.94922557756409
342-U1410C,"342-U1410C-11H-5,134",342,U1410,C,11,H,5,134,97.1,104.21,7.11,7.11,104.21,105.48,3344660,250124,13.372,,41.0976449,13756.0,14410.0,1.047542890375109,1.126196367920531,57.2840731666068
342-U1410C,"342-U1410C-11H-5,136",342,U1410,C,11,H,5,136,97.12,104.23,7.11,7.11,104.23,105.5,3200153,263357,12.151,,41.0981201,15145.0,17006.0,1.1228788379002972,1.0846120208652514,55.843383462876645
342-U1410C,"342-U1410C-11H-5,138",342,U1410,C,11,H,5,138,97.14,104.25,7.11,7.11,104.25,105.52,3041604,269884,11.27,,41.0985953,17671.0,17821.0,1.0084884839567654,1.0519239160461065,54.71090407141736
342-U1410C,"342-U1410C-11H-5,140",342,U1410,C,11,H,5,140,97.16,104.27,7.11,7.11,104.27,105.54,3095785,235987,13.118,,41.0990705,16628.0,17270.0,1.0386095742121721,1.1178676265660163,56.99552392237963
342-U1410C,"342-U1410C-11H-5,142",342,U1410,C,11,H,5,142,97.18,104.29,7.11,7.11,104.29,105.56,2612886,275917,9.47,,41.0995457,21836.0,21961.0,1.0057244916651402,0.9763499790032735,52.092645022568405
342-U1410C,"342-U1410C-11H-5,144",342,U1410,C,11,H,5,144,97.2,104.31,7.11,7.11,104.31,105.58,2389772,266355,8.972,,41.1000209,22059.0,22426.0,1.0166372002357313,0.9528892649109301,51.27984858283918
342-U1410C,"342-U1410C-11H-5,146",342,U1410,C,11,H,5,146,97.22,104.33,7.11,7.11,104.33,105.6,2597798,211704,12.271,,41.1004961,18998.0,18760.0,0.9874723655121592,1.0888799561080518,55.99124607936345
342-U1410C,"342-U1410C-11H-5,148",342,U1410,C,11,H,5,148,97.24,104.35,7.11,7.11,104.35,105.62,2351257,329749,7.13,,41.1009713,27293.0,27835.0,1.0198585717949658,0.8530895298518656,47.82228676171789
342-U1410C,"342-U1410C-11H-6,2",342,U1410,C,11,H,6,2,97.28,104.39,7.11,7.11,104.39,105.66,2032045,407172,4.991,,41.1019217,35046.0,36302.0,1.0358386121097984,0.6981875698661224,42.45570835801181
342-U1410C,"342-U1410C-11H-6,4",342,U1410,C,11,H,6,4,97.3,104.41,7.11,7.11,104.41,105.68,2005081,406159,4.937,,41.1023968,33093.0,37069.0,1.1201462544949083,0.6934631272195312,42.292030042520665
342-U1410C,"342-U1410C-11H-6,6",342,U1410,C,11,H,6,6,97.32,104.43,7.11,7.11,104.43,105.7,1785599,503061,3.549,,41.1028721,32669.0,36460.0,1.1160427316416175,0.5501059993475927,37.32542234739735
342-U1410C,"342-U1410C-11H-6,8",342,U1410,C,11,H,6,8,97.34,104.45,7.11,7.11,104.45,105.72,1501898,615845,2.439,,41.1033472,29923.0,36139.0,1.2077331818333723,0.3872118003137306,31.681952821869196
342-U1410C,"342-U1410C-11H-6,10",342,U1410,C,11,H,6,10,97.36,104.47,7.11,7.11,104.47,105.74,1115700,818003,1.364,,41.1038224,29708.0,37121.0,1.2495287464655984,0.13481437032046015,22.93764385975234
342-U1410A,"342-U1410A-11H-3,24",342,U1410,A,11,H,3,24,97.24,104.47,7.23,7.23,104.47,105.74,1011064,712497,1.419,,41.1038224,27718.0,34761.0,1.2540948120355004,0.15198239545747402,23.53243009062419
342-U1410A,"342-U1410A-11H-3,26",342,U1410,A,11,H,3,26,97.26,104.49,7.23,7.23,104.49,105.76,1180216,578129,2.041,,41.1042976,31355.0,37855.0,1.2073034603731463,0.3098430047160705,29.00151089838826
342-U1410A,"342-U1410A-11H-3,28",342,U1410,A,11,H,3,28,97.28,104.51,7.23,7.23,104.51,105.78,1159378,484288,2.394,,41.1047728,36056.0,42290.0,1.172897714666075,0.3791241460703919,31.401756040608728
342-U1410A,"342-U1410A-11H-3,30",342,U1410,A,11,H,3,30,97.3,104.53,7.23,7.23,104.53,105.8,1359388,412969,3.292,,41.105248,37044.0,42426.0,1.1452866861030127,0.5174598265402323,36.194395690486346
342-U1410A,"342-U1410A-11H-3,32",342,U1410,A,11,H,3,32,97.32,104.55,7.23,7.23,104.55,105.82,1458918,387915,3.761,,41.1057232,36751.0,40733.0,1.108350793175696,0.5753033334223991,38.19838398641902
342-U1410A,"342-U1410A-11H-3,34",342,U1410,A,11,H,3,34,97.34,104.57,7.23,7.23,104.57,105.84,1231214,517683,2.378,,41.1061984,33225.0,40102.0,1.2069826937547028,0.3762118502826728,31.3008595530432
342-U1410A,"342-U1410A-11H-3,36",342,U1410,A,11,H,3,36,97.36,104.59,7.23,7.23,104.59,105.86,1279548,448016,2.856,,41.1066736,36668.0,41977.0,1.1447856441583943,0.4557582031041368,34.05674294654282
342-U1410A,"342-U1410A-11H-3,38",342,U1410,A,11,H,3,38,97.38,104.61,7.23,7.23,104.61,105.88,1407837,416576,3.38,,41.1071488,35194.0,38842.0,1.103654031937262,0.5289167002776547,36.59131908111935
342-U1410A,"342-U1410A-11H-3,40",342,U1410,A,11,H,3,40,97.4,104.63,7.23,7.23,104.63,105.9,1310967,417794,3.138,,41.107624,36364.0,41458.0,1.1400835991640084,0.49665293925091786,35.47354108034805
342-U1410A,"342-U1410A-11H-3,42",342,U1410,A,11,H,3,42,97.42,104.65,7.23,7.23,104.65,105.92,1358435,416241,3.264,,41.1080992,36221.0,40541.0,1.119267828055548,0.5137501500818236,36.06587394958478
342-U1410A,"342-U1410A-11H-3,44",342,U1410,A,11,H,3,44,97.44,104.67,7.23,7.23,104.67,105.94,1126602,472667,2.384,,41.1085744,36012.0,42429.0,1.1781906031322893,0.3773062510681988,31.338775068257746
342-U1410A,"342-U1410A-11H-3,46",342,U1410,A,11,H,3,46,97.46,104.69,7.23,7.23,104.69,105.96,1422090,421427,3.374,,41.1090496,33924.0,36955.0,1.0893467751444406,0.5281450782531064,36.564586236078874
342-U1410A,"342-U1410A-11H-3,48",342,U1410,A,11,H,3,48,97.48,104.71,7.23,7.23,104.71,105.98,1335268,427978,3.12,,41.1095248,34890.0,38855.0,1.1136428776153626,0.4941545940184428,35.38698590976895
342-U1410A,"342-U1410A-11H-3,50",342,U1410,A,11,H,3,50,97.5,104.73,7.23,7.23,104.73,106.0,1430932,393385,3.637,,41.11,33282.0,36518.0,1.0972297337900367,0.5607433010547119,37.6939516650405
342-U1410A,"342-U1410A-11H-3,52",342,U1410,A,11,H,3,52,97.52,104.75,7.23,7.23,104.75,106.02,1492473,366264,4.075,,41.1106,33319.0,34720.0,1.0420480806746901,0.6101276130759954,39.40487115501786
342-U1410A,"342-U1410A-11H-3,54",342,U1410,A,11,H,3,54,97.54,104.77,7.23,7.23,104.77,106.04,1679730,342794,4.9,,41.1112,29654.0,30335.0,1.0229648614014972,0.6901960800285137,42.17884319258786
342-U1410A,"342-U1410A-11H-3,56",342,U1410,A,11,H,3,56,97.56,104.79,7.23,7.23,104.79,106.06,1437814,378909,3.795,,41.1118,33064.0,35352.0,1.069199128962013,0.5792117802314991,38.33379212612029
342-U1410A,"342-U1410A-11H-3,58",342,U1410,A,11,H,3,58,97.58,104.81,7.23,7.23,104.81,106.08,1628275,363625,4.478,,41.1124,28536.0,29549.0,1.0354990187832913,0.6510840892430114,40.823808271824134
342-U1410A,"342-U1410A-11H-3,60",342,U1410,A,11,H,3,60,97.6,104.83,7.23,7.23,104.83,106.1,1752656,331519,5.287,,41.113,28481.0,28341.0,0.9950844422597521,0.7232093104051114,43.32258655898509
342-U1410A,"342-U1410A-11H-3,62",342,U1410,A,11,H,3,62,97.62,104.85,7.23,7.23,104.85,106.12,1822638,309805,5.883,,41.1136,27679.0,27768.0,1.0032154340836013,0.7695988483874465,44.92975210238309
342-U1410A,"342-U1410A-11H-3,64",342,U1410,A,11,H,3,64,97.64,104.87,7.23,7.23,104.87,106.14,1976248,290081,6.813,,41.1142,26236.0,25133.0,0.9579585302637598,0.8333383889393976,47.13800848480543
342-U1410A,"342-U1410A-11H-3,66",342,U1410,A,11,H,3,66,97.66,104.89,7.23,7.23,104.89,106.16,2141619,256240,8.358,,41.1148,25017.0,24858.0,0.9936443218611344,0.9221023668076072,50.213236498049554
342-U1410A,"342-U1410A-11H-3,68",342,U1410,A,11,H,3,68,97.68,104.91,7.23,7.23,104.91,106.18,2275312,230413,9.875,,41.1154,23661.0,22735.0,0.9608638688136596,0.9945371042984978,52.72273797842146
342-U1410A,"342-U1410A-11H-3,70",342,U1410,A,11,H,3,70,97.7,104.93,7.23,7.23,104.93,106.2,2659100,185027,14.371,,41.116,19575.0,17649.0,0.9016091954022989,1.1574869893848487,58.36813674723808
342-U1410A,"342-U1410A-11H-3,72",342,U1410,A,11,H,3,72,97.72,104.95,7.23,7.23,104.95,106.22,3045868,133354,22.84,,41.1166,14227.0,13093.0,0.9202924017712799,1.3586960995738104,65.33902636973467
342-U1410A,"342-U1410A-11H-3,74",342,U1410,A,11,H,3,74,97.74,104.97,7.23,7.23,104.97,106.24,3051204,128679,23.712,,41.1172,13079.0,12817.0,0.9799678874531692,1.3749681862992342,65.90277281433697
342-U1410A,"342-U1410A-11H-3,76",342,U1410,A,11,H,3,76,97.76,104.99,7.23,7.23,104.99,106.26,3332111,67554,49.325,,41.1178,6391.0,6467.0,1.0118917227350963,1.6930670939242287,76.9233094690049
342-U1410A,"342-U1410A-11H-3,78",342,U1410,A,11,H,3,78,97.78,105.01,7.23,7.23,105.01,106.28,3171572,82681,38.359,,41.1184,7226.0,8131.0,1.1252421810130087,1.5838672768056443,73.14008180493155
342-U1410A,"342-U1410A-11H-3,80",342,U1410,A,11,H,3,80,97.8,105.03,7.23,7.23,105.03,106.3,2862854,139797,20.479,,41.119,12553.0,12677.0,1.0098781167848323,1.3113087460008077,63.69729150519798
342-U1410A,"342-U1410A-11H-3,82",342,U1410,A,11,H,3,82,97.82,105.05,7.23,7.23,105.05,106.32,2631799,163510,16.096,,41.1196,15472.0,16261.0,1.0509953464322648,1.2067179633758334,60.073743841155746
342-U1410A,"342-U1410A-11H-3,84",342,U1410,A,11,H,3,84,97.84,105.07,7.23,7.23,105.07,106.34,2240064,224332,9.985,,41.1202,20479.0,21417.0,1.045803017725475,0.9993480692067214,52.88941385766687
342-U1410A,"342-U1410A-11H-3,86",342,U1410,A,11,H,3,86,97.86,105.09,7.23,7.23,105.09,106.36,2272494,225585,10.074,,41.1208,20616.0,21045.0,1.0208090803259604,1.0032019465216924,53.02293143724404
342-U1410A,"342-U1410A-11H-3,88",342,U1410,A,11,H,3,88,97.88,105.11,7.23,7.23,105.11,106.38,1597110,320001,4.991,,41.1214,28396.0,31728.0,1.1173404704888013,0.6981875698661224,42.45570835801181
342-U1410A,"342-U1410A-11H-3,90",342,U1410,A,11,H,3,90,97.9,105.13,7.23,7.23,105.13,106.4,1359298,446806,3.042,,41.122,26878.0,31205.0,1.160986680556589,0.48315920971697957,35.00605082064476
342-U1410A,"342-U1410A-11H-3,92",342,U1410,A,11,H,3,92,97.92,105.15,7.23,7.23,105.15,106.42,1422294,433215,3.283,,41.1226,28733.0,32364.0,1.1263703755263983,0.5162708827293401,36.15320473215799
342-U1410A,"342-U1410A-11H-3,94",342,U1410,A,11,H,3,94,97.94,105.17,7.23,7.23,105.17,106.44,1387044,392860,3.531,,41.1232,30689.0,34260.0,1.1163609110756296,0.5478977175630971,37.2489164249735
342-U1410A,"342-U1410A-11H-3,96",342,U1410,A,11,H,3,96,97.96,105.19,7.23,7.23,105.19,106.46,1206642,424903,2.84,,41.1238,31555.0,36993.0,1.1723340199651402,0.45331834004703764,33.97221389092962
342-U1410A,"342-U1410A-11H-3,98",342,U1410,A,11,H,3,98,97.98,105.21,7.23,7.23,105.21,106.48,1163163,460298,2.527,,41.1244,31179.0,36125.0,1.158632412841977,0.40260524191991476,32.215258606315444
342-U1410A,"342-U1410A-11H-3,100",342,U1410,A,11,H,3,100,98.0,105.23,7.23,7.23,105.23,106.5,1190644,460759,2.584,,41.125,33155.0,37688.0,1.1367214598099835,0.4122925093230465,32.55087398549695
342-U1410A,"342-U1410A-11H-3,102",342,U1410,A,11,H,3,102,98.02,105.25,7.23,7.23,105.25,106.52,1066429,500238,2.132,,41.1256,32909.0,39428.0,1.1980917074356559,0.3287872003545347,29.657832556282855
342-U1410A,"342-U1410A-11H-3,104",342,U1410,A,11,H,3,104,98.04,105.27,7.23,7.23,105.27,106.54,1383622,480817,2.878,,41.1262,30916.0,34514.0,1.1163798680294992,0.4590907896005864,34.17220040571232
342-U1410A,"342-U1410A-11H-3,106",342,U1410,A,11,H,3,106,98.06,105.29,7.23,7.23,105.29,106.56,1438046,422973,3.4,,41.1268,29733.0,33337.0,1.121212121212121,0.5314789170422551,36.68008708092893
342-U1410A,"342-U1410A-11H-3,108",342,U1410,A,11,H,3,108,98.08,105.31,7.23,7.23,105.31,106.58,1528753,420744,3.633,,41.1274,30499.0,31837.0,1.0438702908292075,0.5602653978627147,37.677394708953756
342-U1410A,"342-U1410A-11H-3,110",342,U1410,A,11,H,3,110,98.1,105.33,7.23,7.23,105.33,106.6,1906461,309492,6.16,,41.128,28925.0,28494.0,0.9850993949870355,0.7895807121644255,45.62202377293652
342-U1410A,"342-U1410A-11H-3,112",342,U1410,A,11,H,3,112,98.12,105.35,7.23,7.23,105.35,106.62,1874627,304265,6.161,,41.1286,27965.0,29071.0,1.039549436795995,0.7896512087934096,45.624466128647676
342-U1410A,"342-U1410A-11H-3,114",342,U1410,A,11,H,3,114,98.14,105.37,7.23,7.23,105.37,106.64,1812342,311578,5.817,,41.1292,29087.0,29786.0,1.0240313542132224,0.7646990637983678,44.75999906529445
342-U1410A,"342-U1410A-11H-3,116",342,U1410,A,11,H,3,116,98.16,105.39,7.23,7.23,105.39,106.66,1760691,330785,5.323,,41.1298,29981.0,29520.0,0.9846235949434642,0.7261564661727549,43.424690770555095
342-U1410A,"342-U1410A-11H-3,118",342,U1410,A,11,H,3,118,98.18,105.41,7.23,7.23,105.41,106.68,1941023,290940,6.672,,41.1304,27597.0,27569.0,0.998985396963438,0.8242560376296822,46.82335042368034
342-U1410A,"342-U1410A-11H-3,120",342,U1410,A,11,H,3,120,98.2,105.43,7.23,7.23,105.43,106.7,2139187,293027,7.3,,41.131,26380.0,25412.0,0.9633055344958302,0.8633228601204559,48.1768204888732
342-U1410A,"342-U1410A-11H-3,122",342,U1410,A,11,H,3,122,98.22,105.45,7.23,7.23,105.45,106.72,2243634,281309,7.976,,41.1316,24590.0,23874.0,0.970882472549817,0.9017851453035993,49.5093463590432
342-U1410A,"342-U1410A-11H-3,124",342,U1410,A,11,H,3,124,98.24,105.47,7.23,7.23,105.47,106.74,2539140,234090,10.847,,41.1322,22272.0,20686.0,0.9287895114942529,1.0353096401568014,54.13530248323238
342-U1410A,"342-U1410A-11H-3,126",342,U1410,A,11,H,3,126,98.26,105.49,7.23,7.23,105.49,106.76,2821940,199638,14.135,,41.1328,18517.0,17580.0,0.9493978506237511,1.1502958128255383,58.11899843534077
342-U1410A,"342-U1410A-11H-3,128",342,U1410,A,11,H,3,128,98.28,105.51,7.23,7.23,105.51,106.78,3063683,169723,18.051,,41.1334,15764.0,14459.0,0.9172164425272773,1.2565012662113182,61.798486367891115
342-U1410A,"342-U1410A-11H-3,130",342,U1410,A,11,H,3,130,98.3,105.53,7.23,7.23,105.53,106.8,3529430,110619,31.906,,41.134,11409.0,9758.0,0.8552896835831362,1.5038723608586135,70.36865794194667
342-U1410A,"342-U1410A-11H-3,132",342,U1410,A,11,H,3,132,98.32,105.55,7.23,7.23,105.55,106.82,3662489,88017,41.611,,41.1346,8126.0,7998.0,0.9842480925424563,1.619208152929774,74.36446645825202
342-U1410A,"342-U1410A-11H-3,134",342,U1410,A,11,H,3,134,98.34,105.57,7.23,7.23,105.57,106.84,3504459,98845,35.454,,41.1352,9795.0,9022.0,0.9210821847881572,1.5496652403633102,71.95515225238688
342-U1410A,"342-U1410A-11H-3,136",342,U1410,A,11,H,3,136,98.36,105.59,7.23,7.23,105.59,106.86,3229730,130654,24.72,,41.1358,11670.0,12332.0,1.056726649528706,1.3930484664167782,66.52916411900928
342-U1410A,"342-U1410A-11H-3,138",342,U1410,A,11,H,3,138,98.38,105.61,7.23,7.23,105.61,106.88,2705512,201405,13.433,,41.1364,18646.0,18526.0,0.9935643033358361,1.1281730147497284,57.35255409600434
342-U1410A,"342-U1410A-11H-3,140",342,U1410,A,11,H,3,140,98.4,105.63,7.23,7.23,105.63,106.9,2543418,217156,11.712,,41.137,22949.0,22071.0,0.96174125234215,1.0686310637143166,55.289723202382504
342-U1410A,"342-U1410A-11H-3,142",342,U1410,A,11,H,3,142,98.42,105.65,7.23,7.23,105.65,106.92,1903734,306380,6.214,,41.1376,29520.0,29491.0,0.9990176151761517,0.7933712489189557,45.75334691879722
342-U1410A,"342-U1410A-11H-3,144",342,U1410,A,11,H,3,144,98.44,105.67,7.23,7.23,105.67,106.94,1623966,389398,4.17,,41.1382,30278.0,34072.0,1.125305502344937,0.6201360549737575,39.75161362456583
342-U1410A,"342-U1410A-11H-3,146",342,U1410,A,11,H,3,146,98.46,105.69,7.23,7.23,105.69,106.96,1132635,606378,1.868,,41.1388,28439.0,35003.0,1.2308098034389394,0.27137687189407456,27.668851726770214
342-U1410A,"342-U1410A-11H-3,148",342,U1410,A,11,H,3,148,98.48,105.71,7.23,7.23,105.71,106.98,1017076,752541,1.352,,41.1394,29652.0,37298.0,1.2578578173479023,0.13097669160561715,22.804687480676606
342-U1410A,"342-U1410A-11H-4,2",342,U1410,A,11,H,4,2,98.52,105.75,7.23,7.23,105.75,107.02,1398447,459989,3.04,,41.1406,34589.0,37434.0,1.0822515828731678,0.48287358360875376,34.996155304125274
342-U1410A,"342-U1410A-11H-4,4",342,U1410,A,11,H,4,4,98.54,105.77,7.23,7.23,105.77,107.04,1358380,448869,3.026,,41.1412,35567.0,39862.0,1.1207580060168134,0.4808689236871679,34.92670386114193
342-U1410A,"342-U1410A-11H-4,6",342,U1410,A,11,H,4,6,98.56,105.79,7.23,7.23,105.79,107.06,1146175,554713,2.066,,41.1418,32701.0,39567.0,1.2099629980734534,0.31513031718360174,29.184689838825882
342-U1410A,"342-U1410A-11H-4,8",342,U1410,A,11,H,4,8,98.58,105.81,7.23,7.23,105.81,107.08,1294927,490871,2.638,,41.1424,34235.0,38931.0,1.1371695633123995,0.4212747912103465,32.862065141482454
342-U1410A,"342-U1410A-11H-4,10",342,U1410,A,11,H,4,10,98.6,105.83,7.23,7.23,105.83,107.1,1237642,486991,2.541,,41.143,34297.0,40057.0,1.167944718196927,0.40500466505036936,32.298386620670044
342-U1410A,"342-U1410A-11H-4,12",342,U1410,A,11,H,4,12,98.62,105.85,7.23,7.23,105.85,107.12,1402173,450564,3.112,,41.1436,32701.0,36297.0,1.1099660560839117,0.4930395883176513,35.34835653726503
342-U1410A,"342-U1410A-11H-4,14",342,U1410,A,11,H,4,14,98.64,105.87,7.23,7.23,105.87,107.14,1467187,430163,3.411,,41.1442,32768.0,36236.0,1.1058349609375,0.5328817194073973,36.72868716886928
342-U1410A,"342-U1410A-11H-4,16",342,U1410,A,11,H,4,16,98.66,105.89,7.23,7.23,105.89,107.16,1684156,382915,4.398,,41.1448,30543.0,32499.0,1.0640408604262843,0.6432552250247715,40.55257727098321
342-U1410A,"342-U1410A-11H-4,18",342,U1410,A,11,H,4,18,98.68,105.91,7.23,7.23,105.91,107.18,1675201,386448,4.335,,41.1454,30329.0,32944.0,1.0862211085100069,0.6369891018122291,40.33548743228468
342-U1410A,"342-U1410A-11H-4,20",342,U1410,A,11,H,4,20,98.7,105.93,7.23,7.23,105.93,107.2,1672773,378676,4.417,,41.146,32648.0,35041.0,1.0732969860328352,0.6451273992583911,40.61743874730696
342-U1410A,"342-U1410A-11H-4,22",342,U1410,A,11,H,4,22,98.72,105.95,7.23,7.23,105.95,107.22,1736794,402866,4.311,,41.1466,29937.0,32427.0,1.0831746668002806,0.6345780228538881,40.251955601772956
342-U1410A,"342-U1410A-11H-4,24",342,U1410,A,11,H,4,24,98.74,105.97,7.23,7.23,105.97,107.24,1705126,416419,4.095,,41.1472,30839.0,33540.0,1.0875839034988164,0.6122539060964373,39.47853657671107
342-U1410A,"342-U1410A-11H-4,26",342,U1410,A,11,H,4,26,98.76,105.99,7.23,7.23,105.99,107.26,2126246,315943,6.73,,41.1478,30333.0,30298.0,0.9988461411663865,0.8280150642239769,46.95358190003968
342-U1410A,"342-U1410A-11H-4,28",342,U1410,A,11,H,4,28,98.78,106.01,7.23,7.23,106.01,107.28,2146226,346609,6.192,,41.1484,29226.0,28650.0,0.9802915212482036,0.7918309476748362,45.6999831821947
342-U1410A,"342-U1410A-11H-4,30",342,U1410,A,11,H,4,30,98.8,106.03,7.23,7.23,106.03,107.3,2298123,346333,6.636,,41.149,26511.0,25064.0,0.9454188827279243,0.8219063773523231,46.74194644337123
342-U1410A,"342-U1410A-11H-4,32",342,U1410,A,11,H,4,32,98.82,106.05,7.23,7.23,106.05,107.32,2677225,261909,10.222,,41.1496,25632.0,23022.0,0.8981741573033708,1.0095358766192182,53.242370445472815
342-U1410A,"342-U1410A-11H-4,34",342,U1410,A,11,H,4,34,98.84,106.07,7.23,7.23,106.07,107.34,3085430,203139,15.189,,41.1502,20169.0,18279.0,0.9062918340026773,1.1815291821065035,59.20107851407981
342-U1410A,"342-U1410A-11H-4,36",342,U1410,A,11,H,4,36,98.86,106.09,7.23,7.23,106.09,107.36,3701329,137033,27.01,,41.1508,13926.0,11669.0,0.837929053568864,1.4315245841874509,67.86216921917423
342-U1410A,"342-U1410A-11H-4,38",342,U1410,A,11,H,4,38,98.88,106.11,7.23,7.23,106.11,107.38,4084165,88874,45.955,,41.1514,10060.0,8414.0,0.8363817097415507,1.662332770439755,75.85851883188532
342-U1410A,"342-U1410A-11H-4,40",342,U1410,A,11,H,4,40,98.9,106.13,7.23,7.23,106.13,107.4,3891983,113535,34.28,,41.152,13763.0,10130.0,0.736031388505413,1.5350408132511606,71.44848897508646
342-U1410A,"342-U1410A-11H-4,42",342,U1410,A,11,H,4,42,98.92,106.15,7.23,7.23,106.15,107.42,4107584,101584,40.435,,41.1526,11818.0,9899.0,0.837620578778135,1.606757447446635,73.93311176678867
342-U1410A,"342-U1410A-11H-4,44",342,U1410,A,11,H,4,44,98.94,106.17,7.23,7.23,106.17,107.44,4421502,88359,50.04,,41.1532,9881.0,8166.0,0.8264345713996559,1.6993173010213822,77.13984789388579
342-U1410A,"342-U1410A-11H-4,46",342,U1410,A,11,H,4,46,98.96,106.19,7.23,7.23,106.19,107.46,3582233,141023,25.402,,41.1538,15243.0,13179.0,0.8645935839401693,1.404867911689591,66.93864880048588
342-U1410A,"342-U1410A-11H-4,48",342,U1410,A,11,H,4,48,98.98,106.21,7.23,7.23,106.21,107.48,3138776,162093,19.364,,41.1544,15514.0,15184.0,0.9787288900348072,1.286995073968852,62.85494433765088
342-U1410A,"342-U1410A-11H-4,50",342,U1410,A,11,H,4,50,99.0,106.23,7.23,7.23,106.23,107.5,2500181,233663,10.7,,41.155,22686.0,21957.0,0.9678656440095212,1.0293837776852097,53.9300009779041
342-U1410A,"342-U1410A-11H-4,52",342,U1410,A,11,H,4,52,99.02,106.25,7.23,7.23,106.25,107.52,2871299,207515,13.837,,41.1556,21228.0,19735.0,0.9296683625400415,1.1410419409390493,57.79839804383337
342-U1410A,"342-U1410A-11H-4,54",342,U1410,A,11,H,4,54,99.04,106.27,7.23,7.23,106.27,107.54,2253551,279640,8.059,,41.1562,25945.0,25620.0,0.9874735016380806,0.9062811557721531,49.665110641726244
342-U1410A,"342-U1410A-11H-4,56",342,U1410,A,11,H,4,56,99.06,106.29,7.23,7.23,106.29,107.56,1990065,296908,6.703,,41.1568,28317.0,28881.0,1.0199173641275558,0.8262692193937262,46.89309710589565
342-U1410A,"342-U1410A-11H-4,58",342,U1410,A,11,H,4,58,99.08,106.31,7.23,7.23,106.31,107.58,1740847,453424,3.839,,41.1574,25591.0,27595.0,1.0783087804306202,0.5842181121174049,38.50723649430749
342-U1410A,"342-U1410A-11H-4,60",342,U1410,A,11,H,4,60,99.1,106.33,7.23,7.23,106.33,107.6,1827276,418988,4.361,,41.158,27565.0,28961.0,1.0506439325231272,0.6395860866734264,40.42545997280086
342-U1410A,"342-U1410A-11H-4,62",342,U1410,A,11,H,4,62,99.12,106.35,7.23,7.23,106.35,107.62,1854093,371694,4.988,,41.1586,29807.0,31853.0,1.0686415942563827,0.697926444806505,42.44666168032137
342-U1410A,"342-U1410A-11H-4,64",342,U1410,A,11,H,4,64,99.14,106.37,7.23,7.23,106.37,107.64,1667641,435037,3.833,,41.1592,28355.0,29767.0,1.0497972138952565,0.5835388192543521,38.483702393067034
342-U1410A,"342-U1410A-11H-4,66",342,U1410,A,11,H,4,66,99.16,106.39,7.23,7.23,106.39,107.66,1674308,446379,3.751,,41.1598,28826.0,30314.0,1.0516200652188996,0.5741470641507227,38.15832503750179
342-U1410A,"342-U1410A-11H-4,68",342,U1410,A,11,H,4,68,99.18,106.41,7.23,7.23,106.41,107.68,1869490,375069,4.984,,41.1604,29579.0,31119.0,1.052063964298996,0.6975780336511131,42.434590975842816
342-U1410A,"342-U1410A-11H-4,70",342,U1410,A,11,H,4,70,99.2,106.43,7.23,7.23,106.43,107.7,1903781,364837,5.218,,41.161,28111.0,28963.0,1.0303084201913841,0.717504074764202,43.124928670205776
342-U1410A,"342-U1410A-11H-4,72",342,U1410,A,11,H,4,72,99.22,106.45,7.23,7.23,106.45,107.72,2014495,328513,6.132,,41.1616,27992.0,27660.0,0.9881394684195485,0.7876021461823375,45.55347635448709
342-U1410A,"342-U1410A-11H-4,74",342,U1410,A,11,H,4,74,99.24,106.47,7.23,7.23,106.47,107.74,1967453,340575,5.777,,41.1622,28867.0,29343.0,1.016489416981328,0.7617023675414127,44.65617852347225
342-U1410A,"342-U1410A-11H-4,76",342,U1410,A,11,H,4,76,99.26,106.49,7.23,7.23,106.49,107.76,1990207,364673,5.458,,41.1628,28217.0,28550.0,1.0118013963213666,0.7370335313338777,43.8015266930622
342-U1410A,"342-U1410A-11H-4,78",342,U1410,A,11,H,4,78,99.28,106.51,7.23,7.23,106.51,107.78,1994863,391015,5.102,,41.1634,26021.0,26079.0,1.0022289689097268,0.7077404542737713,42.78666803831481
342-U1410A,"342-U1410A-11H-4,80",342,U1410,A,11,H,4,80,99.3,106.53,7.23,7.23,106.53,107.8,2263361,299885,7.547,,41.164,26138.0,25046.0,0.9582217461167649,0.877774349991398,48.67749235545199
342-U1410A,"342-U1410A-11H-4,82",342,U1410,A,11,H,4,82,99.32,106.55,7.23,7.23,106.55,107.82,2386899,271249,8.8,,41.1646,25004.0,24025.0,0.9608462645976644,0.9444826721501687,50.9886021766426
342-U1410A,"342-U1410A-11H-4,84",342,U1410,A,11,H,4,84,99.34,106.57,7.23,7.23,106.57,107.84,2357379,259884,9.071,,41.1652,25194.0,23262.0,0.9233150750178614,0.9576551669434912,51.444963258757255
342-U1410A,"342-U1410A-11H-4,86",342,U1410,A,11,H,4,86,99.36,106.59,7.23,7.23,106.59,107.86,2406400,270288,8.903,,41.1658,25618.0,23398.0,0.9133421812787883,0.9495363733761426,51.16368765561646
342-U1410A,"342-U1410A-11H-4,88",342,U1410,A,11,H,4,88,99.38,106.61,7.23,7.23,106.61,107.88,2475822,264953,9.344,,41.1664,24756.0,22426.0,0.9058814024882856,0.9705328297683242,51.891109887323594
342-U1410A,"342-U1410A-11H-4,90",342,U1410,A,11,H,4,90,99.4,106.63,7.23,7.23,106.63,107.9,2605844,258990,10.062,,41.167,23627.0,21197.0,0.8971515638887714,1.0026843129897294,53.00499802352918
342-U1410A,"342-U1410A-11H-4,92",342,U1410,A,11,H,4,92,99.42,106.65,7.23,7.23,106.65,107.92,2834712,234759,12.075,,41.1676,22053.0,19712.0,0.8938466421802023,1.0818871394235496,55.748979945328884
342-U1410A,"342-U1410A-11H-4,94",342,U1410,A,11,H,4,94,99.44,106.67,7.23,7.23,106.67,107.94,3066550,191323,16.028,,41.1682,18538.0,16372.0,0.8831589168195059,1.204879333760662,60.010044518138145
342-U1410A,"342-U1410A-11H-4,96",342,U1410,A,11,H,4,96,99.46,106.69,7.23,7.23,106.69,107.96,2901136,200579,14.464,,41.1688,18294.0,15144.0,0.8278123975073794,1.160288413131288,58.465192072933476
342-U1410A,"342-U1410A-11H-4,98",342,U1410,A,11,H,4,98,99.48,106.71,7.23,7.23,106.71,107.98,2889603,189624,15.239,,41.1694,18898.0,16121.0,0.8530532331463647,1.1829564690553511,59.25052687042265
342-U1410A,"342-U1410A-11H-4,100",342,U1410,A,11,H,4,100,99.5,106.73,7.23,7.23,106.73,108.0,2881571,213619,13.489,,41.17,20713.0,18420.0,0.8892965770289191,1.12997975466971,57.415148600532106
342-U1410A,"342-U1410A-11H-4,102",342,U1410,A,11,H,4,102,99.52,106.75,7.23,7.23,106.75,108.02,2970451,217885,13.633,,41.1706,19695.0,17344.0,0.8806296014216807,1.134591434710877,57.57492025555834
342-U1410A,"342-U1410A-11H-4,104",342,U1410,A,11,H,4,104,99.54,106.77,7.23,7.23,106.77,108.04,2899936,236175,12.279,,41.1712,19528.0,17158.0,0.8786358049979517,1.0891629993649319,56.00105211299807
342-U1410A,"342-U1410A-11H-4,106",342,U1410,A,11,H,4,106,99.56,106.79,7.23,7.23,106.79,108.06,3004505,216604,13.871,,41.1718,19155.0,17459.0,0.9114591490472461,1.1421077717313066,57.83532375163112
342-U1410A,"342-U1410A-11H-4,108",342,U1410,A,11,H,4,108,99.58,106.81,7.23,7.23,106.81,108.08,2640468,269159,9.81,,41.1724,22661.0,20995.0,0.9264816204051013,0.9916690073799486,52.62337276067832
342-U1410A,"342-U1410A-11H-4,110",342,U1410,A,11,H,4,110,99.6,106.83,7.23,7.23,106.83,108.1,2554276,266133,9.598,,41.173,22658.0,21219.0,0.936490422808721,0.9821807455964027,52.294651931187374
342-U1410A,"342-U1410A-11H-4,112",342,U1410,A,11,H,4,112,99.62,106.85,7.23,7.23,106.85,108.12,2448809,291128,8.411,,41.1736,24166.0,22607.0,0.9354878755276007,0.9248476329755372,50.30834624443749
342-U1410A,"342-U1410A-11H-4,114",342,U1410,A,11,H,4,114,99.64,106.87,7.23,7.23,106.87,108.14,2329328,334675,6.96,,41.1742,26022.0,25313.0,0.972753823687649,0.8426092396105621,47.459197106307926
342-U1410A,"342-U1410A-11H-4,116",342,U1410,A,11,H,4,116,99.66,106.89,7.23,7.23,106.89,108.16,2272320,319093,7.121,,41.1748,25776.0,26270.0,1.0191651148355059,0.8525409857697989,47.80328245199468
342-U1410A,"342-U1410A-11H-4,118",342,U1410,A,11,H,4,118,99.68,106.91,7.23,7.23,106.91,108.18,2093948,360872,5.802,,41.1754,26594.0,27683.0,1.0409490862600586,0.7635777244666453,44.72115026414693
342-U1410A,"342-U1410A-11H-4,120",342,U1410,A,11,H,4,120,99.7,106.93,7.23,7.23,106.93,108.2,2037724,377726,5.395,,41.176,24995.0,27511.0,1.1006601320264053,0.7319914490189294,43.62684375126081
342-U1410A,"342-U1410A-11H-4,122",342,U1410,A,11,H,4,122,99.72,106.95,7.23,7.23,106.95,108.22,1856664,482509,3.848,,41.1766,26207.0,29182.0,1.1135192887396497,0.5852350633657754,38.54246877030729
342-U1410A,"342-U1410A-11H-4,124",342,U1410,A,11,H,4,124,99.74,106.97,7.23,7.23,106.97,108.24,1741174,529667,3.287,,41.1772,26835.0,30615.0,1.140860816098379,0.5167997040816243,36.17152574790788
342-U1410A,"342-U1410A-11H-4,126",342,U1410,A,11,H,4,126,99.76,106.99,7.23,7.23,106.99,108.26,1859178,475405,3.911,,41.1778,29934.0,31617.0,1.05622369212267,0.5922878159521306,38.78681138366157
342-U1410A,"342-U1410A-11H-4,128",342,U1410,A,11,H,4,128,99.78,107.01,7.23,7.23,107.01,108.28,1971255,381521,5.167,,41.1784,29407.0,32598.0,1.1085115788757778,0.7132384615456617,42.977146500249454
342-U1410A,"342-U1410A-11H-4,130",342,U1410,A,11,H,4,130,99.8,107.03,7.23,7.23,107.03,108.3,1962747,409854,4.789,,41.179,30511.0,31908.0,1.0457867654288617,0.6802448370426076,41.83408237934114
342-U1410A,"342-U1410A-11H-4,132",342,U1410,A,11,H,4,132,99.82,107.05,7.23,7.23,107.05,108.32,2151306,326311,6.593,,41.1796,29206.0,30010.0,1.0275285900157503,0.8190830757437026,46.64413315914058
342-U1410A,"342-U1410A-11H-4,134",342,U1410,A,11,H,4,134,99.84,107.07,7.23,7.23,107.07,108.34,2162547,323875,6.677,,41.1802,29541.0,30050.0,1.0172302901052774,0.8245813762334826,46.83462177960901
342-U1410A,"342-U1410A-11H-4,136",342,U1410,A,11,H,4,136,99.86,107.09,7.23,7.23,107.09,108.36,2190168,338718,6.466,,41.1808,31213.0,31751.0,1.0172364079069618,0.8106357002755373,46.351473836046
342-U1410A,"342-U1410A-11H-4,138",342,U1410,A,11,H,4,138,99.88,107.11,7.23,7.23,107.11,108.38,2158637,327147,6.598,,41.1814,29262.0,30832.0,1.0536532021051193,0.8194123112093251,46.655539521847075
342-U1410A,"342-U1410A-11H-4,140",342,U1410,A,11,H,4,140,99.9,107.13,7.23,7.23,107.13,108.4,2088239,332109,6.288,,41.182,30329.0,32422.0,1.0690098585512215,0.7985125330313515,45.93146670687118
342-U1410A,"342-U1410A-11H-4,142",342,U1410,A,11,H,4,142,99.92,107.15,7.23,7.23,107.15,108.42,1912446,427999,4.468,,41.1826,30173.0,32602.0,1.080502435952673,0.6501131644435715,40.79017058214754
342-U1410A,"342-U1410A-11H-4,144",342,U1410,A,11,H,4,144,99.94,107.17,7.23,7.23,107.17,108.44,2209988,311182,7.102,,41.1832,29765.0,30807.0,1.0350075592138417,0.8513806679655967,47.7630832416681
342-U1410A,"342-U1410A-11H-4,146",342,U1410,A,11,H,4,146,99.96,107.19,7.23,7.23,107.19,108.46,1703586,582955,2.922,,41.1838,26480.0,26821.0,1.0128776435045317,0.465680211598278,34.40049093082234
342-U1410A,"342-U1410A-11H-4,148",342,U1410,A,11,H,4,148,99.98,107.21,7.23,7.23,107.21,108.48,2186713,350984,6.23,,41.1844,30325.0,32226.0,1.0626875515251444,0.7944880466591696,45.79203837650694
342-U1410A,"342-U1410A-11H-5,2",342,U1410,A,11,H,5,2,100.02,107.25,7.23,7.23,107.25,108.52,1753894,423636,4.14,,41.1856,30404.0,31919.0,1.0498289698723853,0.617000341120899,39.64297681813355
342-U1410A,"342-U1410A-11H-5,4",342,U1410,A,11,H,5,4,100.04,107.27,7.23,7.23,107.27,108.54,1997411,311358,6.415,,41.1862,30603.0,31576.0,1.0317942685357644,0.8071966607109473,46.23232831033077
342-U1410A,"342-U1410A-11H-5,6",342,U1410,A,11,H,5,6,100.06,107.29,7.23,7.23,107.29,108.56,1931712,312394,6.184,,41.1868,30251.0,30580.0,1.0108756735314535,0.7912694809102685,45.680531166136255
342-U1410A,"342-U1410A-11H-5,8",342,U1410,A,11,H,5,8,100.08,107.31,7.23,7.23,107.31,108.58,1977504,336872,5.87,,41.1874,30198.0,31748.0,1.0513279025101,0.7686381012476144,44.89646701772361
342-U1410A,"342-U1410A-11H-5,10",342,U1410,A,11,H,5,10,100.1,107.33,7.23,7.23,107.33,108.6,1863802,309325,6.025,,41.188,28233.0,29533.0,1.046045407856055,0.7799570512469061,45.28861204044907
342-U1410A,"342-U1410A-11H-5,12",342,U1410,A,11,H,5,12,100.12,107.35,7.23,7.23,107.35,108.62,1768929,291266,6.073,,41.1886,28708.0,28460.0,0.9913612930193674,0.7834032811225635,45.40800667449122
342-U1410A,"342-U1410A-11H-5,14",342,U1410,A,11,H,5,14,100.14,107.37,7.23,7.23,107.37,108.64,1823360,349077,5.223,,41.1892,30114.0,31537.0,1.0472537690110912,0.7179200258369937,43.139339295122646
342-U1410A,"342-U1410A-11H-5,16",342,U1410,A,11,H,5,16,100.16,107.39,7.23,7.23,107.39,108.66,1908076,341335,5.59,,41.1898,29375.0,31250.0,1.0638297872340425,0.7474118078864233,44.161082084225136
342-U1410A,"342-U1410A-11H-5,18",342,U1410,A,11,H,5,18,100.18,107.41,7.23,7.23,107.41,108.68,1923710,310547,6.195,,41.1904,28633.0,30155.0,1.0531554500052387,0.7920413107120823,45.70727120962009
342-U1410A,"342-U1410A-11H-5,20",342,U1410,A,11,H,5,20,100.2,107.43,7.23,7.23,107.43,108.7,1815236,327252,5.547,,41.191,28993.0,30597.0,1.0553236988238541,0.7440581658788354,44.04489515687226
342-U1410A,"342-U1410A-11H-5,22",342,U1410,A,11,H,5,22,100.22,107.45,7.23,7.23,107.45,108.72,1656290,443036,3.738,,41.1916,27609.0,29598.0,1.0720417255242856,0.5726392970428132,38.10608844604826
342-U1410A,"342-U1410A-11H-5,24",342,U1410,A,11,H,5,24,100.24,107.47,7.23,7.23,107.47,108.74,1888778,288436,6.548,,41.1922,27654.0,28996.0,1.0485282418456643,0.8161086707399038,46.54108489778397
342-U1410A,"342-U1410A-11H-5,26",342,U1410,A,11,H,5,26,100.26,107.49,7.23,7.23,107.49,108.76,1741095,293296,5.936,,41.1928,25858.0,28514.0,1.1027148271328022,0.7734938922709707,45.06469589772778
342-U1410A,"342-U1410A-11H-5,28",342,U1410,A,11,H,5,28,100.28,107.51,7.23,7.23,107.51,108.78,1865533,303889,6.139,,41.1934,29443.0,30354.0,1.0309411405087796,0.7880976333802974,45.57064250846041
342-U1410A,"342-U1410A-11H-5,30",342,U1410,A,11,H,5,30,100.3,107.53,7.23,7.23,107.53,108.8,1883265,329107,5.722,,41.194,28801.0,31114.0,1.0803097114683518,0.7575478534692439,44.51224538344196
342-U1410A,"342-U1410A-11H-5,32",342,U1410,A,11,H,5,32,100.32,107.55,7.23,7.23,107.55,108.82,1969032,316155,6.228,,41.1946,28098.0,28406.0,1.0109616342800198,0.7943486038960826,45.78720738197978
342-U1410A,"342-U1410A-11H-5,34",342,U1410,A,11,H,5,34,100.34,107.57,7.23,7.23,107.57,108.84,2006309,280227,7.16,,41.1952,25763.0,26464.0,1.0272095641035595,0.8549130223078556,47.88546165785566
342-U1410A,"342-U1410A-11H-5,36",342,U1410,A,11,H,5,36,100.36,107.59,7.23,7.23,107.59,108.86,2047797,278224,7.36,,41.1958,24187.0,24589.0,1.0166204986149585,0.8668778143374989,48.29998187772265
342-U1410A,"342-U1410A-11H-5,38",342,U1410,A,11,H,5,38,100.38,107.61,7.23,7.23,107.61,108.88,2233510,260469,8.575,,41.1964,24806.0,24945.0,1.0056034830282996,0.933234128714808,50.59889638932452
342-U1410A,"342-U1410A-11H-5,40",342,U1410,A,11,H,5,40,100.4,107.63,7.23,7.23,107.63,108.9,2314851,240660,9.619,,41.197,24315.0,24275.0,0.9983549249434506,0.9831299247347001,52.32753624243368
342-U1410A,"342-U1410A-11H-5,42",342,U1410,A,11,H,5,42,100.42,107.65,7.23,7.23,107.65,108.92,2212696,281552,7.859,,41.1976,24787.0,23608.0,0.9524347440190423,0.8953672887733618,49.28699971955312
342-U1410A,"342-U1410A-11H-5,44",342,U1410,A,11,H,5,44,100.44,107.67,7.23,7.23,107.67,108.94,2444247,243017,10.058,,41.1982,23790.0,22802.0,0.9584699453551913,1.0025116312849083,52.999015465865654
342-U1410A,"342-U1410A-11H-5,46",342,U1410,A,11,H,5,46,100.46,107.69,7.23,7.23,107.69,108.96,2467281,237254,10.399,,41.1988,22759.0,21816.0,0.9585658420844501,1.016991578206205,53.50067322695398
342-U1410A,"342-U1410A-11H-5,48",342,U1410,A,11,H,5,48,100.48,107.71,7.23,7.23,107.71,108.98,2495142,231347,10.785,,41.1994,22475.0,20830.0,0.9268075639599556,1.0328201494385638,54.04905407729905
342-U1410A,"342-U1410A-11H-5,50",342,U1410,A,11,H,5,50,100.5,107.73,7.23,7.23,107.73,109.0,2576256,226197,11.389,,41.2,22243.0,20967.0,0.9426336375488917,1.0564855929511157,54.8689433677914
342-U1410A,"342-U1410A-11H-5,52",342,U1410,A,11,H,5,52,100.52,107.75,7.23,7.23,107.75,109.02,2833974,204459,13.861,,41.2006,21927.0,18952.0,0.8643225247411866,1.1417945635236573,57.82447265327711
342-U1410A,"342-U1410A-11H-5,54",342,U1410,A,11,H,5,54,100.54,107.77,7.23,7.23,107.77,109.04,2975060,188497,15.783,,41.2012,18843.0,17073.0,0.906065913071167,1.1981895565168215,59.77827718552528
342-U1410A,"342-U1410A-11H-5,56",342,U1410,A,11,H,5,56,100.56,107.79,7.23,7.23,107.79,109.06,2784600,144113,19.322,,41.2018,14509.0,11954.0,0.8239024054035426,1.2860520777735163,62.82227423446348
342-U1410A,"342-U1410A-11H-5,58",342,U1410,A,11,H,5,58,100.58,107.81,7.23,7.23,107.81,109.08,3108390,143992,21.587,,41.2024,13932.0,12476.0,0.8954923916164226,1.3341922915248736,64.49009193987925
342-U1410A,"342-U1410A-11H-5,60",342,U1410,A,11,H,5,60,100.6,107.83,7.23,7.23,107.83,109.1,3011166,166852,18.047,,41.203,16718.0,14813.0,0.8860509630338558,1.256405018334166,61.79515186018719
342-U1410A,"342-U1410A-11H-5,62",342,U1410,A,11,H,5,62,100.62,107.85,7.23,7.23,107.85,109.12,2747863,207255,13.258,,41.2036,16937.0,16507.0,0.974611796658204,1.1224780146815114,57.155250818640965
342-U1410A,"342-U1410A-11H-5,64",342,U1410,A,11,H,5,64,100.64,107.87,7.23,7.23,107.87,109.14,2701047,213433,12.655,,41.2042,20017.0,18536.0,0.9260128890443123,1.102262149494273,56.45487216922909
342-U1410A,"342-U1410A-11H-5,66",342,U1410,A,11,H,5,66,100.66,107.89,7.23,7.23,107.89,109.16,2576118,224555,11.472,,41.2048,22082.0,20023.0,0.9067566343628295,1.059639138323725,54.97819794722545
342-U1410A,"342-U1410A-11H-5,68",342,U1410,A,11,H,5,68,100.68,107.91,7.23,7.23,107.91,109.18,2394991,258312,9.272,,41.2054,23773.0,23191.0,0.9755184452950827,0.9671734229555395,51.77472323829467
342-U1410A,"342-U1410A-11H-5,70",342,U1410,A,11,H,5,70,100.7,107.93,7.23,7.23,107.93,109.2,2281858,290813,7.846,,41.206,25172.0,24020.0,0.9542348641347529,0.8946483037935171,49.262090484926404
342-U1410A,"342-U1410A-11H-5,72",342,U1410,A,11,H,5,72,100.72,107.95,7.23,7.23,107.95,109.22,2139106,280676,7.621,,41.2066,26355.0,26665.0,1.0117624739138684,0.8820119616266586,48.82430441055559
342-U1410A,"342-U1410A-11H-5,74",342,U1410,A,11,H,5,74,100.74,107.97,7.23,7.23,107.97,109.24,1979054,307805,6.43,,41.2072,27408.0,27848.0,1.016053706946877,0.8082109729242221,46.26746915695968
342-U1410A,"342-U1410A-11H-5,76",342,U1410,A,11,H,5,76,100.76,107.99,7.23,7.23,107.99,109.26,2002588,322567,6.208,,41.2078,26876.0,28416.0,1.0573001934811728,0.7929517082501321,45.73881193232583
342-U1410A,"342-U1410A-11H-5,78",342,U1410,A,11,H,5,78,100.78,108.01,7.23,7.23,108.01,109.28,1923464,414890,4.636,,41.2084,26114.0,27963.0,1.070804932220265,0.6661434272915584,41.34553903851604
342-U1410A,"342-U1410A-11H-5,80",342,U1410,A,11,H,5,80,100.8,108.03,7.23,7.23,108.03,109.3,1822643,389174,4.683,,41.209,28510.0,31240.0,1.0957558751315328,0.67052415778208,41.49730944636016
342-U1410A,"342-U1410A-11H-5,82",342,U1410,A,11,H,5,82,100.82,108.05,7.23,7.23,108.05,109.32,1639967,447175,3.667,,41.2096,28420.0,30535.0,1.0744194229415904,0.5643109099606027,37.817551475585084
342-U1410A,"342-U1410A-11H-5,84",342,U1410,A,11,H,5,84,100.84,108.07,7.23,7.23,108.07,109.34,1763758,411687,4.284,,41.2102,29277.0,31776.0,1.0853571062608873,0.631849462159818,40.157424616526896
342-U1410A,"342-U1410A-11H-5,86",342,U1410,A,11,H,5,86,100.86,108.09,7.23,7.23,108.09,109.36,1884681,351566,5.361,,41.2108,29467.0,30929.0,1.0496148233617266,0.7292458072253066,43.53172099132075
342-U1410A,"342-U1410A-11H-5,88",342,U1410,A,11,H,5,88,100.88,108.11,7.23,7.23,108.11,109.38,1851392,374838,4.939,,41.2114,29217.0,30830.0,1.0552075846253894,0.6936390261615483,42.29812406136684
342-U1410A,"342-U1410A-11H-5,90",342,U1410,A,11,H,5,90,100.9,108.13,7.23,7.23,108.13,109.4,1966083,320641,6.132,,41.212,28745.0,28895.0,1.00521829883458,0.7876021461823375,45.55347635448709
342-U1410A,"342-U1410A-11H-5,92",342,U1410,A,11,H,5,92,100.92,108.15,7.23,7.23,108.15,109.42,2058842,304521,6.761,,41.2126,27544.0,27910.0,1.0132878303804822,0.8300109359361179,47.0227288755068
342-U1410A,"342-U1410A-11H-5,94",342,U1410,A,11,H,5,94,100.94,108.17,7.23,7.23,108.17,109.44,1918124,344141,5.574,,41.2132,30261.0,30998.0,1.0243547800799708,0.7461669643772854,44.117954480851054
342-U1410A,"342-U1410A-11H-5,96",342,U1410,A,11,H,5,96,100.96,108.19,7.23,7.23,108.19,109.46,1919809,342992,5.597,,41.2138,29518.0,29824.0,1.010366555999729,0.7479553069067298,44.17991160778366
342-U1410A,"342-U1410A-11H-5,98",342,U1410,A,11,H,5,98,100.98,108.21,7.23,7.23,108.21,109.48,1909713,336737,5.671,,41.2144,29171.0,29902.0,1.0250591340715094,0.7536596472859987,44.37753848022342
342-U1410A,"342-U1410A-11H-5,100",342,U1410,A,11,H,5,100,101.0,108.23,7.23,7.23,108.23,109.5,2120961,288895,7.342,,41.215,27354.0,27470.0,1.0042406960590773,0.865814380167968,48.263139200919255
342-U1410A,"342-U1410A-11H-5,102",342,U1410,A,11,H,5,102,101.02,108.25,7.23,7.23,108.25,109.52,1865091,483329,3.859,,41.2156,26064.0,26863.0,1.0306553100061386,0.5864747785713966,38.58541870360604
342-U1410A,"342-U1410A-11H-5,104",342,U1410,A,11,H,5,104,101.04,108.27,7.23,7.23,108.27,109.54,2070109,398250,5.198,,41.2162,27797.0,27260.0,0.9806813684930028,0.7158362751649938,43.06714775309121
342-U1410A,"342-U1410A-11H-5,106",342,U1410,A,11,H,5,106,101.06,108.29,7.23,7.23,108.29,109.56,2277527,319049,7.138,,41.2168,27335.0,27573.0,1.0087067861715748,0.8535765436196416,47.839159353702485
342-U1410A,"342-U1410A-11H-5,108",342,U1410,A,11,H,5,108,101.08,108.31,7.23,7.23,108.31,109.58,2297813,317115,7.246,,41.2174,27566.0,27049.0,0.981245011971269,0.8600983296985181,48.06510663240516
342-U1410A,"342-U1410A-11H-5,110",342,U1410,A,11,H,5,110,101.1,108.33,7.23,7.23,108.33,109.6,2357492,307797,7.659,,41.218,26511.0,25789.0,0.97276602165139,0.8841720695239127,48.89914134865596
342-U1410A,"342-U1410A-11H-5,112",342,U1410,A,11,H,5,112,101.12,108.35,7.23,7.23,108.35,109.62,2609733,287149,9.088,,41.2186,25424.0,24320.0,0.9565764631843927,0.9584683183669436,51.47313488982276
342-U1410A,"342-U1410A-11H-5,114",342,U1410,A,11,H,5,114,101.14,108.37,7.23,7.23,108.37,109.64,2927319,241017,12.146,,41.2192,22077.0,19691.0,0.8919237215201341,1.0844332767865448,55.83719087426985
342-U1410A,"342-U1410A-11H-5,116",342,U1410,A,11,H,5,116,101.16,108.39,7.23,7.23,108.39,109.66,2938000,240534,12.214,,41.2198,22000.0,20135.0,0.9152272727272728,1.0868579156598468,55.9211924880354
342-U1410A,"342-U1410A-11H-5,118",342,U1410,A,11,H,5,118,101.18,108.41,7.23,7.23,108.41,109.68,3435919,194506,17.665,,41.2204,17867.0,15727.0,0.8802261151844182,1.2471136417708644,61.473252119151596
342-U1410A,"342-U1410A-11H-5,120",342,U1410,A,11,H,5,120,101.2,108.43,7.23,7.23,108.43,109.7,3428345,195086,17.574,,41.221,17086.0,15242.0,0.8920753833547934,1.2448706220652423,61.395542701450324
342-U1410A,"342-U1410A-11H-5,122",342,U1410,A,11,H,5,122,101.22,108.45,7.23,7.23,108.45,109.72,3696578,155725,23.738,,41.2216,13795.0,12043.0,0.8729974628488583,1.3754441255051169,65.91926172812478
342-U1410A,"342-U1410A-11H-5,124",342,U1410,A,11,H,5,124,101.24,108.47,7.23,7.23,108.47,109.74,4058792,124612,32.571,,41.2222,10882.0,9850.0,0.9051644918213564,1.5128310925475241,70.67903320130898
342-U1410A,"342-U1410A-11H-5,126",342,U1410,A,11,H,5,126,101.26,108.49,7.23,7.23,108.49,109.76,4056065,123707,32.788,,41.2228,8869.0,7283.0,0.8211748787912955,1.5157149264145824,70.77894362563322
342-U1410A,"342-U1410A-11H-5,128",342,U1410,A,11,H,5,128,101.28,108.51,7.23,7.23,108.51,109.78,4137477,119652,34.579,,41.2234,7080.0,6843.0,0.9665254237288136,1.5388124296330574,71.57915662463728
342-U1410A,"342-U1410A-11H-5,130",342,U1410,A,11,H,5,130,101.3,108.53,7.23,7.23,108.53,109.8,4060624,128228,31.667,,41.224,6964.0,6968.0,1.0005743825387707,1.500606922065987,70.25552681497612
342-U1410A,"342-U1410A-11H-5,132",342,U1410,A,11,H,5,132,101.32,108.55,7.23,7.23,108.55,109.82,3803034,147904,25.713,,41.2246,8858.0,9396.0,1.060736057800858,1.4101527498220678,67.12174201758555
342-U1410A,"342-U1410A-11H-5,134",342,U1410,A,11,H,5,134,101.34,108.57,7.23,7.23,108.57,109.84,3478274,183797,18.925,,41.2252,13331.0,13282.0,0.9963243567624335,1.2770358881721104,62.509908345722764
342-U1410A,"342-U1410A-11H-5,136",342,U1410,A,11,H,5,136,101.36,108.59,7.23,7.23,108.59,109.86,2947503,278218,10.594,,41.2258,22953.0,21964.0,0.956911950507559,1.025059968599579,53.78020261213241
342-U1410A,"342-U1410A-11H-5,138",342,U1410,A,11,H,5,138,101.38,108.61,7.23,7.23,108.61,109.88,2451555,338186,7.249,,41.2264,28025.0,29905.0,1.0670829616413917,0.8602780997522349,48.07133476591618
342-U1410A,"342-U1410A-11H-5,140",342,U1410,A,11,H,5,140,101.4,108.63,7.23,7.23,108.63,109.9,2130552,383174,5.56,,41.227,31393.0,33435.0,1.065046347911955,0.7450747915820575,44.08011615436038
342-U1410A,"342-U1410A-11H-5,142",342,U1410,A,11,H,5,142,101.42,108.65,7.23,7.23,108.65,109.92,1994519,401372,4.969,,41.2276,31467.0,35424.0,1.125750786538278,0.6962689967455328,42.38923939224898
342-U1410A,"342-U1410A-11H-5,144",342,U1410,A,11,H,5,144,101.44,108.67,7.23,7.23,108.67,109.94,1860231,458099,4.061,,41.2282,30906.0,36591.0,1.1839448650747428,0.608632989490037,39.35308992088233
342-U1410A,"342-U1410A-11H-5,146",342,U1410,A,11,H,5,146,101.46,108.69,7.23,7.23,108.69,109.96,1773471,452293,3.921,,41.2288,29953.0,34506.0,1.1520048075318,0.5933968423002067,38.825233601490666
342-U1410A,"342-U1410A-11H-5,148",342,U1410,A,11,H,5,148,101.48,108.71,7.23,7.23,108.71,109.98,2029038,417947,4.855,,41.2294,31761.0,36025.0,1.1342526998520197,0.6861892342440237,42.040026020384204
342-U1410A,"342-U1410A-11H-6,2",342,U1410,A,11,H,6,2,101.52,108.75,7.23,7.23,108.75,110.02,1757713,453129,3.879,,41.2306,34423.0,36973.0,1.0740783778287772,0.5887197796000565,38.66319676424396
342-U1410A,"342-U1410A-11H-6,4",342,U1410,A,11,H,6,4,101.54,108.77,7.23,7.23,108.77,110.04,2027141,371499,5.457,,41.2312,30557.0,33146.0,1.084726903819092,0.736953953783146,43.79876972881709
342-U1410A,"342-U1410A-11H-6,6",342,U1410,A,11,H,6,6,101.56,108.79,7.23,7.23,108.79,110.06,1689788,511687,3.302,,41.2318,30420.0,34383.0,1.130276134122288,0.5187770689267749,36.24003155296812
342-U1410A,"342-U1410A-11H-6,8",342,U1410,A,11,H,6,8,101.58,108.81,7.23,7.23,108.81,110.08,1837665,476299,3.858,,41.2324,29551.0,31257.0,1.0577307028526954,0.5863622233078657,38.58151922650101
342-U1410A,"342-U1410A-11H-6,10",342,U1410,A,11,H,6,10,101.6,108.83,7.23,7.23,108.83,110.1,1905564,421562,4.52,,41.233,29313.0,32753.0,1.1173540749837956,0.6551384348113821,40.96427107404034
342-U1410A,"342-U1410A-11H-6,12",342,U1410,A,11,H,6,12,101.62,108.85,7.23,7.23,108.85,110.12,1906353,395129,4.825,,41.2336,29662.0,31603.0,1.0654372597936754,0.6834973176798114,41.94676457101707
342-U1410A,"342-U1410A-11H-6,14",342,U1410,A,11,H,6,14,101.64,108.87,7.23,7.23,108.87,110.14,1990241,338727,5.876,,41.2342,30029.0,31282.0,1.0417263312131606,0.769081787118219,44.911838514710695
342-U1410A,"342-U1410A-11H-6,16",342,U1410,A,11,H,6,16,101.66,108.89,7.23,7.23,108.89,110.16,1874686,364426,5.144,,41.2348,27654.0,29505.0,1.0669342590583641,0.7113009599161657,42.91002175629556
342-U1410A,"342-U1410A-11H-6,18",342,U1410,A,11,H,6,18,101.68,108.91,7.23,7.23,108.91,110.18,1980335,341558,5.798,,41.2354,28032.0,29671.0,1.058468892694064,0.7632782110189786,44.71077362075252
342-U1410A,"342-U1410A-11H-6,20",342,U1410,A,11,H,6,20,101.7,108.93,7.23,7.23,108.93,110.2,2013826,339022,5.94,,41.236,28982.0,28692.0,0.9899937892484991,0.7737864449811935,45.07483138637345
342-U1410A,"342-U1410A-11H-6,22",342,U1410,A,11,H,6,22,101.72,108.95,7.23,7.23,108.95,110.22,2041605,323611,6.309,,41.2366,29301.0,28962.0,0.9884304289955974,0.7999605274059836,45.981632471980305
342-U1410A,"342-U1410A-11H-6,24",342,U1410,A,11,H,6,24,101.74,108.97,7.23,7.23,108.97,110.24,2189192,313458,6.984,,41.2372,29425.0,28615.0,0.9724723874256584,0.8441042306975133,47.51099107251535
342-U1410A,"342-U1410A-11H-6,26",342,U1410,A,11,H,6,26,101.76,108.99,7.23,7.23,108.99,110.26,2349207,287380,8.175,,41.2378,25648.0,27193.0,1.0602386150966936,0.9124877613323237,49.88013849135835
342-U1410A,"342-U1410A-11H-6,28",342,U1410,A,11,H,6,28,101.78,109.01,7.23,7.23,109.01,110.28,2580321,245567,10.508,,41.2384,24038.0,22725.0,0.9453781512605042,1.0215200641140327,53.65756262123067
342-U1410A,"342-U1410A-11H-6,30",342,U1410,A,11,H,6,30,101.8,109.03,7.23,7.23,109.03,110.3,2739935,223390,12.265,,41.239,21403.0,19434.0,0.9080035509040789,1.0886675525424045,55.983887357831605
342-U1410A,"342-U1410A-11H-6,32",342,U1410,A,11,H,6,32,101.82,109.05,7.23,7.23,109.05,110.32,3082062,191687,16.079,,41.2396,18371.0,16921.0,0.9210712536062272,1.206259035209283,60.05784427482561
342-U1410A,"342-U1410A-11H-6,34",342,U1410,A,11,H,6,34,101.84,109.07,7.23,7.23,109.07,110.34,3249757,170134,19.101,,41.2402,17249.0,14716.0,0.8531509072989738,1.2810561045835043,62.64918874329551
342-U1410A,"342-U1410A-11H-6,36",342,U1410,A,11,H,6,36,101.86,109.09,7.23,7.23,109.09,110.36,3379894,149789,22.564,,41.2408,13035.0,12403.0,0.9515151515151515,1.3534160910533561,65.15610047454352
342-U1410A,"342-U1410A-11H-6,38",342,U1410,A,11,H,6,38,101.88,109.11,7.23,7.23,109.11,110.38,3664630,131691,27.827,,41.2414,11196.0,10308.0,0.9206859592711683,1.4444663880201931,68.3105380129596
342-U1410A,"342-U1410A-11H-6,40",342,U1410,A,11,H,6,40,101.9,109.13,7.23,7.23,109.13,110.4,3900858,120401,32.399,,41.242,9551.0,9363.0,0.9803161972568317,1.5105316058490776,70.5993674846413
342-U1410A,"342-U1410A-11H-6,44",342,U1410,A,11,H,6,44,101.94,109.17,7.23,7.23,109.17,110.44,3515334,110644,31.772,,41.2432,8590.0,8505.0,0.990104772991851,1.5020445538773535,70.30533356908091
342-U1410A,"342-U1410A-11H-6,46",342,U1410,A,11,H,6,46,101.96,109.19,7.23,7.23,109.19,110.46,3127223,148683,21.033,,41.2438,11998.0,10894.0,0.9079846641106851,1.322901221831552,64.09891283035412
342-U1410A,"342-U1410A-11H-6,48",342,U1410,A,11,H,6,48,101.98,109.21,7.23,7.23,109.21,110.48,2850143,194357,14.664,,41.2444,15277.0,14957.0,0.979053479086208,1.1662524519541602,58.671816197951884
342-U1410A,"342-U1410A-11H-6,50",342,U1410,A,11,H,6,50,102.0,109.23,7.23,7.23,109.23,110.5,2241717,265139,8.455,,41.245,21288.0,20710.0,0.9728485531754979,0.9271136119337605,50.38685108544513
342-U1410A,"342-U1410A-11H-6,52",342,U1410,A,11,H,6,52,102.02,109.25,7.23,7.23,109.25,110.52,2232365,283103,7.885,,41.2456,24583.0,23854.0,0.9703453606150592,0.8968016976649217,49.33669481560121
342-U1410A,"342-U1410A-11H-6,54",342,U1410,A,11,H,6,54,102.04,109.27,7.23,7.23,109.27,110.54,2527707,229506,11.014,,41.2462,20120.0,19878.0,0.9879721669980119,1.0419450721452637,54.36518702447266
342-U1410A,"342-U1410A-11H-6,56",342,U1410,A,11,H,6,56,102.06,109.29,7.23,7.23,109.29,110.56,1787987,331185,5.399,,41.2468,27463.0,27803.0,1.0123802934857808,0.7323133274712424,43.637995230241195
342-U1410A,"342-U1410A-11H-6,58",342,U1410,A,11,H,6,58,102.08,109.31,7.23,7.23,109.31,110.58,1740432,334916,5.197,,41.2474,26857.0,28983.0,1.0791599955318911,0.7157527168228595,43.06425287432796
342-U1410A,"342-U1410A-11H-6,60",342,U1410,A,11,H,6,60,102.1,109.33,7.23,7.23,109.33,110.6,1733332,335878,5.161,,41.248,27018.0,28150.0,1.0418979939299726,0.7127338590699518,42.95966454747848
342-U1410A,"342-U1410A-11H-6,62",342,U1410,A,11,H,6,62,102.12,109.35,7.23,7.23,109.35,110.62,1473359,473163,3.114,,41.2486,25365.0,28652.0,1.1295880149812734,0.49331860823210144,35.35802318220115
342-U1410A,"342-U1410A-11H-6,64",342,U1410,A,11,H,6,64,102.14,109.37,7.23,7.23,109.37,110.64,1649477,422600,3.903,,41.2492,26512.0,29198.0,1.1013126131563067,0.5913985512812487,38.75600280913886
342-U1410A,"342-U1410A-11H-6,66",342,U1410,A,11,H,6,66,102.16,109.39,7.23,7.23,109.39,110.66,1760314,362866,4.851,,41.2498,27401.0,29150.0,1.0638297872340425,0.6858312746260635,42.02762450941997
342-U1410A,"342-U1410A-11H-6,68",342,U1410,A,11,H,6,68,102.18,109.41,7.23,7.23,109.41,110.68,2172388,305987,7.1,,41.2504,25051.0,25331.0,1.0111771985150293,0.8512583487190752,47.75884549137236
342-U1410A,"342-U1410A-11H-6,70",342,U1410,A,11,H,6,70,102.2,109.43,7.23,7.23,109.43,110.7,1820291,364692,4.991,,41.251,27875.0,28960.0,1.0389237668161435,0.6981875698661224,42.45570835801181
342-U1410C,"342-U1410C-12H-1,22",342,U1410,C,12,H,1,22,99.52,109.43,9.91,9.91,109.43,110.7,1784685,345762,5.162,,41.251,25183.0,30194.0,1.1989834412103404,0.71281800020785,42.962579617200966
342-U1410C,"342-U1410C-12H-1,24",342,U1410,C,12,H,1,24,99.54,109.45,9.91,9.91,109.45,110.72,1745191,347981,5.015,,41.2516,24506.0,30282.0,1.2356973802334121,0.7002709373564369,42.52788662471376
342-U1410C,"342-U1410C-12H-1,26",342,U1410,C,12,H,1,26,99.56,109.47,9.91,9.91,109.47,110.74,1732866,341464,5.075,,41.2522,24914.0,29802.0,1.1961949104920928,0.7054360465852505,42.706831833946005
342-U1410C,"342-U1410C-12H-1,28",342,U1410,C,12,H,1,28,99.58,109.49,9.91,9.91,109.49,110.76,1649906,349667,4.719,,41.2528,24325.0,30823.0,1.2671325796505652,0.6738499773429493,41.61253246504648
342-U1410C,"342-U1410C-12H-1,30",342,U1410,C,12,H,1,30,99.6,109.51,9.91,9.91,109.51,110.78,1661315,349822,4.749,,41.2534,23894.0,30206.0,1.2641667364191846,0.6766021695820184,41.707882165169025
342-U1410C,"342-U1410C-12H-1,32",342,U1410,C,12,H,1,32,99.62,109.53,9.91,9.91,109.53,110.8,1759427,402083,4.376,,41.254,23577.0,27874.0,1.1822538915044323,0.6410773133253744,40.4771235201576
342-U1410C,"342-U1410C-12H-1,34",342,U1410,C,12,H,1,34,99.64,109.55,9.91,9.91,109.55,110.82,1885345,378440,4.982,,41.2546,22823.0,26816.0,1.1749550891644394,0.6974037232004877,42.428551990280894
342-U1410C,"342-U1410C-12H-1,36",342,U1410,C,12,H,1,36,99.66,109.57,9.91,9.91,109.57,110.84,2087426,322663,6.469,,41.2552,23067.0,26237.0,1.1374257597433564,0.8108371511404884,46.35845310126222
342-U1410C,"342-U1410C-12H-1,38",342,U1410,C,12,H,1,38,99.68,109.59,9.91,9.91,109.59,110.86,1975424,337169,5.859,,41.2558,23264.0,27835.0,1.1964838376891334,0.7678234980075168,44.86824508847042
342-U1410C,"342-U1410C-12H-1,40",342,U1410,C,12,H,1,40,99.7,109.61,9.91,9.91,109.61,110.88,2098526,341699,6.141,,41.2564,22034.0,25037.0,1.136289370972134,0.7882390973821681,45.57554352880521
342-U1410C,"342-U1410C-12H-1,42",342,U1410,C,12,H,1,42,99.72,109.63,9.91,9.91,109.63,110.9,2215754,284612,7.785,,41.257,20289.0,23350.0,1.1508699295184583,0.8912586169041391,49.1446547826439
342-U1410C,"342-U1410C-12H-1,44",342,U1410,C,12,H,1,44,99.74,109.65,9.91,9.91,109.65,110.92,2321082,289139,8.028,,41.2576,22050.0,24312.0,1.1025850340136054,0.9046073638154479,49.6071221193862
342-U1410C,"342-U1410C-12H-1,46",342,U1410,C,12,H,1,46,99.76,109.67,9.91,9.91,109.67,110.94,2494502,279408,8.928,,41.2582,19160.0,21163.0,1.1045407098121085,0.9507541815935036,51.20587862130694
342-U1410C,"342-U1410C-12H-1,48",342,U1410,C,12,H,1,48,99.78,109.69,9.91,9.91,109.69,110.96,2841297,232621,12.214,,41.2588,16553.0,17806.0,1.0756962484141848,1.0868579156598468,55.9211924880354
342-U1410C,"342-U1410C-12H-1,50",342,U1410,C,12,H,1,50,99.8,109.71,9.91,9.91,109.71,110.98,2996956,215873,13.883,,41.2594,16191.0,17205.0,1.062627385584584,1.142483323659504,57.84833474818352
342-U1410C,"342-U1410C-12H-1,52",342,U1410,C,12,H,1,52,99.82,109.73,9.91,9.91,109.73,111.0,3273032,182933,17.892,,41.26,13465.0,14122.0,1.0487931674712216,1.2526588895006194,61.66536722674897
342-U1410C,"342-U1410C-12H-1,54",342,U1410,C,12,H,1,54,99.84,109.75,9.91,9.91,109.75,111.02,3228709,189373,17.049,,41.2606,13873.0,14567.0,1.050025228861818,1.2316989107643928,60.93920876343239
342-U1410C,"342-U1410C-12H-1,56",342,U1410,C,12,H,1,56,99.86,109.77,9.91,9.91,109.77,111.04,3532060,164616,21.456,,41.2612,12459.0,11691.0,0.9383578136287022,1.3315487605075236,64.39850680778316
342-U1410C,"342-U1410C-12H-1,58",342,U1410,C,12,H,1,58,99.88,109.79,9.91,9.91,109.79,111.06,3754602,139718,26.873,,41.2618,9345.0,11059.0,1.1834135901551632,1.4293161521316617,67.78565809060143
342-U1410C,"342-U1410C-12H-1,60",342,U1410,C,12,H,1,60,99.9,109.81,9.91,9.91,109.81,111.08,3048381,209664,14.539,,41.2624,13095.0,15550.0,1.187476135929744,1.162534536549356,58.54300901875244
342-U1410C,"342-U1410C-12H-1,62",342,U1410,C,12,H,1,62,99.92,109.83,9.91,9.91,109.83,111.1,3985988,129981,30.666,,41.263,7391.0,9173.0,1.2411040454606954,1.4866571313388806,69.77223631523552
342-U1410C,"342-U1410C-12H-1,64",342,U1410,C,12,H,1,64,99.94,109.85,9.91,9.91,109.85,111.12,3936962,125456,31.381,,41.2636,8551.0,9034.0,1.0564846216816746,1.4966667788800487,70.1190205542993
342-U1410C,"342-U1410C-12H-1,66",342,U1410,C,12,H,1,66,99.96,109.87,9.91,9.91,109.87,111.14,4020153,103694,38.769,,41.2642,5849.0,6673.0,1.140878782697897,1.5884845990447929,73.30004893390685
342-U1410C,"342-U1410C-12H-1,68",342,U1410,C,12,H,1,68,99.98,109.89,9.91,9.91,109.89,111.16,3556135,132508,26.837,,41.2648,7759.0,9171.0,1.181982214202861,1.4287339661815655,67.76548825836034
342-U1410C,"342-U1410C-12H-1,70",342,U1410,C,12,H,1,70,100.0,109.91,9.91,9.91,109.91,111.18,3274270,172170,19.018,,41.2654,9684.0,11027.0,1.1386823626600577,1.2791648430622709,62.583665987892374
342-U1410C,"342-U1410C-12H-1,72",342,U1410,C,12,H,1,72,100.02,109.93,9.91,9.91,109.93,111.2,2595688,205479,12.632,,41.266,14835.0,17341.0,1.1689248399056287,1.1014721170002377,56.427501493473244
342-U1410C,"342-U1410C-12H-1,74",342,U1410,C,12,H,1,74,100.04,109.95,9.91,9.91,109.95,111.22,2147570,270860,7.929,,41.2666,17118.0,22089.0,1.2903960743077463,0.8992184178513728,49.42042208646082
342-U1410C,"342-U1410C-12H-1,76",342,U1410,C,12,H,1,76,100.06,109.97,9.91,9.91,109.97,111.24,1833870,286342,6.404,,41.2672,20342.0,26250.0,1.2904335856847902,0.8064513232472621,46.206506093901396
342-U1410C,"342-U1410C-12H-1,78",342,U1410,C,12,H,1,78,100.08,109.99,9.91,9.91,109.99,111.26,1655287,310922,5.324,,41.2678,21400.0,28119.0,1.3139719626168225,0.7262380468026375,43.42751713147737
342-U1410C,"342-U1410C-12H-1,80",342,U1410,C,12,H,1,80,100.1,110.01,9.91,9.91,110.01,111.28,1449533,382485,3.79,,41.2684,21259.0,29506.0,1.3879298179594524,0.5786392099680724,38.31395542934387
342-U1410C,"342-U1410C-12H-1,82",342,U1410,C,12,H,1,82,100.12,110.03,9.91,9.91,110.03,111.3,1485420,404358,3.674,,41.269,21912.0,30986.0,1.4141109894121942,0.5651391519697895,37.84624591999336
342-U1410C,"342-U1410C-12H-1,84",342,U1410,C,12,H,1,84,100.14,110.05,9.91,9.91,110.05,111.32,1308764,486127,2.692,,41.2696,20560.0,28696.0,1.3957198443579766,0.43007505555193926,33.166950299596934
342-U1410C,"342-U1410C-12H-1,86",342,U1410,C,12,H,1,86,100.16,110.07,9.91,9.91,110.07,111.34,1511558,368543,4.101,,41.2702,22878.0,30765.0,1.3447416732231838,0.6128897692874847,39.500566056964914
342-U1410C,"342-U1410C-12H-1,88",342,U1410,C,12,H,1,88,100.18,110.09,9.91,9.91,110.09,111.36,1404972,385084,3.648,,41.2708,22444.0,30211.0,1.3460613081447157,0.5620548296563785,37.73938957344524
342-U1410C,"342-U1410C-12H-1,90",342,U1410,C,12,H,1,90,100.2,110.11,9.91,9.91,110.11,111.38,1267537,483217,2.623,,41.2714,21682.0,30181.0,1.3919841343049535,0.4187982905903536,32.7762667775028
342-U1410C,"342-U1410C-12H-1,92",342,U1410,C,12,H,1,92,100.22,110.13,9.91,9.91,110.13,111.4,1383110,471890,2.931,,41.272,21540.0,29033.0,1.3478644382544105,0.46701581843843554,34.4467630297996
342-U1410C,"342-U1410C-12H-1,94",342,U1410,C,12,H,1,94,100.24,110.15,9.91,9.91,110.15,111.42,1588864,334972,4.743,,41.2726,23341.0,29868.0,1.2796366908015937,0.6760531246518715,41.68886050356409
342-U1410C,"342-U1410C-12H-1,96",342,U1410,C,12,H,1,96,100.26,110.17,9.91,9.91,110.17,111.44,1578284,320646,4.922,,41.2732,22352.0,29077.0,1.3008679312813172,0.6921416093667837,42.24624605651222
342-U1410C,"342-U1410C-12H-1,98",342,U1410,C,12,H,1,98,100.28,110.19,9.91,9.91,110.19,111.46,1345403,450253,2.988,,41.2738,19781.0,27023.0,1.3661088923714675,0.4753805931433612,34.73656064945175
342-U1410C,"342-U1410C-12H-1,100",342,U1410,C,12,H,1,100,100.3,110.21,9.91,9.91,110.21,111.48,1398823,432791,3.232,,41.2744,20263.0,26222.0,1.2940828110348912,0.5094713521025486,35.9176349935928
342-U1410C,"342-U1410C-12H-1,102",342,U1410,C,12,H,1,102,100.32,110.23,9.91,9.91,110.23,111.5,1480960,387076,3.826,,41.275,21228.0,27271.0,1.2846711889956661,0.5827449656912771,38.4561993363743
342-U1410C,"342-U1410C-12H-1,104",342,U1410,C,12,H,1,104,100.34,110.25,9.91,9.91,110.25,111.52,1701043,295629,5.754,,41.2756,21050.0,25437.0,1.2084085510688836,0.7599698575543072,44.59615571496897
342-U1410C,"342-U1410C-12H-1,106",342,U1410,C,12,H,1,106,100.36,110.27,9.91,9.91,110.27,111.54,1639268,344176,4.763,,41.2762,20475.0,25590.0,1.2498168498168498,0.6778805815115905,41.75217274646906
342-U1410C,"342-U1410C-12H-1,108",342,U1410,C,12,H,1,108,100.38,110.29,9.91,9.91,110.29,111.56,1737472,298158,5.827,,41.2768,20351.0,24653.0,1.211390103680409,0.7654450180901501,44.78584265173325
342-U1410C,"342-U1410C-12H-1,110",342,U1410,C,12,H,1,110,100.4,110.31,9.91,9.91,110.31,111.58,1647935,328141,5.022,,41.2774,20897.0,26498.0,1.2680289036703833,0.7008767083769036,42.548873561717826
342-U1410C,"342-U1410C-12H-1,112",342,U1410,C,12,H,1,112,100.42,110.33,9.91,9.91,110.33,111.6,1778771,288966,6.156,,41.278,19662.0,24531.0,1.2476350320415013,0.7892986111594411,45.61225038361884
342-U1410C,"342-U1410C-12H-1,114",342,U1410,C,12,H,1,114,100.44,110.35,9.91,9.91,110.35,111.62,1705350,289571,5.889,,41.2786,20835.0,25019.0,1.200815934725222,0.7700415543196687,44.94508964940492
342-U1410C,"342-U1410C-12H-1,116",342,U1410,C,12,H,1,116,100.46,110.37,9.91,9.91,110.37,111.64,1664222,268157,6.206,,41.2792,20589.0,24797.0,1.2043809801350236,0.792811771248147,45.73396381489205
342-U1410C,"342-U1410C-12H-1,118",342,U1410,C,12,H,1,118,100.48,110.39,9.91,9.91,110.39,111.66,1665429,329417,5.056,,41.2798,20207.0,24328.0,1.2039392289800563,0.7038070652743286,42.650395776429114
342-U1410C,"342-U1410C-12H-1,120",342,U1410,C,12,H,1,120,100.5,110.41,9.91,9.91,110.41,111.68,1770373,248195,7.133,,41.2804,19607.0,23201.0,1.1833018819809251,0.8532722240206833,47.828616201196574
342-U1410C,"342-U1410C-12H-1,122",342,U1410,C,12,H,1,122,100.52,110.43,9.91,9.91,110.43,111.7,1879904,242669,7.747,,41.281,17870.0,20561.0,1.1505875769446,0.8891335559667239,49.07103204646715
342-U1410C,"342-U1410C-12H-1,124",342,U1410,C,12,H,1,124,100.54,110.45,9.91,9.91,110.45,111.72,2059615,215564,9.555,,41.2816,16611.0,19205.0,1.1561615796761182,0.9802306913910317,52.2270923032423
342-U1410C,"342-U1410C-12H-1,126",342,U1410,C,12,H,1,126,100.56,110.47,9.91,9.91,110.47,111.74,2109294,206914,10.194,,41.2822,15912.0,17803.0,1.1188411261940674,1.0083446292526892,53.20109968045942
342-U1410C,"342-U1410C-12H-1,128",342,U1410,C,12,H,1,128,100.58,110.49,9.91,9.91,110.49,111.76,2278285,183543,12.413,,41.2828,15069.0,15382.0,1.020771119516889,1.0938767553900446,56.1643601904881
342-U1410C,"342-U1410C-12H-1,130",342,U1410,C,12,H,1,130,100.6,110.51,9.91,9.91,110.51,111.78,2523965,170158,14.833,,41.2834,12458.0,13784.0,1.1064376304382726,1.1712289967250513,58.844228591539405
342-U1410C,"342-U1410C-12H-1,132",342,U1410,C,12,H,1,132,100.62,110.53,9.91,9.91,110.53,111.8,2969672,137567,21.587,,41.284,9534.0,11195.0,1.1742185861128593,1.3341922915248736,64.49009193987925
342-U1410C,"342-U1410C-12H-1,134",342,U1410,C,12,H,1,134,100.64,110.55,9.91,9.91,110.55,111.82,3300788,95753,34.472,,41.2846,7004.0,7841.0,1.1195031410622502,1.5374664810803114,71.5325262370274
342-U1410C,"342-U1410C-12H-1,136",342,U1410,C,12,H,1,136,100.66,110.57,9.91,9.91,110.57,111.84,3596539,80219,44.834,splice point 4,41.2852,5053.0,6579.0,1.3019988125865822,1.6516074874812623,75.48694140378834
342-U1410A,"342-U1410A-12H-4,26",342,U1410,A,12,H,4,26,108.26,117.69,9.43,9.43,117.69,119.12,4569969,91805,49.779,splice point 5,41.5494951,7827.0,6359.0,0.8124441037434521,1.6970461679084905,77.06116448718966
342-U1410A,"342-U1410A-12H-4,28",342,U1410,A,12,H,4,28,108.28,117.71,9.43,9.43,117.71,119.14,4158645,136233,30.526,,41.5502427,10147.0,8877.0,0.8748398541440819,1.4846698998853332,69.70338868152737
342-U1410A,"342-U1410A-12H-4,30",342,U1410,A,12,H,4,30,108.3,117.73,9.43,9.43,117.73,119.16,4091102,123284,33.184,,41.5509903,10062.0,8300.0,0.8248857086066388,1.5209287347089469,70.95957601399147
342-U1410A,"342-U1410A-12H-4,32",342,U1410,A,12,H,4,32,108.32,117.75,9.43,9.43,117.75,119.18,2423744,347793,6.969,,41.5517379,25319.0,25910.0,1.0233421541135115,0.8431704645198979,47.47864074329186
342-U1410A,"342-U1410A-12H-4,34",342,U1410,A,12,H,4,34,108.34,117.77,9.43,9.43,117.77,119.2,3044508,257302,11.832,,41.5524854,19228.0,18672.0,0.9710838360723945,1.073058160988836,55.443099987458226
342-U1410A,"342-U1410A-12H-4,36",342,U1410,A,12,H,4,36,108.36,117.79,9.43,9.43,117.79,119.22,2944871,286230,10.288,,41.553233,22376.0,21060.0,0.9411869860564891,1.012330955580147,53.339205956074196
342-U1410A,"342-U1410A-12H-4,38",342,U1410,A,12,H,4,38,108.38,117.81,9.43,9.43,117.81,119.24,2814295,297822,9.45,,41.5539806,21041.0,22209.0,1.0555106696449787,0.9754318085092629,52.06083500580341
342-U1410A,"342-U1410A-12H-4,40",342,U1410,A,12,H,4,40,108.4,117.83,9.43,9.43,117.83,119.26,2410326,350194,6.883,,41.5547282,26152.0,25451.0,0.9731951667176506,0.8377777695537333,47.29181082618909
342-U1410A,"342-U1410A-12H-4,42",342,U1410,A,12,H,4,42,108.42,117.85,9.43,9.43,117.85,119.28,2573623,368209,6.99,,41.5554757,27078.0,26542.0,0.9802053327424477,0.8444771757456814,47.52391175370913
342-U1410A,"342-U1410A-12H-4,44",342,U1410,A,12,H,4,44,108.44,117.87,9.43,9.43,117.87,119.3,2162112,437721,4.939,,41.5562233,30785.0,32607.0,1.059184667857723,0.6936390261615483,42.29812406136684
342-U1410A,"342-U1410A-12H-4,46",342,U1410,A,12,H,4,46,108.46,117.89,9.43,9.43,117.89,119.32,2130931,426218,5.0,,41.5569709,31410.0,31565.0,1.0049347341610952,0.6989700043360189,42.482815800221374
342-U1410A,"342-U1410A-12H-4,48",342,U1410,A,12,H,4,48,108.48,117.91,9.43,9.43,117.91,119.34,2074184,462686,4.483,,41.5577185,30130.0,32829.0,1.08957849319615,0.6515687388657918,40.84059895800536
342-U1410A,"342-U1410A-12H-4,50",342,U1410,A,12,H,4,50,108.5,117.93,9.43,9.43,117.93,119.36,1963572,546044,3.596,,41.558466,29860.0,32064.0,1.0738111185532484,0.5558196830611911,37.52337291965497
342-U1410A,"342-U1410A-12H-4,52",342,U1410,A,12,H,4,52,108.52,117.95,9.43,9.43,117.95,119.38,2206873,428237,5.153,,41.5592136,28156.0,30202.0,1.0726665719562438,0.7120601424610747,42.93632363556394
342-U1410A,"342-U1410A-12H-4,54",342,U1410,A,12,H,4,54,108.54,117.97,9.43,9.43,117.97,119.4,2101112,457016,4.597,,41.5599612,29815.0,31493.0,1.0562803957739393,0.6624745037503097,41.21842918242948
342-U1410A,"342-U1410A-12H-4,56",342,U1410,A,12,H,4,56,108.56,117.99,9.43,9.43,117.99,119.42,2300241,415423,5.537,,41.5607087,28042.0,28968.0,1.0330218957278368,0.7432745235119333,44.01774586707093
342-U1410A,"342-U1410A-12H-4,58",342,U1410,A,12,H,4,58,108.58,118.01,9.43,9.43,118.01,119.44,2477199,387726,6.389,,41.5614563,27163.0,26040.0,0.9586569966498546,0.80543288813214,46.17122240933799
342-U1410A,"342-U1410A-12H-4,60",342,U1410,A,12,H,4,60,108.6,118.03,9.43,9.43,118.03,119.46,2531943,398900,6.347,,41.5622039,27180.0,25485.0,0.9376379690949227,0.8025684983139565,46.07198562408702
342-U1410A,"342-U1410A-12H-4,62",342,U1410,A,12,H,4,62,108.62,118.05,9.43,9.43,118.05,119.48,2655498,364659,7.282,,41.5629515,25353.0,23564.0,0.9294363586163373,0.8622506745979249,48.13967462144511
342-U1410A,"342-U1410A-12H-4,64",342,U1410,A,12,H,4,64,108.64,118.07,9.43,9.43,118.07,119.5,3065869,301494,10.169,,41.563699,21559.0,19395.0,0.8996242868407626,1.0072782473342443,53.16415487889489
342-U1410A,"342-U1410A-12H-4,66",342,U1410,A,12,H,4,66,108.66,118.09,9.43,9.43,118.09,119.52,2868374,335585,8.547,,41.5644466,25299.0,23095.0,0.9128819320921776,0.9318137039591393,50.54968577366438
342-U1410A,"342-U1410A-12H-4,68",342,U1410,A,12,H,4,68,108.68,118.11,9.43,9.43,118.11,119.54,3055876,310218,9.851,,41.5651942,23021.0,20727.0,0.9003518526562704,0.9934803190699966,52.68612565418003
342-U1410A,"342-U1410A-12H-4,70",342,U1410,A,12,H,4,70,108.7,118.13,9.43,9.43,118.13,119.56,2812039,342154,8.219,,41.5659418,24601.0,21986.0,0.8937035079874802,0.9148189804474731,49.96090357760271
342-U1410A,"342-U1410A-12H-4,72",342,U1410,A,12,H,4,72,108.72,118.15,9.43,9.43,118.15,119.58,2896542,321438,9.011,,41.5666893,23762.0,21192.0,0.891844120865247,0.954772989689717,51.34511022780025
342-U1410A,"342-U1410A-12H-4,74",342,U1410,A,12,H,4,74,108.74,118.17,9.43,9.43,118.17,119.6,2605657,342822,7.601,,41.5674369,25675.0,23187.0,0.9030963972736125,0.8808707325324234,48.78476652858581
342-U1410A,"342-U1410A-12H-4,76",342,U1410,A,12,H,4,76,108.76,118.19,9.43,9.43,118.19,119.62,3094762,283568,10.914,,41.5681845,20508.0,18714.0,0.9125219426565243,1.0379839494471272,54.227953928595724
342-U1410A,"342-U1410A-12H-4,78",342,U1410,A,12,H,4,78,108.78,118.21,9.43,9.43,118.21,119.64,3049156,289566,10.53,,41.568932,21322.0,18846.0,0.8838758090235438,1.0224283711854865,53.689030919721176
342-U1410A,"342-U1410A-12H-4,80",342,U1410,A,12,H,4,80,108.8,118.23,9.43,9.43,118.23,119.66,3299590,269614,12.238,,41.5696796,19384.0,17106.0,0.8824803962030541,1.08771044886063,55.95072850077652
342-U1410A,"342-U1410A-12H-4,82",342,U1410,A,12,H,4,82,108.82,118.25,9.43,9.43,118.25,119.68,3283335,265280,12.377,,41.5704272,19534.0,16080.0,0.823180096242449,1.0926153909415548,56.12066021917016
342-U1410A,"342-U1410A-12H-4,84",342,U1410,A,12,H,4,84,108.84,118.27,9.43,9.43,118.27,119.7,3245537,280335,11.577,,41.5711748,18832.0,17393.0,0.9235875106202209,1.063596033291059,55.11528457336874
342-U1410A,"342-U1410A-12H-4,86",342,U1410,A,12,H,4,86,108.86,118.29,9.43,9.43,118.29,119.72,3139600,302510,10.378,,41.5719223,21594.0,17815.0,0.8249976845420024,1.0161136663589085,53.470257971004386
342-U1410A,"342-U1410A-12H-4,88",342,U1410,A,12,H,4,88,108.88,118.31,9.43,9.43,118.31,119.74,3072785,314303,9.777,,41.5726699,21338.0,18556.0,0.8696222701284094,0.9902056151848065,52.57267353807762
342-U1410A,"342-U1410A-12H-4,90",342,U1410,A,12,H,4,90,108.9,118.33,9.43,9.43,118.33,119.76,3009628,321210,9.37,,41.5734175,21551.0,19967.0,0.9264999303976613,0.9717395908877783,51.93291812630709
342-U1410A,"342-U1410A-12H-4,92",342,U1410,A,12,H,4,92,108.92,118.35,9.43,9.43,118.35,119.78,3132382,300294,10.431,,41.574165,20735.0,18935.0,0.9131902580178443,1.0183259454029208,53.54690237848419
342-U1410A,"342-U1410A-12H-4,94",342,U1410,A,12,H,4,94,108.94,118.37,9.43,9.43,118.37,119.8,3163904,291166,10.866,,41.5749126,20323.0,17865.0,0.8790532893765685,1.036069700697702,54.16163478067189
342-U1410A,"342-U1410A-12H-4,96",342,U1410,A,12,H,4,96,108.96,118.39,9.43,9.43,118.39,119.82,3312549,270542,12.244,,41.5756602,18580.0,15467.0,0.832454251883746,1.087923320925297,55.958103453456914
342-U1410A,"342-U1410A-12H-4,98",342,U1410,A,12,H,4,98,108.98,118.41,9.43,9.43,118.41,119.84,3121237,280247,11.137,,41.5764078,19775.0,16664.0,0.8426801517067004,1.0467682196608383,54.532284970149746
342-U1410A,"342-U1410A-12H-4,100",342,U1410,A,12,H,4,100,109.0,118.43,9.43,9.43,118.43,119.86,3382771,235658,14.355,,41.5771553,16483.0,14481.0,0.8785415276345325,1.1570031968325247,58.35137575426282
342-U1410A,"342-U1410A-12H-4,102",342,U1410,A,12,H,4,102,109.02,118.45,9.43,9.43,118.45,119.88,3305516,238888,13.837,,41.5779029,17781.0,15916.0,0.8951127608121028,1.1410419409390493,57.79839804383337
342-U1410A,"342-U1410A-12H-4,104",342,U1410,A,12,H,4,104,109.04,118.47,9.43,9.43,118.47,119.9,3293676,241344,13.647,,41.5786505,17028.0,16027.0,0.9412144702842378,1.1350371915496176,57.59036350123651
342-U1410A,"342-U1410A-12H-4,106",342,U1410,A,12,H,4,106,109.06,118.49,9.43,9.43,118.49,119.92,3090167,274851,11.243,,41.5793981,19568.0,18072.0,0.9235486508585445,1.0508822106640294,54.6748141884553
342-U1410A,"342-U1410A-12H-4,108",342,U1410,A,12,H,4,108,109.08,118.51,9.43,9.43,118.51,119.94,3250233,250416,12.979,,41.5801456,18388.0,16785.0,0.9128235805960409,1.1132412324325989,56.83524249762739
342-U1410A,"342-U1410A-12H-4,110",342,U1410,A,12,H,4,110,109.1,118.53,9.43,9.43,118.53,119.96,3462387,213523,16.216,,41.5808932,16374.0,14158.0,0.8646634909002077,1.2099437356849523,60.18550072280517
342-U1410A,"342-U1410A-12H-4,112",342,U1410,A,12,H,4,112,109.12,118.55,9.43,9.43,118.55,119.98,2640072,297867,8.863,,41.5816408,22164.0,20710.0,0.934398123082476,0.9475807493043225,51.095935059648255
342-U1410A,"342-U1410A-12H-4,114",342,U1410,A,12,H,4,114,109.14,118.57,9.43,9.43,118.57,120.0,2743414,306596,8.948,,41.5823884,24453.0,22640.0,0.9258577679630311,0.9517259754245921,51.23954641858499
342-U1410A,"342-U1410A-12H-4,116",342,U1410,A,12,H,4,116,109.16,118.59,9.43,9.43,118.59,120.02,2777387,298225,9.313,,41.5831359,24730.0,23849.0,0.9643752527294783,0.9690896029549215,51.841109294373254
342-U1410A,"342-U1410A-12H-4,118",342,U1410,A,12,H,4,118,109.18,118.61,9.43,9.43,118.61,120.04,2517529,327945,7.677,,41.5838835,28287.0,25455.0,0.8998833386361226,0.8851915406068479,48.93446092432425
342-U1410A,"342-U1410A-12H-4,120",342,U1410,A,12,H,4,120,109.2,118.63,9.43,9.43,118.63,120.06,1955814,409504,4.776,,41.5846311,32613.0,32652.0,1.0011958421488363,0.6790643181213126,41.79318330131288
342-U1410A,"342-U1410A-12H-4,122",342,U1410,A,12,H,4,122,109.22,118.65,9.43,9.43,118.65,120.08,1899842,437158,4.346,,41.5853786,32258.0,34083.0,1.0565751131502263,0.6380897219845058,40.3736184181532
342-U1410A,"342-U1410A-12H-4,124",342,U1410,A,12,H,4,124,109.24,118.67,9.43,9.43,118.67,120.1,1917906,444726,4.313,,41.5861262,33229.0,34178.0,1.0285593908934967,0.6347794581459516,40.25893432746649
342-U1410A,"342-U1410A-12H-4,126",342,U1410,A,12,H,4,126,109.26,118.69,9.43,9.43,118.69,120.12,1867983,473518,3.945,,41.5868738,32288.0,35266.0,1.0922324083250743,0.596047007545439,38.91704857641174
342-U1410A,"342-U1410A-12H-4,128",342,U1410,A,12,H,4,128,109.28,118.71,9.43,9.43,118.71,120.14,1737404,509459,3.41,,41.5876214,32549.0,36244.0,1.113521152723586,0.5327543789924978,36.72427546019509
342-U1410A,"342-U1410A-12H-4,130",342,U1410,A,12,H,4,130,109.3,118.73,9.43,9.43,118.73,120.16,1678212,549461,3.054,,41.5883689,30953.0,35023.0,1.1314896778987498,0.4848690327204024,35.06528763859834
342-U1410A,"342-U1410A-12H-4,132",342,U1410,A,12,H,4,132,109.32,118.75,9.43,9.43,118.75,120.18,1718565,521933,3.293,,41.5891165,30969.0,35626.0,1.1503761826342471,0.5175917307119078,36.19896551051404
342-U1410A,"342-U1410A-12H-4,134",342,U1410,A,12,H,4,134,109.34,118.77,9.43,9.43,118.77,120.2,1589343,568140,2.797,,41.5898641,32710.0,35025.0,1.0707734637725466,0.44669246637152726,33.74266049744156
342-U1410A,"342-U1410A-12H-4,136",342,U1410,A,12,H,4,136,109.36,118.79,9.43,9.43,118.79,120.22,1724240,465508,3.704,,41.5906116,37768.0,38616.0,1.0224528701546283,0.5686709780098967,37.968606033152874
342-U1410A,"342-U1410A-12H-4,138",342,U1410,A,12,H,4,138,109.38,118.81,9.43,9.43,118.81,120.24,1829408,421035,4.345,,41.5913592,35230.0,35849.0,1.0175702526256032,0.6379897807846853,40.370155955285426
342-U1410A,"342-U1410A-12H-4,140",342,U1410,A,12,H,4,140,109.4,118.83,9.43,9.43,118.83,120.26,1885468,436165,4.323,,41.5921068,33261.0,34321.0,1.031869156068669,0.6357852355336517,40.29377948506337
342-U1410A,"342-U1410A-12H-4,142",342,U1410,A,12,H,4,142,109.42,118.85,9.43,9.43,118.85,120.28,1858616,428734,4.335,,41.5928544,33466.0,36158.0,1.0804398493993905,0.6369891018122291,40.33548743228468
342-U1410A,"342-U1410A-12H-4,144",342,U1410,A,12,H,4,144,109.44,118.87,9.43,9.43,118.87,120.3,1907904,448615,4.253,,41.5936019,29155.0,30337.0,1.0405419310581376,0.6286953827140234,40.04815153412734
342-U1410A,"342-U1410A-12H-4,146",342,U1410,A,12,H,4,146,109.46,118.89,9.43,9.43,118.89,120.32,1841323,426705,4.315,,41.5943495,30185.0,33412.0,1.1069074043399039,0.6349808000512285,40.26590981777481
342-U1410A,"342-U1410A-12H-4,148",342,U1410,A,12,H,4,148,109.48,118.91,9.43,9.43,118.91,120.34,2079787,436231,4.768,,41.5950971,31414.0,31912.0,1.015852804482078,0.67833624673218,41.76795926803638
342-U1410A,"342-U1410A-12H-4,150",342,U1410,A,12,H,4,150,109.5,118.93,9.43,9.43,118.93,120.36,1883965,322261,5.846,,41.5958447,24621.0,26407.0,1.0725397018805085,0.7668588110214176,44.834823507837015
342-U1410A,"342-U1410A-12H-5,2",342,U1410,A,12,H,5,2,109.52,118.95,9.43,9.43,118.95,120.38,2199614,400190,5.496,,41.5965922,29920.0,30657.0,1.0246323529411765,0.7400467240514941,43.905918754764016
342-U1410A,"342-U1410A-12H-5,4",342,U1410,A,12,H,5,4,109.54,118.97,9.43,9.43,118.97,120.4,2253515,376551,5.985,,41.5973398,29556.0,29417.0,0.9952970632020571,0.7770641547424295,45.18838764105148
342-U1410A,"342-U1410A-12H-5,6",342,U1410,A,12,H,5,6,109.56,118.99,9.43,9.43,118.99,120.42,2395351,322697,7.423,,41.5980874,29006.0,27675.0,0.9541129421499001,0.8705794605526849,48.42822541084777
342-U1410A,"342-U1410A-12H-5,8",342,U1410,A,12,H,5,8,109.58,119.01,9.43,9.43,119.01,120.44,2550563,295206,8.64,,41.5988349,28552.0,26727.0,0.936081535444102,0.9365137424788933,50.712518608181256
342-U1410A,"342-U1410A-12H-5,10",342,U1410,A,12,H,5,10,109.6,119.03,9.43,9.43,119.03,120.46,2763510,260417,10.612,,41.5995825,25196.0,22941.0,0.9105016669312589,1.0257972413102916,53.805745425195056
342-U1410A,"342-U1410A-12H-5,12",342,U1410,A,12,H,5,12,109.62,119.05,9.43,9.43,119.05,120.48,3100173,231988,13.364,,41.6003301,21900.0,19149.0,0.8743835616438356,1.1259364669660936,57.27506889804032
342-U1410A,"342-U1410A-12H-5,14",342,U1410,A,12,H,5,14,109.64,119.07,9.43,9.43,119.07,120.5,3799860,166540,22.817,,41.6010777,17025.0,14442.0,0.8482819383259912,1.358258542400596,65.32386720146864
342-U1410A,"342-U1410A-12H-5,16",342,U1410,A,12,H,5,16,109.66,119.09,9.43,9.43,119.09,120.52,4315355,84791,50.894,,41.6018252,8724.0,7153.0,0.8199220541036222,1.706666585470648,77.3944638536306
342-U1410A,"342-U1410A-12H-5,18",342,U1410,A,12,H,5,18,109.68,119.11,9.43,9.43,119.11,120.54,4420580,73078,60.491,,41.6025728,7193.0,6642.0,0.9233977478103712,1.7816907640559065,79.99367652071689
342-U1410A,"342-U1410A-12H-5,20",342,U1410,A,12,H,5,20,109.7,119.13,9.43,9.43,119.13,120.56,4458607,54507,81.799,,41.6033204,5945.0,4375.0,0.7359125315391085,1.9127479944153751,84.53415426652067
342-U1410A,"342-U1410A-12H-5,22",342,U1410,A,12,H,5,22,109.72,119.15,9.43,9.43,119.15,120.58,4662002,54323,85.82,,41.604068,7045.0,4923.0,0.6987934705464869,1.933588510196653,85.25617393576304
342-U1410A,"342-U1410A-12H-5,24",342,U1410,A,12,H,5,24,109.74,119.17,9.43,9.43,119.17,120.6,4589839,44606,102.897,,41.6048155,5822.0,4838.0,0.8309859154929577,2.0124027129311544,87.98669198949985
342-U1410A,"342-U1410A-12H-5,26",342,U1410,A,12,H,5,26,109.76,119.19,9.43,9.43,119.19,120.62,4591967,65214,70.414,,41.6055631,8620.0,6331.0,0.7344547563805104,1.8476590159357078,82.2791466070926
342-U1410A,"342-U1410A-12H-5,28",342,U1410,A,12,H,5,28,109.78,119.21,9.43,9.43,119.21,120.64,4349693,77806,55.904,,41.6063107,7347.0,7015.0,0.954811487682047,1.747442883302837,78.80715869202679
342-U1410A,"342-U1410A-12H-5,30",342,U1410,A,12,H,5,30,109.8,119.23,9.43,9.43,119.23,120.66,3592197,159911,22.464,,41.6070583,15915.0,14187.0,0.8914231856738926,1.3514870904497112,65.08927024863024
342-U1410A,"342-U1410A-12H-5,32",342,U1410,A,12,H,5,32,109.82,119.25,9.43,9.43,119.25,120.68,2699165,275839,9.785,,41.6078058,25659.0,24024.0,0.9362796679527651,0.99056082999402,52.58497995514283
342-U1410A,"342-U1410A-12H-5,34",342,U1410,A,12,H,5,34,109.84,119.27,9.43,9.43,119.27,120.7,2213557,347303,6.374,,41.6085534,30925.0,31454.0,1.0171059013742927,0.8044120591377139,46.1358557888261
342-U1410A,"342-U1410A-12H-5,36",342,U1410,A,12,H,5,36,109.86,119.29,9.43,9.43,119.29,120.72,2130525,358887,5.936,,41.609301,30421.0,31854.0,1.0471056178297886,0.7734938922709707,45.06469589772778
342-U1410A,"342-U1410A-12H-5,38",342,U1410,A,12,H,5,38,109.88,119.31,9.43,9.43,119.31,120.74,1587469,500275,3.173,,41.6100485,32909.0,38503.0,1.1699838949831354,0.5014700721004123,35.640430647918784
342-U1410A,"342-U1410A-12H-5,40",342,U1410,A,12,H,5,40,109.9,119.33,9.43,9.43,119.33,120.76,1490666,601978,2.476,,41.6107961,34053.0,40636.0,1.1933163010601122,0.3937506403480804,31.908490934859245
342-U1410A,"342-U1410A-12H-5,42",342,U1410,A,12,H,5,42,109.92,119.35,9.43,9.43,119.35,120.78,1925247,483239,3.984,,41.6115437,32298.0,36341.0,1.125178029599356,0.6003193297516611,39.0650631792463
342-U1410A,"342-U1410A-12H-5,44",342,U1410,A,12,H,5,44,109.94,119.37,9.43,9.43,119.37,120.8,1687205,518933,3.251,,41.6122913,34789.0,38899.0,1.118140791629538,0.5120169694961266,36.00582790819331
342-U1410A,"342-U1410A-12H-5,46",342,U1410,A,12,H,5,46,109.96,119.39,9.43,9.43,119.39,120.82,2023912,486285,4.162,,41.6130388,30523.0,33233.0,1.0887855060118599,0.6193020758756081,39.722720418710445
342-U1410A,"342-U1410A-12H-5,48",342,U1410,A,12,H,5,48,109.98,119.41,9.43,9.43,119.41,120.84,2162384,445006,4.859,,41.6137864,29796.0,29960.0,1.00550409450933,0.6865468990630063,42.052417318037854
342-U1410A,"342-U1410A-12H-5,50",342,U1410,A,12,H,5,50,110.0,119.43,9.43,9.43,119.43,120.86,2193910,437600,5.014,,41.614534,29158.0,29408.0,1.0085739762672337,0.7001843296221977,42.52488609976104
342-U1410A,"342-U1410A-12H-5,52",342,U1410,A,12,H,5,52,110.02,119.45,9.43,9.43,119.45,120.88,2235670,431078,5.186,,41.6152815,28003.0,28648.0,1.0230332464378817,0.7148325124333327,43.032372393252814
342-U1410A,"342-U1410A-12H-5,54",342,U1410,A,12,H,5,54,110.04,119.47,9.43,9.43,119.47,120.9,2323095,444287,5.229,,41.6160291,28421.0,28063.0,0.9874036803771858,0.7184186418296556,43.15661384618842
342-U1410A,"342-U1410A-12H-5,56",342,U1410,A,12,H,5,56,110.06,119.49,9.43,9.43,119.49,120.92,2334134,433236,5.388,,41.6167767,27634.0,26589.0,0.9621842657595715,0.731427587050948,43.607308753380096
342-U1410A,"342-U1410A-12H-5,58",342,U1410,A,12,H,5,58,110.08,119.51,9.43,9.43,119.51,120.94,2989803,336172,8.894,,41.6175243,21531.0,20492.0,0.9517439970275416,0.9490971251129159,51.14846989953698
342-U1410A,"342-U1410A-12H-5,60",342,U1410,A,12,H,5,60,110.1,119.53,9.43,9.43,119.53,120.96,2986897,323914,9.221,,41.6182718,20804.0,19155.0,0.9207363968467602,0.9647780220223761,51.69173457296522
342-U1410A,"342-U1410A-12H-5,62",342,U1410,A,12,H,5,62,110.12,119.55,9.43,9.43,119.55,120.98,3539734,239770,14.763,,41.6190194,15288.0,13838.0,0.9051543694400838,1.1691746197537431,58.77305470136844
342-U1410A,"342-U1410A-12H-5,64",342,U1410,A,12,H,5,64,110.14,119.57,9.43,9.43,119.57,121.0,4353969,143049,30.437,,41.619767,10874.0,8007.0,0.7363435718226964,1.483401844299177,69.659456895745
342-U1410A,"342-U1410A-12H-5,66",342,U1410,A,12,H,5,66,110.16,119.59,9.43,9.43,119.59,121.02,4245216,94308,45.014,,41.6205146,7069.0,6308.0,0.8923468666006508,1.653347606600808,75.54722783068499
342-U1410A,"342-U1410A-12H-5,68",342,U1410,A,12,H,5,68,110.18,119.61,9.43,9.43,119.61,121.04,3611737,200054,18.054,,41.6212621,15255.0,11675.0,0.7653228449688627,1.2565734381237241,61.80098676379643
342-U1410A,"342-U1410A-12H-5,70",342,U1410,A,12,H,5,70,110.2,119.63,9.43,9.43,119.63,121.06,4259153,103936,40.979,,41.6220097,8058.0,7098.0,0.8808637379002234,1.6125613562179129,74.1341881861696
342-U1410A,"342-U1410A-12H-5,72",342,U1410,A,12,H,5,72,110.22,119.65,9.43,9.43,119.65,121.08,4318072,115139,37.503,,41.6227573,8957.0,7608.0,0.8493915373450932,1.5740660098966028,72.8005169128678
342-U1410A,"342-U1410A-12H-5,74",342,U1410,A,12,H,5,74,110.24,119.67,9.43,9.43,119.67,121.1,4006406,139029,28.817,,41.6235049,11556.0,9407.0,0.8140359986154379,1.4596487665105229,68.83653151575707
342-U1410A,"342-U1410A-12H-5,76",342,U1410,A,12,H,5,76,110.26,119.69,9.43,9.43,119.69,121.12,3742452,183441,20.401,,41.6242524,13504.0,11853.0,0.8777399289099526,1.3096514558493193,63.63987468789968
342-U1410A,"342-U1410A-12H-5,78",342,U1410,A,12,H,5,78,110.28,119.71,9.43,9.43,119.71,121.14,2991047,306942,9.745,,41.625,19041.0,19683.0,1.0337167165590042,0.9887818434536402,52.52334696645137
342-U1410A,"342-U1410A-12H-5,80",342,U1410,A,12,H,5,80,110.3,119.73,9.43,9.43,119.73,121.16,2385793,389133,6.131,,41.6257476,28100.0,26356.0,0.9379359430604982,0.7875313161272343,45.551022447228036
342-U1410A,"342-U1410A-12H-5,82",342,U1410,A,12,H,5,82,110.32,119.75,9.43,9.43,119.75,121.18,2162718,429070,5.04,,41.6264951,28443.0,28956.0,1.0180360721442885,0.7024305364455253,42.60270593515523
342-U1410A,"342-U1410A-12H-5,84",342,U1410,A,12,H,5,84,110.34,119.77,9.43,9.43,119.77,121.2,2002007,460888,4.344,,41.6272427,31581.0,32227.0,1.020455337069757,0.6378898165807906,40.366692695441486
342-U1410A,"342-U1410A-12H-5,86",342,U1410,A,12,H,5,86,110.36,119.79,9.43,9.43,119.79,121.22,1706564,510112,3.345,,41.6279903,31170.0,32636.0,1.047032402951556,0.5243961221038419,36.4347036502876
342-U1410A,"342-U1410A-12H-5,88",342,U1410,A,12,H,5,88,110.38,119.81,9.43,9.43,119.81,121.24,1664926,559493,2.976,,41.6287379,31672.0,34176.0,1.079060368779995,0.47363292687384106,34.67601275154422
342-U1410A,"342-U1410A-12H-5,90",342,U1410,A,12,H,5,90,110.4,119.83,9.43,9.43,119.83,121.26,1694329,538274,3.148,,41.6294854,32929.0,34860.0,1.0586413192019193,0.49803472368702695,35.52141300213705
342-U1410A,"342-U1410A-12H-5,92",342,U1410,A,12,H,5,92,110.42,119.85,9.43,9.43,119.85,121.28,1868826,556135,3.36,,41.630233,32262.0,34761.0,1.077459549934908,0.526339277389844,36.502024265171144
342-U1410A,"342-U1410A-12H-5,94",342,U1410,A,12,H,5,94,110.44,119.87,9.43,9.43,119.87,121.3,1916601,523660,3.66,,41.6309806,31743.0,33678.0,1.0609583215197051,0.5634810853944107,37.788802203489354
342-U1410A,"342-U1410A-12H-5,96",342,U1410,A,12,H,5,96,110.46,119.89,9.43,9.43,119.89,121.32,1902717,540594,3.52,,41.6317282,29564.0,31341.0,1.0601068867541605,0.546542663478131,37.20197057619985
342-U1410A,"342-U1410A-12H-5,98",342,U1410,A,12,H,5,98,110.48,119.91,9.43,9.43,119.91,121.34,1960626,494538,3.965,,41.6324757,29276.0,29662.0,1.0131848613198524,0.5982431916536226,38.99313537483975
342-U1410A,"342-U1410A-12H-5,100",342,U1410,A,12,H,5,100,110.5,119.93,9.43,9.43,119.93,121.36,1670624,574676,2.907,,41.6332233,31515.0,34872.0,1.1065207044264636,0.4634450317704278,34.32305312568647
342-U1410A,"342-U1410A-12H-5,102",342,U1410,A,12,H,5,102,110.52,119.95,9.43,9.43,119.95,121.38,1729276,559381,3.091,,41.6339709,31075.0,33254.0,1.0701206757843926,0.49009900506330495,35.2464800304182
342-U1410A,"342-U1410A-12H-5,104",342,U1410,A,12,H,5,104,110.54,119.97,9.43,9.43,119.97,121.4,1855672,526240,3.526,,41.6347185,31248.0,33643.0,1.0766449052739375,0.5472823079633032,37.22759555938865
342-U1410A,"342-U1410A-12H-5,106",342,U1410,A,12,H,5,106,110.56,119.99,9.43,9.43,119.99,121.42,1841671,528107,3.487,,41.635466,31342.0,33052.0,1.0545593771935422,0.5424519473759766,37.060247716840706
342-U1410A,"342-U1410A-12H-5,108",342,U1410,A,12,H,5,108,110.58,120.01,9.43,9.43,120.01,121.44,2151173,446833,4.814,,41.6362136,29488.0,28858.0,0.9786353771025502,0.6825060859390112,41.91242334735705
342-U1410A,"342-U1410A-12H-5,110",342,U1410,A,12,H,5,110,110.6,120.03,9.43,9.43,120.03,121.46,2024591,472163,4.288,,41.6369612,29844.0,30264.0,1.0140731805388017,0.6322547766847136,40.171466738241904
342-U1410A,"342-U1410A-12H-5,112",342,U1410,A,12,H,5,112,110.62,120.05,9.43,9.43,120.05,121.48,2149009,458562,4.686,,41.6377087,27884.0,29279.0,1.0500286902883373,0.6708022842609439,41.5069451382204
342-U1410A,"342-U1410A-12H-5,114",342,U1410,A,12,H,5,114,110.64,120.07,9.43,9.43,120.07,121.5,2125542,454267,4.679,,41.6384563,27953.0,27738.0,0.9923085178692805,0.6701530451921802,41.484452250683084
342-U1410A,"342-U1410A-12H-5,116",342,U1410,A,12,H,5,116,110.66,120.09,9.43,9.43,120.09,121.52,2351254,433549,5.423,,41.6392039,26685.0,24552.0,0.9200674536256324,0.7342396044354551,43.70473109566635
342-U1410A,"342-U1410A-12H-5,118",342,U1410,A,12,H,5,118,110.68,120.11,9.43,9.43,120.11,121.54,2421748,410945,5.893,,41.6399515,25937.0,24566.0,0.9471411497089101,0.7703364410951492,44.95530600174145
342-U1410A,"342-U1410A-12H-5,120",342,U1410,A,12,H,5,120,110.7,120.13,9.43,9.43,120.13,121.56,2793027,335674,8.321,,41.640699,22612.0,20024.0,0.8855474969042986,0.9201755220100227,50.14648096003724
342-U1410A,"342-U1410A-12H-5,122",342,U1410,A,12,H,5,122,110.72,120.15,9.43,9.43,120.15,121.58,3024143,289698,10.439,,41.6414466,20365.0,17245.0,0.8467959734839184,1.0186588975855178,53.55843750685027
342-U1410A,"342-U1410A-12H-5,124",342,U1410,A,12,H,5,124,110.74,120.17,9.43,9.43,120.17,121.6,3419114,246914,13.847,,41.6421942,17834.0,14227.0,0.7977458786587417,1.1413556922038897,57.80926795640376
342-U1410A,"342-U1410A-12H-5,126",342,U1410,A,12,H,5,126,110.76,120.19,9.43,9.43,120.19,121.62,3612485,202576,17.833,,41.6429417,14034.0,11243.0,0.8011258372523871,1.2512244095718317,61.61566966961611
342-U1410A,"342-U1410A-12H-5,128",342,U1410,A,12,H,5,128,110.78,120.21,9.43,9.43,120.21,121.64,4154891,112912,36.798,,41.6436893,10625.0,7410.0,0.6974117647058824,1.5658242150711366,72.51497993113954
342-U1410A,"342-U1410A-12H-5,130",342,U1410,A,12,H,5,130,110.8,120.23,9.43,9.43,120.23,121.66,3850225,186975,20.592,,41.6444369,8029.0,8029.0,1.0,1.3136985295603114,63.780085556616996
342-U1410A,"342-U1410A-12H-5,132",342,U1410,A,12,H,5,132,110.82,120.25,9.43,9.43,120.25,121.68,4441306,78671,56.454,,41.6451845,7316.0,4653.0,0.6360032804811372,1.7516947189161334,78.95446353684945
342-U1410A,"342-U1410A-12H-5,134",342,U1410,A,12,H,5,134,110.84,120.27,9.43,9.43,120.27,121.7,3927429,178190,22.041,,41.645932,17873.0,13539.0,0.7575113299390142,1.343231294564039,64.80324820017114
342-U1410A,"342-U1410A-12H-5,136",342,U1410,A,12,H,5,136,110.86,120.29,9.43,9.43,120.29,121.72,4070263,94215,43.202,,41.6466796,8492.0,6159.0,0.7252708431464908,1.6355038525755186,74.92903097247884
342-U1410A,"342-U1410A-12H-5,138",342,U1410,A,12,H,5,138,110.88,120.31,9.43,9.43,120.31,121.74,3485516,190048,18.34,,41.6474272,15517.0,12371.0,0.7972546239608171,1.2633993313340022,62.03746983406651
342-U1410A,"342-U1410A-12H-5,140",342,U1410,A,12,H,5,140,110.9,120.33,9.43,9.43,120.33,121.76,2737624,310964,8.804,,41.6481748,22943.0,20647.0,0.899925903325633,0.9446800338813104,50.995439773818006
342-U1410A,"342-U1410A-12H-5,142",342,U1410,A,12,H,5,142,110.92,120.35,9.43,9.43,120.35,121.78,2638248,344438,7.66,,41.6489223,23696.0,22596.0,0.9535786630654963,0.884228769632604,48.90110572392157
342-U1410A,"342-U1410A-12H-5,144",342,U1410,A,12,H,5,144,110.94,120.37,9.43,9.43,120.37,121.8,2518165,337747,7.456,,41.6496699,25489.0,24287.0,0.9528424026050453,0.8725058993459249,48.49496688283957
342-U1410A,"342-U1410A-12H-5,146",342,U1410,A,12,H,5,146,110.96,120.39,9.43,9.43,120.39,121.82,2329119,374727,6.216,,41.6504175,27467.0,26401.0,0.9611897913860269,0.7935110057928578,45.758188795693556
342-U1410C,"342-U1410C-13H-1,60",342,U1410,C,13,H,1,60,109.4,120.4,11.0,10.99,120.39,121.82,2244676,397281,5.65,,41.6504175,22142.0,26539.0,1.1985818805889261,0.7520484478194386,44.321718474704454
342-U1410C,"342-U1410C-13H-1,62",342,U1410,C,13,H,1,62,109.42,120.42,11.0,10.99,120.41,121.84,2057331,434986,4.73,,41.6511651,25737.0,29834.0,1.1591871624509462,0.6748611407378116,41.64756422086148
342-U1410C,"342-U1410C-13H-1,64",342,U1410,C,13,H,1,64,109.44,120.44,11.0,10.99,120.43,121.86,2158663,436189,4.949,,41.6519126,23966.0,28584.0,1.1926896436618544,0.6945174538111563,42.328557187287515
342-U1410C,"342-U1410C-13H-1,66",342,U1410,C,13,H,1,66,109.46,120.46,11.0,10.99,120.45,121.88,1818467,498521,3.648,,41.6526602,27169.0,32028.0,1.178843534911112,0.5620548296563785,37.73938957344524
342-U1410C,"342-U1410C-13H-1,68",342,U1410,C,13,H,1,68,109.48,120.48,11.0,10.99,120.47,121.9,1876089,481390,3.897,,41.6534078,27146.0,31685.0,1.1672069549841597,0.5907304057926903,38.732854908687756
342-U1410C,"342-U1410C-13H-1,70",342,U1410,C,13,H,1,70,109.5,120.5,11.0,10.99,120.49,121.92,1834439,509703,3.599,,41.6541553,27518.0,32222.0,1.1709426557162586,0.5561818466529113,37.535920077290115
342-U1410C,"342-U1410C-13H-1,72",342,U1410,C,13,H,1,72,109.52,120.52,11.0,10.99,120.51,121.94,1903993,506667,3.758,,41.6549029,26453.0,30437.0,1.150606736476014,0.5749567757645068,38.18637749636134
342-U1410C,"342-U1410C-13H-1,74",342,U1410,C,13,H,1,74,109.54,120.54,11.0,10.99,120.53,121.96,1980481,506562,3.91,,41.6556505,26086.0,29487.0,1.130376447136395,0.5921767573958668,38.78296375997981
342-U1410C,"342-U1410C-13H-1,76",342,U1410,C,13,H,1,76,109.56,120.56,11.0,10.99,120.55,121.98,2113240,475854,4.441,,41.6563981,24853.0,26584.0,1.0696495392910312,0.6474807731736759,40.698971386602004
342-U1410C,"342-U1410C-13H-1,78",342,U1410,C,13,H,1,78,109.58,120.58,11.0,10.99,120.57,122.0,2186557,440307,4.966,,41.6571456,24007.0,26108.0,1.087516141125505,0.6960067152185455,42.38015264874651
342-U1410C,"342-U1410C-13H-1,80",342,U1410,C,13,H,1,80,109.6,120.6,11.0,10.99,120.59,122.02,2443670,414645,5.893,,41.6578932,22001.0,22609.0,1.0276351074951138,0.7703364410951492,44.95530600174145
342-U1410C,"342-U1410C-13H-1,82",342,U1410,C,13,H,1,82,109.62,120.62,11.0,10.99,120.61,122.04,2835698,329913,8.595,,41.6586408,19530.0,19304.0,0.9884280593958014,0.9342458810230713,50.6339485480443
342-U1410C,"342-U1410C-13H-1,84",342,U1410,C,13,H,1,84,109.64,120.64,11.0,10.99,120.63,122.06,3223831,261916,12.309,,41.6593884,17208.0,15853.0,0.9212575546257554,1.090222771686575,56.0377679250814
342-U1410C,"342-U1410C-13H-1,86",342,U1410,C,13,H,1,86,109.66,120.66,11.0,10.99,120.65,122.08,3883827,159948,24.282,,41.6601359,10844.0,9960.0,0.9184802655846551,1.3852844547752103,66.26017993568716
342-U1410C,"342-U1410C-13H-1,88",342,U1410,C,13,H,1,88,109.68,120.68,11.0,10.99,120.67,122.1,2731517,311594,8.766,,41.6608835,19095.0,18618.0,0.975019638648861,0.9428014663179404,50.930356800585045
342-U1410C,"342-U1410C-13H-1,90",342,U1410,C,13,H,1,90,109.7,120.7,11.0,10.99,120.69,122.12,4015334,121827,32.959,,41.6616311,9211.0,8298.0,0.9008793833459994,1.5179740264149375,70.85721014514552
342-U1410C,"342-U1410C-13H-1,92",342,U1410,C,13,H,1,92,109.72,120.72,11.0,10.99,120.71,122.14,3316547,222279,14.921,,41.6623786,14230.0,15102.0,1.0612789880534084,1.1737979303704602,58.93322929768459
342-U1410C,"342-U1410C-13H-1,94",342,U1410,C,13,H,1,94,109.74,120.74,11.0,10.99,120.73,122.16,2586116,317053,8.157,,41.6631262,21661.0,22766.0,1.0510133419509717,0.9115304623071626,49.84697286663165
342-U1410C,"342-U1410C-13H-1,96",342,U1410,C,13,H,1,96,109.76,120.76,11.0,10.99,120.75,122.18,2240852,376891,5.946,,41.6638738,24270.0,28491.0,1.1739184177997528,0.7742249048689189,45.0900218291837
342-U1410C,"342-U1410C-13H-1,98",342,U1410,C,13,H,1,98,109.78,120.78,11.0,10.99,120.77,122.2,1958765,424810,4.611,,41.6646214,25534.0,30058.0,1.1771755306649956,0.6637951222194075,41.264182009291375
342-U1410C,"342-U1410C-13H-1,100",342,U1410,C,13,H,1,100,109.8,120.8,11.0,10.99,120.79,122.22,2483041,352613,7.042,,41.6653689,21187.0,25067.0,1.1831311653372352,0.8476960207341654,47.63542863833516
342-U1410C,"342-U1410C-13H-1,102",342,U1410,C,13,H,1,102,109.82,120.82,11.0,10.99,120.81,122.24,1690060,486782,3.472,,41.6661165,29608.0,35943.0,1.2139624425830857,0.5405797165044542,36.99538427829682
342-U1410C,"342-U1410C-13H-1,104",342,U1410,C,13,H,1,104,109.84,120.84,11.0,10.99,120.83,122.26,1611555,501878,3.211,,41.6668641,30643.0,36661.0,1.196390692817283,0.5066403055665025,35.81955338635148
342-U1410C,"342-U1410C-13H-1,106",342,U1410,C,13,H,1,106,109.86,120.86,11.0,10.99,120.85,122.28,1640519,513699,3.194,,41.6676116,29668.0,36417.0,1.2274841580153701,0.5043349118024641,35.73968301939637
342-U1410C,"342-U1410C-13H-1,108",342,U1410,C,13,H,1,108,109.88,120.88,11.0,10.99,120.87,122.3,1677948,505304,3.321,,41.6683592,29916.0,35947.0,1.201597807193475,0.5212688755983853,36.32636019510606
342-U1410C,"342-U1410C-13H-1,110",342,U1410,C,13,H,1,110,109.9,120.9,11.0,10.99,120.89,122.32,1506016,551597,2.73,,41.6691068,31090.0,38017.0,1.2228047603731103,0.436162647040756,33.377854906726995
342-U1410C,"342-U1410C-13H-1,112",342,U1410,C,13,H,1,112,109.92,120.92,11.0,10.99,120.91,122.34,1459818,557608,2.618,,41.6698544,31518.0,38290.0,1.2148613490703726,0.417969642214737,32.747558254529565
342-U1410C,"342-U1410C-13H-1,114",342,U1410,C,13,H,1,114,109.94,120.94,11.0,10.99,120.93,122.36,1511309,556323,2.717,,41.6706019,30942.0,37339.0,1.2067416456596212,0.4340896384178908,33.30603552298783
342-U1410C,"342-U1410C-13H-1,116",342,U1410,C,13,H,1,116,109.96,120.96,11.0,10.99,120.95,122.38,1660751,519668,3.196,,41.6713495,30212.0,35935.0,1.1894280418376804,0.5046067706419538,35.749101568890495
342-U1410C,"342-U1410C-13H-1,118",342,U1410,C,13,H,1,118,109.98,120.98,11.0,10.99,120.97,122.4,1684998,521417,3.232,,41.6720971,29858.0,35297.0,1.1821622345769978,0.5094713521025486,35.9176349935928
342-U1410C,"342-U1410C-13H-1,120",342,U1410,C,13,H,1,120,110.0,121.0,11.0,10.99,120.99,122.42,1834126,510742,3.591,,41.6728447,30035.0,34764.0,1.157449642084235,0.5552154051260731,37.5024377105928
342-U1410C,"342-U1410C-13H-1,122",342,U1410,C,13,H,1,122,110.02,121.02,11.0,10.99,121.01,122.44,1779294,619726,2.871,,41.6735922,28837.0,33381.0,1.157575337240351,0.458033192496506,34.135559954041454
342-U1410C,"342-U1410C-13H-1,124",342,U1410,C,13,H,1,124,110.04,121.04,11.0,10.99,121.03,122.46,1997075,483828,4.128,,41.6743398,29199.0,33336.0,1.1416829343470667,0.615739688619155,39.59930151221063
342-U1410C,"342-U1410C-13H-1,126",342,U1410,C,13,H,1,126,110.06,121.06,11.0,10.99,121.05,122.48,2232605,397779,5.613,,41.6750874,28802.0,31947.0,1.1091938059856954,0.7491950422196724,44.222862237700554
342-U1410C,"342-U1410C-13H-1,128",342,U1410,C,13,H,1,128,110.08,121.08,11.0,10.99,121.07,122.5,2481037,349374,7.101,,41.675835,26172.0,27040.0,1.0331652147333028,0.8513195126487452,47.76096451571578
342-U1410C,"342-U1410C-13H-1,130",342,U1410,C,13,H,1,130,110.1,121.1,11.0,10.99,121.09,122.52,2942299,275464,10.681,,41.6765825,22570.0,21928.0,0.9715551617190962,1.0286119150662298,53.90325979746953
342-U1410C,"342-U1410C-13H-1,132",342,U1410,C,13,H,1,132,110.12,121.12,11.0,10.99,121.11,122.54,3319814,225372,14.73,,41.6773301,19724.0,18347.0,0.9301865747312918,1.1682027468426308,58.739384164362946
342-U1410C,"342-U1410C-13H-1,134",342,U1410,C,13,H,1,134,110.14,121.14,11.0,10.99,121.13,122.56,3778441,155492,24.3,,41.6780777,14158.0,12696.0,0.8967368272354852,1.3856062735983121,66.27132934881352
342-U1410C,"342-U1410C-13H-1,136",342,U1410,C,13,H,1,136,110.16,121.16,11.0,10.99,121.15,122.58,3773861,156371,24.134,,41.6788252,14246.0,12861.0,0.9027797276428471,1.3826293083969174,66.1681923894112
342-U1410C,"342-U1410C-13H-1,138",342,U1410,C,13,H,1,138,110.18,121.18,11.0,10.99,121.17,122.6,4171745,118380,35.24,,41.6795728,10814.0,8730.0,0.8072868503791382,1.5470358997400104,71.86405874649266
342-U1410C,"342-U1410C-13H-1,140",342,U1410,C,13,H,1,140,110.2,121.2,11.0,10.99,121.19,122.62,2909854,281822,10.325,,41.6803204,20492.0,21667.0,1.0573394495412844,1.0138900603284386,53.393221140078765
342-U1410C,"342-U1410C-13H-1,142",342,U1410,C,13,H,1,142,110.22,121.22,11.0,10.99,121.21,122.64,3540884,199480,17.751,,41.681068,18477.0,17285.0,0.9354873626670996,1.2492228239966743,61.546324737364785
342-U1410C,"342-U1410C-13H-1,144",342,U1410,C,13,H,1,144,110.24,121.24,11.0,10.99,121.23,122.66,2815782,297963,9.45,,41.6818155,25187.0,26280.0,1.043395402390122,0.9754318085092629,52.06083500580341
342-U1410C,"342-U1410C-13H-1,146",342,U1410,C,13,H,1,146,110.26,121.26,11.0,10.99,121.25,122.68,2518041,343051,7.34,,41.6825631,25507.0,28247.0,1.1074214921394128,0.8656960599160706,48.259039995792264
342-U1410C,"342-U1410C-13H-1,148",342,U1410,C,13,H,1,148,110.28,121.28,11.0,10.99,121.27,122.7,2404907,356470,6.746,,41.6833107,26037.0,28318.0,1.087606099012943,0.8290463368531826,46.989310340278514
342-U1410C,"342-U1410C-13H-2,2",342,U1410,C,13,H,2,2,110.32,121.32,11.0,10.99,121.31,122.74,2537646,342086,7.418,,41.6848058,23944.0,24407.0,1.0193367858336118,0.8702868289925914,48.41808719044833
342-U1410C,"342-U1410C-13H-2,4",342,U1410,C,13,H,2,4,110.34,121.34,11.0,10.99,121.33,122.76,3128385,278140,11.248,,41.6855534,16775.0,16264.0,0.969538002980626,1.0510753076757486,54.68150403442631
342-U1410C,"342-U1410C-13H-2,6",342,U1410,C,13,H,2,6,110.36,121.36,11.0,10.99,121.35,122.78,3471746,210737,16.474,,41.686301,13039.0,11271.0,0.864406779661017,1.2167990616476654,60.42300349078337
342-U1410C,"342-U1410C-13H-2,8",342,U1410,C,13,H,2,8,110.38,121.38,11.0,10.99,121.37,122.8,3616630,163303,22.147,,41.6870485,9276.0,10131.0,1.0921733505821474,1.3453149056523135,64.8754349063244
342-U1410C,"342-U1410C-13H-2,10",342,U1410,C,13,H,2,10,110.4,121.4,11.0,10.99,121.39,122.82,3900418,132159,29.513,,41.6877961,9732.0,9285.0,0.9540690505548706,1.4700133578301642,69.19561278202605
342-U1410C,"342-U1410C-13H-2,12",342,U1410,C,13,H,2,12,110.42,121.42,11.0,10.99,121.41,122.84,3732622,145182,25.71,,41.6885437,11116.0,11255.0,1.0125044980208708,1.4101020766428607,67.11998644529191
342-U1410C,"342-U1410C-13H-2,14",342,U1410,C,13,H,2,14,110.44,121.44,11.0,10.99,121.43,122.86,2710664,267954,10.116,,41.6892913,19135.0,18483.0,0.9659263130389338,1.005008820672367,53.08553059219416
342-U1410C,"342-U1410C-13H-2,16",342,U1410,C,13,H,2,16,110.46,121.46,11.0,10.99,121.45,122.88,2881731,238789,12.068,,41.6900388,18231.0,18504.0,1.0149744939937468,1.0816353015029507,55.740255020569734
342-U1410C,"342-U1410C-13H-2,18",342,U1410,C,13,H,2,18,110.48,121.48,11.0,10.99,121.47,122.9,1621005,457961,3.54,,41.6907864,29164.0,35042.0,1.2015498559868332,0.5490032620257879,37.28721801288342
342-U1410C,"342-U1410C-13H-2,20",342,U1410,C,13,H,2,20,110.5,121.5,11.0,10.99,121.49,122.92,1420711,499897,2.842,,41.691534,31747.0,38878.0,1.2246196491007024,0.45362407359145096,33.98280602957582
342-U1410C,"342-U1410C-13H-2,22",342,U1410,C,13,H,2,22,110.52,121.52,11.0,10.99,121.51,122.94,1730104,479621,3.607,,41.6922815,29194.0,35509.0,1.2163115708707268,0.5571461423183631,37.56932810061969
342-U1410C,"342-U1410C-13H-2,24",342,U1410,C,13,H,2,24,110.54,121.54,11.0,10.99,121.53,122.96,1683622,507681,3.316,,41.6930291,29398.0,34596.0,1.1768147493026737,0.5206145218782359,36.30369011047148
342-U1410C,"342-U1410C-13H-2,26",342,U1410,C,13,H,2,26,110.56,121.56,11.0,10.99,121.55,122.98,2543289,406847,6.251,,41.6937767,22058.0,23097.0,1.0471030918487623,0.7959494989028033,45.84267038948762
342-U1410C,"342-U1410C-13H-2,28",342,U1410,C,13,H,2,28,110.58,121.58,11.0,10.99,121.57,123.0,3086206,300893,10.257,,41.6945243,17251.0,17136.0,0.9933337197843604,1.0110203555162571,53.29380021686073
342-U1410C,"342-U1410C-13H-2,30",342,U1410,C,13,H,2,30,110.6,121.6,11.0,10.99,121.59,123.02,3593738,209189,17.179,,41.6952718,10683.0,12289.0,1.1503323036600206,1.2349978796860308,61.05350154172254
342-U1410C,"342-U1410C-13H-2,32",342,U1410,C,13,H,2,32,110.62,121.62,11.0,10.99,121.61,123.04,3394995,211501,16.052,,41.6960194,11057.0,12979.0,1.1738265352265533,1.2055291510618011,60.0325574385361
342-U1410C,"342-U1410C-13H-2,34",342,U1410,C,13,H,2,34,110.64,121.64,11.0,10.99,121.63,123.06,3484857,203430,17.13,,41.696767,11398.0,12557.0,1.1016845060536937,1.2337573629655105,61.01052383994012
342-U1410C,"342-U1410C-13H-2,36",342,U1410,C,13,H,2,36,110.66,121.66,11.0,10.99,121.65,123.08,3401354,209384,16.245,,41.6975146,12932.0,13112.0,1.0139189607175998,1.2107197156810017,60.2123845497683
342-U1410C,"342-U1410C-13H-2,38",342,U1410,C,13,H,2,38,110.68,121.68,11.0,10.99,121.67,123.1,2872395,279030,10.294,,41.6982621,18069.0,18108.0,1.0021583928274946,1.0125841639141508,53.34797835880576
342-U1410C,"342-U1410C-13H-2,40",342,U1410,C,13,H,2,40,110.7,121.7,11.0,10.99,121.69,123.12,2334948,368447,6.337,,41.6990097,23496.0,25390.0,1.0806094654409262,0.8018837071252396,46.048261033353924
342-U1410C,"342-U1410C-13H-2,42",342,U1410,C,13,H,2,42,110.72,121.72,11.0,10.99,121.71,123.14,2369354,344214,6.883,,41.6997573,23673.0,25698.0,1.0855404891648714,0.8377777695537333,47.29181082618909
342-U1410C,"342-U1410C-13H-2,44",342,U1410,C,13,H,2,44,110.74,121.74,11.0,10.99,121.73,123.16,1879624,458916,4.096,,41.7005049,28695.0,31750.0,1.1064645408607772,0.6123599479677744,39.48221039734354
342-U1410C,"342-U1410C-13H-2,46",342,U1410,C,13,H,2,46,110.76,121.76,11.0,10.99,121.75,123.18,2070845,423143,4.894,,41.7012524,28683.0,31817.0,1.1092633267092005,0.6896639650157704,42.16040806797137
342-U1410C,"342-U1410C-13H-2,48",342,U1410,C,13,H,2,48,110.78,121.78,11.0,10.99,121.77,123.2,2183352,403899,5.406,,41.702,25115.0,29586.0,1.178021102926538,0.7328760413627066,43.65749045301097
342-U1410C,"342-U1410C-13H-2,50",342,U1410,C,13,H,2,50,110.8,121.8,11.0,10.99,121.79,123.22,1468229,643387,2.282,,41.7028991,27860.0,34680.0,1.2447954055994257,0.35831564008219585,30.680845350647676
342-U1410C,"342-U1410C-13H-2,52",342,U1410,C,13,H,2,52,110.82,121.82,11.0,10.99,121.81,123.24,1200838,883075,1.36,,41.7037983,24557.0,30834.0,1.2556093985421672,0.13353890837021754,22.893455480486185
342-U1410C,"342-U1410C-13H-2,54",342,U1410,C,13,H,2,54,110.84,121.84,11.0,10.99,121.83,123.26,1354209,670900,2.018,,41.7046974,28994.0,35999.0,1.2416017106987653,0.3049211619008917,28.830993654056392
342-U1410C,"342-U1410C-13H-2,56",342,U1410,C,13,H,2,56,110.86,121.86,11.0,10.99,121.85,123.28,1395523,663595,2.103,,41.7055965,28554.0,34565.0,1.210513413182041,0.3228392726863211,29.451766602217596
342-U1410C,"342-U1410C-13H-2,58",342,U1410,C,13,H,2,58,110.88,121.88,11.0,10.99,121.87,123.3,1581626,552449,2.863,,41.7064957,28168.0,34496.0,1.2246520874751492,0.4568213480215986,34.09357560220828
342-U1410C,"342-U1410C-13H-2,60",342,U1410,C,13,H,2,60,110.9,121.9,11.0,10.99,121.89,123.32,1738059,496901,3.498,,41.7073948,30909.0,34198.0,1.1064091364974602,0.5438198051426577,37.107637149167374
342-U1410C,"342-U1410C-13H-2,62",342,U1410,C,13,H,2,62,110.92,121.92,11.0,10.99,121.91,123.34,1792017,468305,3.827,,41.7082939,30140.0,33898.0,1.124684804246848,0.5828584622244993,38.46013142376778
342-U1410C,"342-U1410C-13H-2,64",342,U1410,C,13,H,2,64,110.94,121.94,11.0,10.99,121.93,123.36,1913790,466037,4.107,,41.7091931,29087.0,30616.0,1.052566438615189,0.6135247028536525,39.52256333036479
342-U1410C,"342-U1410C-13H-2,66",342,U1410,C,13,H,2,66,110.96,121.96,11.0,10.99,121.95,123.38,1966831,460768,4.269,,41.7100922,28082.0,31742.0,1.130332597393348,0.6303261548039468,40.10464963318274
342-U1410C,"342-U1410C-13H-2,68",342,U1410,C,13,H,2,68,110.98,121.98,11.0,10.99,121.97,123.4,1939442,480524,4.036,,41.7109914,28242.0,29694.0,1.0514127894625027,0.6059511575648728,39.26017785383502
342-U1410C,"342-U1410C-13H-2,70",342,U1410,C,13,H,2,70,111.0,122.0,11.0,10.99,121.99,123.42,1921972,489424,3.927,,41.7118905,28880.0,29936.0,1.0365650969529085,0.5940609012704182,38.84823992451364
342-U1410C,"342-U1410C-13H-2,72",342,U1410,C,13,H,2,72,111.02,122.02,11.0,10.99,122.01,123.44,1989289,473957,4.197,,41.7127896,26816.0,28470.0,1.0616795942720765,0.6229389692114901,39.84872058833207
342-U1410C,"342-U1410C-13H-2,74",342,U1410,C,13,H,2,74,111.04,122.04,11.0,10.99,122.03,123.46,1970818,484476,4.068,,41.7136888,27002.0,30234.0,1.1196948374194504,0.609380944250707,39.37900281356575
342-U1410C,"342-U1410C-13H-2,76",342,U1410,C,13,H,2,76,111.06,122.06,11.0,10.99,122.05,123.48,2097503,440775,4.759,,41.7145879,27883.0,28278.0,1.0141663379119894,0.6775157047987576,41.739531592752954
342-U1410C,"342-U1410C-13H-2,78",342,U1410,C,13,H,2,78,111.08,122.08,11.0,10.99,122.07,123.5,2028445,427098,4.749,,41.715487,29024.0,29798.0,1.026667585446527,0.6766021695820184,41.707882165169025
342-U1410C,"342-U1410C-13H-2,80",342,U1410,C,13,H,2,80,111.1,122.1,11.0,10.99,122.09,123.52,2156995,400832,5.381,,41.7163862,28622.0,29189.0,1.0198099364125497,0.7308629920464939,43.587748359450785
342-U1410C,"342-U1410C-13H-2,82",342,U1410,C,13,H,2,82,111.12,122.12,11.0,10.99,122.11,123.54,2043047,417095,4.898,,41.7172853,28741.0,30294.0,1.054034306391566,0.6900187807886953,42.172700660424354
342-U1410C,"342-U1410C-13H-2,84",342,U1410,C,13,H,2,84,111.14,122.14,11.0,10.99,122.13,123.56,2150688,363509,5.916,,41.7181844,28453.0,29446.0,1.0348996590869153,0.7720281653248549,45.01391578767959
342-U1410C,"342-U1410C-13H-2,86",342,U1410,C,13,H,2,86,111.16,122.16,11.0,10.99,122.15,123.58,2027657,404609,5.011,,41.7190836,28787.0,30254.0,1.0509605030048286,0.6999244027424767,42.51588093301311
342-U1410C,"342-U1410C-13H-2,88",342,U1410,C,13,H,2,88,111.18,122.18,11.0,10.99,122.17,123.6,1921773,410358,4.683,,41.7199827,28930.0,31310.0,1.082267542343588,0.67052415778208,41.49730944636016
342-U1410C,"342-U1410C-13H-2,90",342,U1410,C,13,H,2,90,111.2,122.2,11.0,10.99,122.19,123.62,1873719,475759,3.938,,41.7208818,27725.0,28750.0,1.036970243462579,0.5952757118020994,38.890327035383734
342-U1410C,"342-U1410C-13H-2,92",342,U1410,C,13,H,2,92,111.22,122.22,11.0,10.99,122.21,123.64,1882561,436859,4.309,,41.721781,27249.0,29667.0,1.0887372013651877,0.6343764940883678,40.2449736376915
342-U1410C,"342-U1410C-13H-2,94",342,U1410,C,13,H,2,94,111.24,122.24,11.0,10.99,122.23,123.66,1886039,400481,4.709,,41.7226801,28797.0,32706.0,1.135743306594437,0.6729286904427224,41.58061448038812
342-U1410C,"342-U1410C-13H-2,96",342,U1410,C,13,H,2,96,111.26,122.26,11.0,10.99,122.25,123.68,1763986,459363,3.84,,41.7235793,29384.0,32226.0,1.0967193030220528,0.5843312243675308,38.5111552682131
342-U1410C,"342-U1410C-13H-2,98",342,U1410,C,13,H,2,98,111.28,122.28,11.0,10.99,122.27,123.7,1959631,357396,5.483,,41.7244784,30073.0,32842.0,1.0920759485252551,0.7390182458834809,43.870287128633194
342-U1410C,"342-U1410C-13H-2,100",342,U1410,C,13,H,2,100,111.3,122.3,11.0,10.99,122.29,123.72,1890360,368555,5.129,,41.7253775,30756.0,33090.0,1.075887631681623,0.7100326990657535,42.86608285913303
342-U1410C,"342-U1410C-13H-2,102",342,U1410,C,13,H,2,102,111.32,122.32,11.0,10.99,122.31,123.74,1858690,389864,4.768,,41.7262767,30390.0,33698.0,1.1088515959197105,0.67833624673218,41.76795926803638
342-U1410C,"342-U1410C-13H-2,104",342,U1410,C,13,H,2,104,111.34,122.34,11.0,10.99,122.33,123.76,1965662,350404,5.61,,41.7271758,30123.0,31350.0,1.0407329947216413,0.7489628612561614,44.214818328219714
342-U1410C,"342-U1410C-13H-2,106",342,U1410,C,13,H,2,106,111.36,122.36,11.0,10.99,122.35,123.78,2080892,329087,6.323,,41.7280749,29395.0,30663.0,1.0431365878550773,0.8009231818132183,46.01498363391895
342-U1410C,"342-U1410C-13H-2,108",342,U1410,C,13,H,2,108,111.38,122.38,11.0,10.99,122.37,123.8,2052728,341129,6.017,,41.7289741,28577.0,30962.0,1.083458725548518,0.7793800114916558,45.26862049812841
342-U1410C,"342-U1410C-13H-2,110",342,U1410,C,13,H,2,110,111.4,122.4,11.0,10.99,122.39,123.82,1973044,378596,5.211,,41.7298732,28611.0,32144.0,1.1234839746950473,0.7169210731667611,43.10473057986244
342-U1410C,"342-U1410C-13H-2,112",342,U1410,C,13,H,2,112,111.42,122.42,11.0,10.99,122.41,123.84,2109619,324688,6.497,,41.7307723,29291.0,31597.0,1.0787272541053565,0.8127128667653687,46.4234372690862
342-U1410C,"342-U1410C-13H-2,114",342,U1410,C,13,H,2,114,111.44,122.44,11.0,10.99,122.43,123.86,2138205,319900,6.684,,41.7316715,29736.0,31753.0,1.067830239440409,0.8250364412213538,46.850387506113805
342-U1410C,"342-U1410C-13H-2,116",342,U1410,C,13,H,2,116,111.46,122.46,11.0,10.99,122.45,123.88,2152162,329932,6.523,,41.7325706,29213.0,31428.0,1.0758224078321295,0.8144473785224876,46.48352942891158
342-U1410C,"342-U1410C-13H-2,118",342,U1410,C,13,H,2,118,111.48,122.48,11.0,10.99,122.47,123.9,2235862,311302,7.182,,41.7334697,27940.0,29906.0,1.0703650680028634,0.8562454007900543,47.93162191037143
342-U1410C,"342-U1410C-13H-2,120",342,U1410,C,13,H,2,120,111.5,122.5,11.0,10.99,122.49,123.92,2060944,366081,5.63,,41.7343689,30179.0,32826.0,1.087709997017794,0.7505083948513462,44.26836333962489
342-U1410C,"342-U1410C-13H-2,122",342,U1410,C,13,H,2,122,111.52,122.52,11.0,10.99,122.51,123.94,2017001,380671,5.299,,41.735268,30362.0,34001.0,1.1198537645741387,0.7241939195143297,43.35669834157395
342-U1410C,"342-U1410C-13H-2,124",342,U1410,C,13,H,2,124,111.54,122.54,11.0,10.99,122.53,123.96,2430021,282186,8.611,,41.7361671,27951.0,27523.0,0.9846874888197202,0.9350535892310651,50.66193159891026
342-U1410C,"342-U1410C-13H-2,126",342,U1410,C,13,H,2,126,111.56,122.56,11.0,10.99,122.55,123.98,2012268,353619,5.69,,41.7370663,31155.0,35331.0,1.1340394800192586,0.7551122663950712,44.427864469257244
342-U1410C,"342-U1410C-13H-2,128",342,U1410,C,13,H,2,128,111.58,122.58,11.0,10.99,122.57,124.0,2072184,358065,5.787,,41.7379654,31135.0,33556.0,1.0777581499919704,0.7624534823635469,44.682200896485085
342-U1410C,"342-U1410C-13H-2,130",342,U1410,C,13,H,2,130,111.6,122.6,11.0,10.99,122.59,124.02,2056430,349333,5.887,,41.7388646,32324.0,35634.0,1.1024006929835417,0.769894035812169,44.939978870712594
342-U1410C,"342-U1410C-13H-2,132",342,U1410,C,13,H,2,132,111.62,122.62,11.0,10.99,122.61,124.04,1831012,429326,4.265,,41.7397637,32809.0,37935.0,1.1562376177268432,0.6299190355035418,40.0905449850202
342-U1410C,"342-U1410C-13H-2,134",342,U1410,C,13,H,2,134,111.64,122.64,11.0,10.99,122.63,124.06,1772434,422712,4.193,,41.7406628,34804.0,40190.0,1.154752327318699,0.6225248624035682,39.83437385797162
342-U1410C,"342-U1410C-13H-2,136",342,U1410,C,13,H,2,136,111.66,122.66,11.0,10.99,122.65,124.08,1817623,440883,4.123,,41.741562,35082.0,39847.0,1.1358246394162248,0.6152133348013585,39.58106598419307
342-U1410C,"342-U1410C-13H-2,138",342,U1410,C,13,H,2,138,111.68,122.68,11.0,10.99,122.67,124.1,2042477,381695,5.351,,41.7424611,32454.0,36447.0,1.1230356812719542,0.7284349509742548,43.50362887650306
342-U1410C,"342-U1410C-13H-2,140",342,U1410,C,13,H,2,140,111.7,122.7,11.0,10.99,122.69,124.12,1811498,416625,4.348,,41.7433602,34520.0,39746.0,1.1513904982618772,0.6382895354142569,40.380540954426934
342-U1410C,"342-U1410C-13H-2,142",342,U1410,C,13,H,2,142,111.72,122.72,11.0,10.99,122.71,124.14,2072516,344335,6.019,,41.7442594,34846.0,36506.0,1.0476381794180107,0.7795243433247899,45.27362087448735
342-U1410C,"342-U1410C-13H-2,144",342,U1410,C,13,H,2,144,111.74,122.74,11.0,10.99,122.73,124.16,1702172,439687,3.871,,41.7451585,37034.0,43912.0,1.1857212291407895,0.5878231713189551,38.632133770345206
342-U1410C,"342-U1410C-13H-2,146",342,U1410,C,13,H,2,146,111.76,122.76,11.0,10.99,122.75,124.18,1241492,674265,1.841,,41.7460576,35004.0,41918.0,1.1975202833961833,0.2650537885040147,27.44978850272159
342-U1410C,"342-U1410C-13H-2,148",342,U1410,C,13,H,2,148,111.78,122.78,11.0,10.99,122.77,124.2,1601662,465356,3.442,,41.7469568,35908.0,40409.0,1.1253481118413724,0.5368108659915415,36.86481245227695
342-U1410C,"342-U1410C-13H-3,2",342,U1410,C,13,H,3,2,111.82,122.82,11.0,10.99,122.81,124.24,1717897,390460,4.4,,41.748755,31653.0,37148.0,1.173601238429217,0.6434526764861874,40.55941797686397
342-U1410C,"342-U1410C-13H-3,4",342,U1410,C,13,H,3,4,111.84,122.84,11.0,10.99,122.83,124.26,1748137,422291,4.14,,41.7496542,32485.0,37332.0,1.1492073264583653,0.617000341120899,39.64297681813355
342-U1410C,"342-U1410C-13H-3,6",342,U1410,C,13,H,3,6,111.86,122.86,11.0,10.99,122.85,124.28,1887827,390699,4.832,,41.7505533,30679.0,35233.0,1.1484403011832198,0.6841269256130754,41.968577337865
342-U1410C,"342-U1410C-13H-3,8",342,U1410,C,13,H,3,8,111.88,122.88,11.0,10.99,122.87,124.3,1988836,385709,5.156,,41.7514525,30084.0,32553.0,1.0820702034303948,0.7123129086813654,42.94508072126591
342-U1410C,"342-U1410C-13H-3,10",342,U1410,C,13,H,3,10,111.9,122.9,11.0,10.99,122.89,124.32,2235323,338990,6.594,,41.7523516,28896.0,31121.0,1.077000276854928,0.8191489428071342,46.64641512355317
342-U1410C,"342-U1410C-13H-3,12",342,U1410,C,13,H,3,12,111.92,122.92,11.0,10.99,122.91,124.34,2326495,329044,7.07,,41.7532507,27168.0,29682.0,1.092535335689046,0.8494194137968994,47.69513559099359
342-U1410C,"342-U1410C-13H-3,14",342,U1410,C,13,H,3,14,111.94,122.94,11.0,10.99,122.93,124.36,2646075,276234,9.579,,41.7541499,25351.0,24523.0,0.9673385665259753,0.9813201732591074,52.26483740256178
342-U1410C,"342-U1410C-13H-3,16",342,U1410,C,13,H,3,16,111.96,122.96,11.0,10.99,122.95,124.38,2920726,249404,11.711,,41.755049,21570.0,21958.0,1.0179879462216042,1.0685939809766514,55.288438470936086
342-U1410C,"342-U1410C-13H-3,18",342,U1410,C,13,H,3,18,111.98,122.98,11.0,10.99,122.97,124.4,3116989,219907,14.174,,41.7559481,18196.0,18649.0,1.0248955814464717,1.1514924284254977,58.16045518280137
342-U1410C,"342-U1410C-13H-3,20",342,U1410,C,13,H,3,20,112.0,123.0,11.0,10.99,122.99,124.42,3323103,187078,17.763,,41.7568473,14682.0,14712.0,1.0020433183489987,1.2495163158016627,61.5564927609486
342-U1410C,"342-U1410C-13H-3,22",342,U1410,C,13,H,3,22,112.02,123.02,11.0,10.99,123.01,124.44,3824237,116949,32.7,,41.7577464,10518.0,10242.0,0.9737592698231603,1.5145477526602862,70.73850689091562
342-U1410C,"342-U1410C-13H-3,24",342,U1410,C,13,H,3,24,112.04,123.04,11.0,10.99,123.03,124.46,3354633,149777,22.398,,41.7586455,12875.0,12024.0,0.9339029126213593,1.3502092403099482,65.04499913053816
342-U1410C,"342-U1410C-13H-3,26",342,U1410,C,13,H,3,26,112.06,123.06,11.0,10.99,123.05,124.48,3654364,104553,34.952,,41.7595447,9742.0,10422.0,1.0698008622459454,1.543472031701512,71.7405885382989
342-U1410C,"342-U1410C-13H-3,28",342,U1410,C,13,H,3,28,112.08,123.08,11.0,10.99,123.07,124.5,3304205,156475,21.117,,41.7604438,12964.0,13304.0,1.0262264733107065,1.3246322199229106,64.15888325922924
342-U1410C,"342-U1410C-13H-3,30",342,U1410,C,13,H,3,30,112.1,123.1,11.0,10.99,123.09,124.52,2844972,224342,12.681,,41.7613429,19448.0,19725.0,1.0142431098313451,1.1031535025486812,56.485753095799055
342-U1410C,"342-U1410C-13H-3,32",342,U1410,C,13,H,3,32,112.12,123.12,11.0,10.99,123.11,124.54,2111402,341147,6.189,,41.7622421,28091.0,31463.0,1.1200384464775195,0.791620482692814,45.69269162289254
342-U1410C,"342-U1410C-13H-3,34",342,U1410,C,13,H,3,34,112.14,123.14,11.0,10.99,123.13,124.56,1770712,398540,4.443,,41.7631412,32328.0,37942.0,1.1736575105171987,0.6476763132408708,40.70574587222997
342-U1410C,"342-U1410C-13H-3,36",342,U1410,C,13,H,3,36,112.16,123.16,11.0,10.99,123.15,124.58,2003807,372906,5.373,,41.7640404,32289.0,34682.0,1.074111926662331,0.730216840568694,43.5653624415024
342-U1410C,"342-U1410C-13H-3,38",342,U1410,C,13,H,3,38,112.18,123.18,11.0,10.99,123.17,124.6,1565853,443539,3.53,,41.7649395,35238.0,41437.0,1.175918043021738,0.5477747053878226,37.24465466816112
342-U1410C,"342-U1410C-13H-3,40",342,U1410,C,13,H,3,40,112.2,123.2,11.0,10.99,123.19,124.62,1328640,553133,2.402,,41.7658386,35390.0,43725.0,1.2355185080531224,0.3805730030668873,31.45195169125231
342-U1410C,"342-U1410C-13H-3,42",342,U1410,C,13,H,3,42,112.22,123.22,11.0,10.99,123.21,124.64,1035046,793219,1.305,,41.7667377,31412.0,41256.0,1.3133834203489112,0.11561051167429974,22.272326176956113
342-U1410C,"342-U1410C-13H-3,44",342,U1410,C,13,H,3,44,112.24,123.24,11.0,10.99,123.23,124.66,1399653,564926,2.478,,41.7676369,37488.0,45595.0,1.216255868544601,0.3941013020400447,31.92063960917735
342-U1410C,"342-U1410C-13H-3,46",342,U1410,C,13,H,3,46,112.26,123.26,11.0,10.99,123.25,124.68,1404194,559986,2.508,,41.768536,38711.0,44684.0,1.1542972281780373,0.39932753215867883,32.10170235163743
342-U1410C,"342-U1410C-13H-3,48",342,U1410,C,13,H,3,48,112.28,123.28,11.0,10.99,123.27,124.7,1609599,451251,3.567,,41.7694352,37549.0,42376.0,1.128552025353538,0.552303109338354,37.40154122302728
342-U1410C,"342-U1410C-13H-3,50",342,U1410,C,13,H,3,50,112.3,123.3,11.0,10.99,123.29,124.72,1573571,489236,3.216,,41.7703343,35830.0,42182.0,1.1772816075914039,0.5073160400764137,35.842964208447356
342-U1410C,"342-U1410C-13H-3,52",342,U1410,C,13,H,3,52,112.32,123.32,11.0,10.99,123.31,124.74,1362868,652775,2.088,,41.7712334,32453.0,38732.0,1.1934798015591779,0.31973049433022455,29.34406297607063
342-U1410C,"342-U1410C-13H-3,54",342,U1410,C,13,H,3,54,112.34,123.34,11.0,10.99,123.33,124.76,1618409,575845,2.81,,41.7721326,31934.0,34358.0,1.0759065572743785,0.4487063199050799,33.812430453111496
342-U1410C,"342-U1410C-13H-3,56",342,U1410,C,13,H,3,56,112.36,123.36,11.0,10.99,123.35,124.78,1856850,436768,4.251,,41.7730317,32458.0,36083.0,1.1116827900671638,0.6284911049671229,40.041074331585975
342-U1410C,"342-U1410C-13H-3,58",342,U1410,C,13,H,3,58,112.38,123.38,11.0,10.99,123.37,124.8,2066610,383921,5.383,,41.7739308,32259.0,33877.0,1.0501565454601816,0.7310243798156879,43.59333963871451
342-U1410C,"342-U1410C-13H-3,60",342,U1410,C,13,H,3,60,112.4,123.4,11.0,10.99,123.39,124.82,2271495,361412,6.285,,41.77483,28866.0,28833.0,0.9988567865308667,0.7983052820219766,45.92428649565138
342-U1410C,"342-U1410C-13H-3,62",342,U1410,C,13,H,3,62,112.42,123.42,11.0,10.99,123.41,124.84,2499857,322457,7.753,,41.7757291,28127.0,27723.0,0.9856365769545277,0.8894697839695074,49.082680665623585
342-U1410C,"342-U1410C-13H-3,64",342,U1410,C,13,H,3,64,112.44,123.44,11.0,10.99,123.43,124.86,2608365,353664,7.375,,41.7766282,28306.0,26429.0,0.9336889705362821,0.8677620246502006,48.330615344006205
342-U1410C,"342-U1410C-13H-3,66",342,U1410,C,13,H,3,66,112.46,123.46,11.0,10.99,123.45,124.88,3108991,284715,10.92,,41.7775274,22640.0,20695.0,0.9140901060070671,1.0382226383687185,54.23622330628426
342-U1410C,"342-U1410C-13H-3,68",342,U1410,C,13,H,3,68,112.48,123.48,11.0,10.99,123.47,124.9,3395019,241883,14.036,,41.7784265,19424.0,17106.0,0.880663097199341,1.1472433595433686,58.013246191380006
342-U1410C,"342-U1410C-13H-3,70",342,U1410,C,13,H,3,70,112.5,123.5,11.0,10.99,123.49,124.92,4082413,113603,35.936,,41.7793256,7592.0,8124.0,1.0700737618545837,1.5555297345813637,72.15832765457135
342-U1410C,"342-U1410C-13H-3,72",342,U1410,C,13,H,3,72,112.52,123.52,11.0,10.99,123.51,124.94,4325591,102856,42.055,,41.7802248,7451.0,6622.0,0.8887397664742988,1.623817637311556,74.52416204465887
342-U1410C,"342-U1410C-13H-3,74",342,U1410,C,13,H,3,74,112.54,123.54,11.0,10.99,123.53,124.96,4479523,112476,39.826,,41.7811239,7682.0,6764.0,0.8804998698255663,1.6001666894079956,73.70477495454001
342-U1410C,"342-U1410C-13H-3,76",342,U1410,C,13,H,3,76,112.56,123.56,11.0,10.99,123.55,124.98,4060968,222428,18.257,,41.782023,6326.0,8239.0,1.302402782168827,1.2614294155594468,61.96922210205703
342-U1410C,"342-U1410C-13H-3,78",342,U1410,C,13,H,3,78,112.58,123.58,11.0,10.99,123.57,125.0,3412065,353276,9.658,,41.7829222,6875.0,9166.0,1.3332363636363636,0.9848872010643276,52.38841708087364
342-U1410C,"342-U1410C-13H-3,80",342,U1410,C,13,H,3,80,112.6,123.6,11.0,10.99,123.59,125.02,3162957,325578,9.715,,41.7838213,11973.0,14489.0,1.2101394804977867,0.9874428049358013,52.47695597700084
342-U1410C,"342-U1410C-13H-3,82",342,U1410,C,13,H,3,82,112.62,123.62,11.0,10.99,123.61,125.04,2661637,407386,6.533,,41.7847205,20354.0,22673.0,1.1139333791883659,0.8151126581898126,46.506578042986064
342-U1410C,"342-U1410C-13H-3,84",342,U1410,C,13,H,3,84,112.64,123.64,11.0,10.99,123.63,125.06,2018762,477888,4.224,,41.7856196,29392.0,32033.0,1.0898543821448012,0.6257239095257559,39.94520484551981
342-U1410C,"342-U1410C-13H-3,86",342,U1410,C,13,H,3,86,112.66,123.66,11.0,10.99,123.65,125.08,1731688,502416,3.447,,41.7865187,31894.0,36915.0,1.1574277293534834,0.5374412834079476,36.88665326366835
342-U1410C,"342-U1410C-13H-3,88",342,U1410,C,13,H,3,88,112.68,123.68,11.0,10.99,123.67,125.1,1536909,524404,2.931,,41.7874179,34563.0,41610.0,1.2038885513410293,0.46701581843843554,34.4467630297996
342-U1410C,"342-U1410C-13H-3,90",342,U1410,C,13,H,3,90,112.7,123.7,11.0,10.99,123.69,125.12,1633476,495534,3.296,,41.788317,34524.0,40645.0,1.1772969528443982,0.5179872030250782,36.21266664880383
342-U1410C,"342-U1410C-13H-3,92",342,U1410,C,13,H,3,92,112.72,123.72,11.0,10.99,123.71,125.14,1026882,726670,1.413,,41.7892161,34141.0,45227.0,1.324712222840573,0.1501421618485586,23.468675197243314
342-U1410C,"342-U1410C-13H-3,94",342,U1410,C,13,H,3,94,112.74,123.74,11.0,10.99,123.73,125.16,1802229,425609,4.234,,41.7901153,29064.0,36829.0,1.267169006330856,0.6267508536833932,39.98078332586116
342-U1410C,"342-U1410C-13H-3,96",342,U1410,C,13,H,3,96,112.76,123.76,11.0,10.99,123.75,125.18,1210867,669121,1.81,,41.7910144,31697.0,40906.0,1.2905322270246395,0.2576785748691845,27.1942742263429
342-U1410C,"342-U1410C-13H-3,98",342,U1410,C,13,H,3,98,112.78,123.78,11.0,10.99,123.77,125.2,1202369,682553,1.762,,41.7919135,33602.0,41805.0,1.244122373668234,0.2460059040760291,26.789874546714028
342-U1410C,"342-U1410C-13H-3,100",342,U1410,C,13,H,3,100,112.8,123.8,11.0,10.99,123.79,125.22,1383379,576063,2.401,,41.7928127,34505.0,42623.0,1.235270250688306,0.3803921600570273,31.445686385175712
342-U1410C,"342-U1410C-13H-3,102",342,U1410,C,13,H,3,102,112.82,123.82,11.0,10.99,123.81,125.24,1483317,603373,2.458,,41.7937118,31700.0,37943.0,1.1969400630914826,0.3905818785504353,31.79870918237983
342-U1410C,"342-U1410C-13H-3,104",342,U1410,C,13,H,3,104,112.84,123.84,11.0,10.99,123.83,125.26,1595951,511170,3.122,,41.7946109,32108.0,38158.0,1.1884265603587891,0.4944328987263987,35.39662777637608
342-U1410C,"342-U1410C-13H-3,106",342,U1410,C,13,H,3,106,112.86,123.86,11.0,10.99,123.85,125.28,1599846,486854,3.286,,41.7955101,33911.0,39006.0,1.1502462327858216,0.5166675590990429,36.166947584986346
342-U1410C,"342-U1410C-13H-3,108",342,U1410,C,13,H,3,108,112.88,123.88,11.0,10.99,123.87,125.3,1960779,425324,4.61,,41.7964092,31910.0,33647.0,1.054434346599812,0.6637009253896482,41.26091856012437
342-U1410C,"342-U1410C-13H-3,110",342,U1410,C,13,H,3,110,112.9,123.9,11.0,10.99,123.89,125.32,1993427,411039,4.85,,41.7973084,30755.0,32490.0,1.0564135912859698,0.6857417386022636,42.02452253387543
342-U1410C,"342-U1410C-13H-3,112",342,U1410,C,13,H,3,112,112.92,123.92,11.0,10.99,123.91,125.34,2237649,383432,5.836,,41.7982075,29747.0,30549.0,1.0269607019195213,0.766115283221414,44.80906398720589
342-U1410C,"342-U1410C-13H-3,114",342,U1410,C,13,H,3,114,112.94,123.94,11.0,10.99,123.93,125.36,2731489,285063,9.582,,41.7991066,25963.0,24792.0,0.9548973539267419,0.9814561665221266,52.26954888915908
342-U1410C,"342-U1410C-13H-3,116",342,U1410,C,13,H,3,116,112.96,123.96,11.0,10.99,123.95,125.38,2952794,273485,10.797,,41.8000058,24336.0,23042.0,0.946827744904668,1.0333031013725738,54.06578594705282
342-U1410C,"342-U1410C-13H-3,118",342,U1410,C,13,H,3,118,112.98,123.98,11.0,10.99,123.97,125.4,3042337,280953,10.829,,41.8009049,23666.0,22340.0,0.9439702526831741,1.0345883537136245,54.11031351440852
342-U1410C,"342-U1410C-13H-3,120",342,U1410,C,13,H,3,120,113.0,124.0,11.0,10.99,123.99,125.42,3683002,192093,19.173,,41.801804,16136.0,14531.0,0.900532969757065,1.2826900722682182,62.705797553732424
342-U1410C,"342-U1410C-13H-3,122",342,U1410,C,13,H,3,122,113.02,124.02,11.0,10.99,124.01,125.44,4026382,139399,28.884,,41.8027032,11806.0,11164.0,0.9456208707436896,1.460657336322655,68.87147341689838
342-U1410C,"342-U1410C-13H-3,124",342,U1410,C,13,H,3,124,113.04,124.04,11.0,10.99,124.03,125.46,3311793,84276,39.297,,41.8036023,6298.0,6286.0,0.9980946332168943,1.5943593968594822,73.50358130419677
342-U1410C,"342-U1410C-13H-3,126",342,U1410,C,13,H,3,126,113.06,124.06,11.0,10.99,124.05,125.48,4116392,72116,57.08,,41.8045014,6162.0,5750.0,0.9331385913664395,1.7564839644426093,79.1203869481142
342-U1410C,"342-U1410C-13H-3,128",342,U1410,C,13,H,3,128,113.08,124.08,11.0,10.99,124.07,125.5,3812298,116653,32.681,,41.8054006,10475.0,9506.0,0.9074940334128878,1.514295336961889,70.72976194904464
342-U1410C,"342-U1410C-13H-3,130",342,U1410,C,13,H,3,130,113.1,124.1,11.0,10.99,124.09,125.52,3552399,158988,22.344,,41.8062997,12175.0,13198.0,1.0840246406570841,1.3491609226929486,65.0086801666972
342-U1410C,"342-U1410C-13H-3,132",342,U1410,C,13,H,3,132,113.12,124.12,11.0,10.99,124.11,125.54,3110757,219322,14.184,,41.8071988,16719.0,19102.0,1.1425324481129253,1.1517987225928614,58.17106674422969
342-U1410C,"342-U1410C-13H-3,134",342,U1410,C,13,H,3,134,113.14,124.14,11.0,10.99,124.13,125.56,2143050,360527,5.944,,41.808098,30838.0,33333.0,1.0809066735845385,0.7740788007525189,45.08496005207102
342-U1410C,"342-U1410C-13H-3,136",342,U1410,C,13,H,3,136,113.16,124.16,11.0,10.99,124.15,125.58,2263775,375450,6.029,,41.8089971,29314.0,33002.0,1.1258101930818039,0.7802452838653526,45.29859785951514
342-U1410C,"342-U1410C-13H-3,138",342,U1410,C,13,H,3,138,113.18,124.18,11.0,10.99,124.17,125.6,1637032,480285,3.408,,41.8098963,36534.0,42874.0,1.1735369792522035,0.5324995860946625,36.71544816024958
342-U1410C,"342-U1410C-13H-3,140",342,U1410,C,13,H,3,140,113.2,124.2,11.0,10.99,124.19,125.62,1331384,585267,2.275,,41.8107954,36181.0,45623.0,1.2609657002294021,0.3569814009931312,30.634620637407032
342-U1410C,"342-U1410C-13H-3,142",342,U1410,C,13,H,3,142,113.22,124.22,11.0,10.99,124.21,125.64,965791,841625,1.148,,41.8116945,33291.0,45942.0,1.3800126160223485,0.05994188806195468,20.343686711906418
342-U1410C,"342-U1410C-13H-3,144",342,U1410,C,13,H,3,144,113.24,124.24,11.0,10.99,124.23,125.66,1292106,602053,2.146,,41.8125937,38376.0,48184.0,1.2555764019178652,0.33162971762993226,29.756311567289004
342-U1410C,"342-U1410C-13H-3,146",342,U1410,C,13,H,3,146,113.26,124.26,11.0,10.99,124.25,125.68,1063279,758119,1.403,,41.8134928,35182.0,45157.0,1.2835256665340231,0.14705767102835993,23.36181301277753
342-U1410C,"342-U1410C-13H-3,148",342,U1410,C,13,H,3,148,113.28,124.28,11.0,10.99,124.27,125.7,1064617,625335,1.702,,41.8143919,34340.0,44563.0,1.2976994758299358,0.23095955574856905,26.268593808909174
342-U1410C,"342-U1410C-13H-4,2",342,U1410,C,13,H,4,2,113.32,124.32,11.0,10.99,124.31,125.74,1079420,589783,1.83,,41.8161902,35579.0,45873.0,1.2893279743669017,0.26245108973042947,27.35961800371073
342-U1410C,"342-U1410C-13H-4,4",342,U1410,C,13,H,4,4,113.34,124.34,11.0,10.99,124.33,125.76,1225523,521769,2.349,,41.8170893,34416.0,42593.0,1.237592980009298,0.3708830167776059,31.116242116260157
342-U1410C,"342-U1410C-13H-4,6",342,U1410,C,13,H,4,6,113.36,124.36,11.0,10.99,124.35,125.78,1153025,567972,2.03,,41.8179885,34596.0,43139.0,1.2469360619724823,0.3074960379132129,28.92020023350326
342-U1410C,"342-U1410C-13H-4,8",342,U1410,C,13,H,4,8,113.38,124.38,11.0,10.99,124.37,125.8,1490723,520271,2.865,,41.8188876,30230.0,35675.0,1.1801190869996692,0.45712462630340883,34.1040826782816
342-U1410C,"342-U1410C-13H-4,10",342,U1410,C,13,H,4,10,113.4,124.4,11.0,10.99,124.39,125.82,1436179,443259,3.24,,41.8197867,35557.0,41542.0,1.1683212869477178,0.5105450102066121,35.954831878608076
342-U1410C,"342-U1410C-13H-4,12",342,U1410,C,13,H,4,12,113.42,124.42,11.0,10.99,124.41,125.84,1456264,424786,3.428,,41.8206859,35461.0,41018.0,1.1567073686585263,0.5350408132511606,36.80348897508646
342-U1410C,"342-U1410C-13H-4,14",342,U1410,C,13,H,4,14,113.44,124.44,11.0,10.99,124.43,125.86,1630041,397498,4.101,,41.821585,32992.0,38512.0,1.1673132880698351,0.6128897692874847,39.500566056964914
342-U1410C,"342-U1410C-13H-4,16",342,U1410,C,13,H,4,16,113.46,124.46,11.0,10.99,124.45,125.88,1531122,436361,3.509,,41.8224842,34824.0,39902.0,1.1458189754192512,0.5451833682154061,37.15487779182274
342-U1410C,"342-U1410C-13H-4,18",342,U1410,C,13,H,4,18,113.48,124.48,11.0,10.99,124.47,125.9,1732493,383341,4.519,,41.8233833,31766.0,36759.0,1.157180633381603,0.6550423413312018,40.96094191541948
342-U1410C,"342-U1410C-13H-4,20",342,U1410,C,13,H,4,20,113.5,124.5,11.0,10.99,124.49,125.92,1783224,403850,4.416,,41.8242824,31737.0,35693.0,1.1246494627721586,0.6450290647211425,40.61403194726398
342-U1410C,"342-U1410C-13H-4,22",342,U1410,C,13,H,4,22,113.52,124.52,11.0,10.99,124.51,125.94,1935794,377612,5.126,,41.8251816,30259.0,32649.0,1.0789847648633464,0.7097786018482253,42.85727966103177
342-U1410C,"342-U1410C-13H-4,24",342,U1410,C,13,H,4,24,113.54,124.54,11.0,10.99,124.53,125.96,2057101,359643,5.72,,41.8260807,29442.0,30603.0,1.039433462400652,0.7573960287930241,44.506985417534324
342-U1410C,"342-U1410C-13H-4,26",342,U1410,C,13,H,4,26,113.56,124.56,11.0,10.99,124.55,125.98,2168903,350416,6.19,,41.8269798,27740.0,28452.0,1.0256669069935112,0.791690649020118,45.69512253530199
342-U1410C,"342-U1410C-13H-4,28",342,U1410,C,13,H,4,28,113.58,124.58,11.0,10.99,124.57,126.0,2366685,301865,7.84,,41.827879,26159.0,27022.0,1.032990557743033,0.8943160626844384,49.25057999170237
342-U1410C,"342-U1410C-13H-4,30",342,U1410,C,13,H,4,30,113.6,124.6,11.0,10.99,124.59,126.02,2265567,386546,5.861,,41.8287781,24900.0,25627.0,1.0291967871485943,0.7679717213816188,44.87338028726619
342-U1410C,"342-U1410C-13H-4,32",342,U1410,C,13,H,4,32,113.62,124.62,11.0,10.99,124.61,126.04,2516160,282070,8.92,,41.8296772,24509.0,25518.0,1.0411685503284507,0.9503648543761231,51.19239037986078
342-U1410C,"342-U1410C-13H-4,34",342,U1410,C,13,H,4,34,113.64,124.64,11.0,10.99,124.63,126.06,2554876,267624,9.547,,41.8305764,25399.0,25395.0,0.9998425134847828,0.9798669225649028,52.214489532261055
342-U1410C,"342-U1410C-13H-4,36",342,U1410,C,13,H,4,36,113.66,124.66,11.0,10.99,124.65,126.08,2357478,287896,8.189,,41.8314755,27036.0,28179.0,1.0422769640479361,0.9132308711135606,49.90588352972931
342-U1410C,"342-U1410C-13H-4,38",342,U1410,C,13,H,4,38,113.68,124.68,11.0,10.99,124.67,126.1,2261881,319544,7.078,,41.8323746,27037.0,28768.0,1.0640233753744868,0.8499105583014961,47.71215129235533
342-U1410C,"342-U1410C-13H-4,40",342,U1410,C,13,H,4,40,113.7,124.7,11.0,10.99,124.69,126.12,2176255,312502,6.964,,41.8332738,27336.0,29281.0,1.0711515949663448,0.8428587624452937,47.4678418249172
342-U1410C,"342-U1410C-13H-4,42",342,U1410,C,13,H,4,42,113.72,124.72,11.0,10.99,124.71,126.14,2000078,356235,5.614,,41.8341729,30007.0,32178.0,1.0723497850501549,0.7492724082984203,44.22554258549877
342-U1410C,"342-U1410C-13H-4,44",342,U1410,C,13,H,4,44,113.74,124.74,11.0,10.99,124.73,126.16,1902594,370814,5.131,,41.8350721,30404.0,34481.0,1.1340941981318247,0.7102020146553848,42.87194879773581
342-U1410C,"342-U1410C-13H-4,46",342,U1410,C,13,H,4,46,113.76,124.76,11.0,10.99,124.75,126.18,1633041,453620,3.6,,41.8359712,29777.0,34718.0,1.1659334385599625,0.5563025007672873,37.54010013908267
342-U1410C,"342-U1410C-13H-4,48",342,U1410,C,13,H,4,48,113.78,124.78,11.0,10.99,124.77,126.2,1258773,679780,1.852,,41.8368703,28676.0,35307.0,1.2312386664806807,0.26764098234591555,27.539421833374245
342-U1410C,"342-U1410C-13H-4,50",342,U1410,C,13,H,4,50,113.8,124.8,11.0,10.99,124.79,126.22,1127746,738352,1.527,splice point 6,41.8377695,28242.0,36523.0,1.293215777919411,0.18383903705642116,24.63610343881971
342-U1410C,"342-U1410C-18X-2,30",342,U1410,C,18,X,2,30,158.2,180.22,22.02,,177.84,194.45,2838457,303522,9.35,,44.3658094,18514.0,18208.0,0.9834719671599871,0.9708116108725178,51.90076825867838
342-U1410C,"342-U1410C-18X-2,32",342,U1410,C,18,X,2,32,158.22,180.24,22.02,,177.86,194.47,2780440,300151,9.26,,44.3662613,18406.0,17473.0,0.9493100076062153,0.9666109866819343,51.75523763359561
342-U1410C,"342-U1410C-18X-2,34",342,U1410,C,18,X,2,34,158.24,180.26,22.02,,177.87,194.48,2764574,298072,9.27,,44.3664873,17769.0,17052.0,0.9596488266081378,0.9670797341444971,51.7714773894361
342-U1410C,"342-U1410C-18X-2,36",342,U1410,C,18,X,2,36,158.26,180.28,22.02,,177.88,194.49,2880438,301658,9.55,,44.3667132,18845.0,17359.0,0.9211461926240382,0.9800033715837464,52.219216808518894
342-U1410C,"342-U1410C-18X-2,38",342,U1410,C,18,X,2,38,158.28,180.3,22.02,,177.9,194.51,2799116,317182,8.82,,44.3671652,18005.0,17666.0,0.9811718966953624,0.9454685851318197,51.0227591318919
342-U1410C,"342-U1410C-18X-2,40",342,U1410,C,18,X,2,40,158.3,180.32,22.02,,177.91,194.52,3026834,268373,11.28,,44.3673911,16226.0,15524.0,0.9567361025514606,1.0523090996473234,54.72424875728153
342-U1410C,"342-U1410C-18X-2,42",342,U1410,C,18,X,2,42,158.32,180.34,22.02,,177.92,194.53,2994596,252871,11.84,,44.3676171,15480.0,15806.0,1.0210594315245478,1.073351702386901,55.45326972919419
342-U1410C,"342-U1410C-18X-2,44",342,U1410,C,18,X,2,44,158.34,180.36,22.02,,177.94,194.55,2727992,290475,9.39,,44.368069,17437.0,16482.0,0.9452314044847164,0.9726655922661109,51.964999444059416
342-U1410C,"342-U1410C-18X-2,46",342,U1410,C,18,X,2,46,158.36,180.38,22.02,,177.95,194.56,2968609,240761,12.33,,44.368295,14304.0,13194.0,0.9223993288590604,1.0909630765957317,56.06341578865913
342-U1410C,"342-U1410C-18X-2,48",342,U1410,C,18,X,2,48,158.38,180.4,22.02,,177.97,194.58,3401950,173177,19.64,,44.3687469,11366.0,11244.0,0.9892662326236142,1.293141483450931,63.06788669415751
342-U1410C,"342-U1410C-18X-2,50",342,U1410,C,18,X,2,50,158.4,180.42,22.02,,177.98,194.59,3817282,194097,19.67,,44.3689729,12770.0,10182.0,0.797337509788567,1.2938043599193367,63.09085204940543
342-U1410C,"342-U1410C-18X-2,52",342,U1410,C,18,X,2,52,158.42,180.44,22.02,,177.99,194.6,3190981,161792,19.72,,44.3691988,11548.0,10092.0,0.8739175614825078,1.2949069106051925,63.1290499179169
342-U1410C,"342-U1410C-18X-2,54",342,U1410,C,18,X,2,54,158.44,180.46,22.02,,178.01,194.62,3351463,154192,21.74,,44.3696508,10708.0,9809.0,0.9160440791931266,1.3372595397502758,64.59635675464831
342-U1410C,"342-U1410C-18X-2,56",342,U1410,C,18,X,2,56,158.46,180.48,22.02,,178.02,194.63,3968343,150316,26.4,,44.3698768,10528.0,9135.0,0.867686170212766,1.421603926869831,67.5184680464053
342-U1410C,"342-U1410C-18X-2,58",342,U1410,C,18,X,2,58,158.48,180.5,22.02,,178.04,194.65,3931498,138694,28.35,,44.3703287,9886.0,8396.0,0.8492818126643739,1.4525530632289254,68.59070087556613
342-U1410C,"342-U1410C-18X-2,60",342,U1410,C,18,X,2,60,158.5,180.52,22.02,,178.06,194.67,3279814,153844,21.32,,44.3707806,10353.0,9603.0,0.9275572297884671,1.3287872003545347,64.30283255628285
342-U1410C,"342-U1410C-18X-2,62",342,U1410,C,18,X,2,62,158.52,180.54,22.02,,178.08,194.69,3477251,181214,19.19,,44.3712325,12072.0,10417.0,0.8629058979456594,1.2830749747354715,62.71913249971041
342-U1410C,"342-U1410C-18X-2,64",342,U1410,C,18,X,2,64,158.54,180.56,22.02,,178.1,194.71,3388632,176082,19.24,,44.3716845,12769.0,11058.0,0.8660036024747435,1.2842050677017942,62.75828457052866
342-U1410C,"342-U1410C-18X-2,66",342,U1410,C,18,X,2,66,158.56,180.58,22.02,,178.12,194.73,3454556,156527,22.07,,44.3721364,11947.0,10625.0,0.8893446053402528,1.343802333161655,64.82303183238554
342-U1410C,"342-U1410C-18X-2,68",342,U1410,C,18,X,2,68,158.58,180.6,22.02,,178.14,194.75,3456172,188084,18.38,,44.3725883,13442.0,11921.0,0.8868471953578336,1.2643455070500924,62.07025009175045
342-U1410C,"342-U1410C-18X-2,70",342,U1410,C,18,X,2,70,158.6,180.62,22.02,,178.16,194.77,3887701,167215,23.25,,44.3730403,11674.0,10296.0,0.8819599109131403,1.3664229572259727,65.60672335309383
342-U1410C,"342-U1410C-18X-2,72",342,U1410,C,18,X,2,72,158.62,180.64,22.02,,178.18,194.79,3269666,223727,14.61,,44.3734922,14681.0,14556.0,0.9914855936244125,1.1646502159342969,58.61630673104372
342-U1410C,"342-U1410C-18X-2,74",342,U1410,C,18,X,2,74,158.64,180.66,22.02,,178.2,194.81,3136579,218664,14.34,,44.3739441,13147.0,13370.0,1.0169620445729064,1.1565491513317814,58.33564534788957
342-U1410C,"342-U1410C-18X-2,76",342,U1410,C,18,X,2,76,158.66,180.68,22.02,,178.22,194.83,2675443,251087,10.66,,44.3743961,14407.0,14936.0,1.0367182619559936,1.0277572046905534,53.87364835650422
342-U1410C,"342-U1410C-18X-2,78",342,U1410,C,18,X,2,78,158.68,180.7,22.02,,178.24,194.85,2772993,297970,9.31,,44.374848,17148.0,17515.0,1.0214019127595055,0.9689496809813426,51.836261697598616
342-U1410C,"342-U1410C-18X-2,80",342,U1410,C,18,X,2,80,158.7,180.72,22.02,,178.26,194.87,2475932,306870,8.07,,44.3752999,15958.0,17528.0,1.0983832560471236,0.9068735347220704,49.68563361044613
342-U1410C,"342-U1410C-18X-2,82",342,U1410,C,18,X,2,82,158.72,180.74,22.02,,178.28,194.89,2690868,308511,8.72,,44.3757519,17601.0,17706.0,1.0059655701380603,0.9405164849325672,50.8511936204888
342-U1410C,"342-U1410C-18X-2,84",342,U1410,C,18,X,2,84,158.74,180.76,22.02,,178.3,194.91,2648528,304996,8.68,,44.3762038,16565.0,17737.0,1.0707515846664655,0.9385197251764918,50.78201587873956
342-U1410C,"342-U1410C-18X-2,86",342,U1410,C,18,X,2,86,158.76,180.78,22.02,,178.32,194.93,2623563,307895,8.52,,44.3766557,17105.0,17831.0,1.042443729903537,0.9304395947667001,50.502079760692325
342-U1410C,"342-U1410C-18X-2,88",342,U1410,C,18,X,2,88,158.78,180.8,22.02,,178.34,194.95,2656994,284387,9.34,,44.3771076,16143.0,16635.0,1.0304776063928638,0.9703468762300933,51.88466752699159
342-U1410C,"342-U1410C-18X-2,90",342,U1410,C,18,X,2,90,158.8,180.82,22.02,,178.36,194.97,2607803,324531,8.04,,44.3775596,17782.0,17890.0,1.0060735575300865,0.9052560487484512,49.629595808890095
342-U1410C,"342-U1410C-18X-2,92",342,U1410,C,18,X,2,92,158.82,180.84,22.02,,178.38,194.99,2611833,340532,7.67,,44.3780115,18823.0,19380.0,1.0295914572597353,0.884795363948981,48.920735384012445
342-U1410C,"342-U1410C-18X-2,94",342,U1410,C,18,X,2,94,158.84,180.86,22.02,,178.4,195.01,2636622,328049,8.04,,44.3784634,17810.0,18623.0,1.0456485120718697,0.9052560487484512,49.629595808890095
342-U1410C,"342-U1410C-18X-2,96",342,U1410,C,18,X,2,96,158.86,180.88,22.02,,178.42,195.03,2634724,313309,8.41,,44.3789154,17882.0,18360.0,1.0267307907392909,0.9247959957979122,50.306557274418665
342-U1410C,"342-U1410C-18X-2,98",342,U1410,C,18,X,2,98,158.88,180.9,22.02,,178.44,195.05,2652662,338643,7.83,,44.3793673,17732.0,18640.0,1.0512068576584706,0.8937617620579434,49.231376246497454
342-U1410C,"342-U1410C-18X-2,100",342,U1410,C,18,X,2,100,158.9,180.92,22.02,,178.46,195.07,2496092,348715,7.16,,44.3798192,18356.0,19149.0,1.043201133144476,0.8549130223078556,47.88546165785566
342-U1410C,"342-U1410C-18X-2,102",342,U1410,C,18,X,2,102,158.92,180.94,22.02,,178.48,195.09,2336364,341589,6.84,,44.3802712,17235.0,19357.0,1.1231215549753408,0.8350561017201162,47.19751864409343
342-U1410C,"342-U1410C-18X-2,104",342,U1410,C,18,X,2,104,158.94,180.96,22.02,,178.5,195.11,2231715,304103,7.34,,44.3807231,16703.0,18233.0,1.0916003113213195,0.8656960599160706,48.259039995792264
342-U1410C,"342-U1410C-18X-2,106",342,U1410,C,18,X,2,106,158.96,180.98,22.02,,178.52,195.13,2113101,274305,7.7,,44.381175,14959.0,16161.0,1.0803529647703725,0.8864907251724818,48.979471173600636
342-U1410C,"342-U1410C-18X-2,108",342,U1410,C,18,X,2,108,158.98,181.0,22.02,,178.54,195.15,2118536,287211,7.38,,44.3816269,15211.0,17117.0,1.125304056275064,0.8680563618230416,48.34081265535928
342-U1410C,"342-U1410C-18X-2,110",342,U1410,C,18,X,2,110,159.0,181.02,22.02,,178.56,195.17,2556584,326178,7.84,,44.3820789,17717.0,18165.0,1.0252864480442512,0.8943160626844384,49.25057999170237
342-U1410C,"342-U1410C-18X-2,112",342,U1410,C,18,X,2,112,159.02,181.04,22.02,,178.58,195.19,2348342,308333,7.62,,44.3825308,16529.0,17547.0,1.0615887228507472,0.8819549713396005,48.82232998206047
342-U1410C,"342-U1410C-18X-2,114",342,U1410,C,18,X,2,114,159.04,181.06,22.02,,178.6,195.21,2004941,278051,7.21,,44.3829827,13329.0,15627.0,1.172406031960387,0.857935264719429,47.99016724620462
342-U1410C,"342-U1410C-18X-2,116",342,U1410,C,18,X,2,116,159.06,181.08,22.02,,178.62,195.23,2226034,286262,7.78,,44.3834347,14513.0,15488.0,1.067181147936333,0.890979596989689,49.13498813770778
342-U1410C,"342-U1410C-18X-2,118",342,U1410,C,18,X,2,118,159.08,181.1,22.02,,178.64,195.25,1979170,307895,6.43,,44.3838866,14425.0,16007.0,1.1096707105719237,0.8082109729242221,46.26746915695968
342-U1410C,"342-U1410C-18X-2,120",342,U1410,C,18,X,2,120,159.1,181.12,22.02,,178.65,195.26,2343976,330315,7.1,,44.3841126,15123.0,17618.0,1.1649804932883687,0.8512583487190752,47.75884549137236
342-U1410C,"342-U1410C-18X-2,122",342,U1410,C,18,X,2,122,159.12,181.14,22.02,,178.67,195.28,2212987,302899,7.31,,44.3845645,12824.0,15256.0,1.1896444167186526,0.8639173769578604,48.197417524705074
342-U1410C,"342-U1410C-18X-2,124",342,U1410,C,18,X,2,124,159.14,181.16,22.02,,178.69,195.3,2792036,233289,11.97,,44.3850164,9673.0,12240.0,1.265377855887522,1.0780941504064108,55.61757184083011
342-U1410C,"342-U1410C-18X-2,126",342,U1410,C,18,X,2,126,159.16,181.18,22.02,,178.71,195.32,3036317,226074,13.43,,44.3854684,10355.0,11286.0,1.089908256880734,1.1280760126687153,57.34919345890765
342-U1410C,"342-U1410C-18X-2,128",342,U1410,C,18,X,2,128,159.18,181.2,22.02,,178.73,195.34,3459405,222585,15.54,,44.3859203,10669.0,11054.0,1.036085856218952,1.1914510144648955,59.544820396136316
342-U1410C,"342-U1410C-18X-2,130",342,U1410,C,18,X,2,130,159.2,181.22,22.02,,178.75,195.36,3350663,161498,20.75,,44.3863722,9014.0,8804.0,0.9767029065897492,1.3170181010481115,63.89509211081183
342-U1410C,"342-U1410C-18X-2,132",342,U1410,C,18,X,2,132,159.22,181.24,22.02,,178.77,195.38,2657062,102663,25.88,,44.3868242,4249.0,6478.0,1.5245940221228524,1.4129642719966629,67.21914720332438
342-U1410C,"342-U1410C-18X-2,134",342,U1410,C,18,X,2,134,159.24,181.26,22.02,,178.79,195.4,3349095,101237,33.08,,44.3872761,5464.0,5377.0,0.9840775988286969,1.5195655008805091,70.91234677800524
342-U1410C,"342-U1410C-18X-2,136",342,U1410,C,18,X,2,136,159.26,181.28,22.02,,178.81,195.42,3061519,73005,41.94,,44.387728,3835.0,4626.0,1.20625814863103,1.6226284261293251,74.48296182325048
342-U1410C,"342-U1410C-18X-2,138",342,U1410,C,18,X,2,138,159.28,181.3,22.02,,178.83,195.44,3875684,98006,39.55,,44.38818,5417.0,6410.0,1.183311796197157,1.5971464878336954,73.60014007099838
342-U1410C,"342-U1410C-18X-2,140",342,U1410,C,18,X,2,140,159.3,181.32,22.02,,178.85,195.46,2954684,79044,37.38,,44.3886319,4937.0,5643.0,1.1430018229694145,1.5726392970428134,72.75108844604827
342-U1410C,"342-U1410C-18X-2,142",342,U1410,C,18,X,2,142,159.32,181.34,22.02,,178.87,195.48,3226196,88415,36.49,,44.3890838,5399.0,6691.0,1.2393035747360623,1.5621738633646483,72.38851349626825
342-U1410C,"342-U1410C-18X-2,144",342,U1410,C,18,X,2,144,159.34,181.36,22.02,,178.89,195.5,3347934,92338,36.26,,44.3895357,6166.0,6853.0,1.111417450535193,1.5594277997594899,72.29337612266752
342-U1410C,"342-U1410C-18X-2,146",342,U1410,C,18,X,2,146,159.36,181.38,22.02,,178.91,195.52,3095054,85091,36.37,,44.3899877,6223.0,6406.0,1.0294070384059135,1.5607433010547118,72.3389516650405
342-U1410C,"342-U1410C-18X-2,148",342,U1410,C,18,X,2,148,159.38,181.4,22.02,,178.92,195.53,2730964,143862,18.98,,44.3902136,7983.0,9999.0,1.2525366403607667,1.2782962080912739,62.55357212932219
342-U1410C,"342-U1410C-18X-2,150",342,U1410,C,18,X,2,150,159.4,181.42,22.02,,178.94,195.55,1553686,103882,14.96,,44.3906656,5630.0,7054.0,1.2529307282415632,1.1749315935284426,58.9725050577929
342-U1410C,"342-U1410C-18X-3,2",342,U1410,C,18,X,3,2,159.42,181.44,22.02,,178.95,195.56,2898122,281210,10.31,,44.3908915,21641.0,18400.0,0.8502379742156093,1.0132586652835165,53.371346458747425
342-U1410C,"342-U1410C-18X-3,4",342,U1410,C,18,X,3,4,159.44,181.46,22.02,,178.97,195.58,2394090,271423,8.82,,44.3913435,17953.0,17851.0,0.9943184983011196,0.9454685851318197,51.0227591318919
342-U1410C,"342-U1410C-18X-3,6",342,U1410,C,18,X,3,6,159.46,181.48,22.02,,178.98,195.59,2701471,305263,8.85,,44.3915694,21612.0,20174.0,0.9334628909864889,0.9469432706978255,51.07384961332616
342-U1410C,"342-U1410C-18X-3,8",342,U1410,C,18,X,3,8,159.48,181.5,22.02,,179.0,195.61,2322642,278369,8.34,,44.3920214,16980.0,18575.0,1.0939340400471143,0.9211660506377387,50.18079782434446
342-U1410C,"342-U1410C-18X-3,10",342,U1410,C,18,X,3,10,159.5,181.52,22.02,,179.01,195.62,2196735,318802,6.89,,44.3922473,20264.0,19214.0,0.9481839715752073,0.8382192219076258,47.307104942989696
342-U1410C,"342-U1410C-18X-3,12",342,U1410,C,18,X,3,12,159.52,181.54,22.02,,179.03,195.64,2146831,412340,5.21,,44.3926993,23565.0,24140.0,1.0244005941014216,0.7168377232995244,43.10184292371203
342-U1410C,"342-U1410C-18X-3,14",342,U1410,C,18,X,3,14,159.54,181.56,22.02,,179.04,195.65,2278099,408384,5.58,,44.3929252,21849.0,22310.0,1.0210993638152777,0.7466341989375788,44.13414182219242
342-U1410C,"342-U1410C-18X-3,16",342,U1410,C,18,X,3,16,159.56,181.58,22.02,,179.06,195.67,2111946,434823,4.86,,44.3933772,23883.0,22958.0,0.9612695222543232,0.6866362692622934,42.05551354859216
342-U1410C,"342-U1410C-18X-3,18",342,U1410,C,18,X,3,18,159.58,181.6,22.02,,179.08,195.69,2151226,418610,5.14,,44.3938291,23204.0,24003.0,1.0344337183244268,0.7109631189952758,42.89831725759133
342-U1410C,"342-U1410C-18X-3,20",342,U1410,C,18,X,3,20,159.6,181.62,22.02,,179.09,195.7,2266442,393698,5.76,,44.394055,23510.0,23747.0,1.0100808166737558,0.7604224834232121,44.611836938197186
342-U1410C,"342-U1410C-18X-3,22",342,U1410,C,18,X,3,22,159.62,181.64,22.02,,179.11,195.72,2156121,437388,4.93,,44.394507,24619.0,24273.0,0.9859458142085381,0.69284691927723,42.27068151835964
342-U1410C,"342-U1410C-18X-3,24",342,U1410,C,18,X,3,24,159.64,181.66,22.02,,179.12,195.73,2196470,436129,5.04,,44.3947329,23915.0,25173.0,1.0526029688480034,0.7024305364455253,42.60270593515523
342-U1410C,"342-U1410C-18X-3,26",342,U1410,C,18,X,3,26,159.66,181.68,22.02,,179.14,195.75,2310496,395521,5.84,,44.3951849,22099.0,22093.0,0.9997284945020136,0.7664128471123994,44.819373088209076
342-U1410C,"342-U1410C-18X-3,28",342,U1410,C,18,X,3,28,159.68,181.7,22.02,,179.15,195.76,2283302,425052,5.37,,44.3954108,23022.0,23833.0,1.0352271740074712,0.7299742856995556,43.55695912806111
342-U1410C,"342-U1410C-18X-3,30",342,U1410,C,18,X,3,30,159.7,181.72,22.02,,179.17,195.78,2123840,448611,4.73,,44.3958628,24084.0,25084.0,1.0415213419697724,0.6748611407378116,41.64756422086148
342-U1410C,"342-U1410C-18X-3,32",342,U1410,C,18,X,3,32,159.72,181.74,22.02,,179.18,195.79,2206218,423223,5.21,,44.3960887,23498.0,24357.0,1.0365563026640565,0.7168377232995244,43.10184292371203
342-U1410C,"342-U1410C-18X-3,34",342,U1410,C,18,X,3,34,159.74,181.76,22.02,,179.2,195.81,2259251,406705,5.56,,44.3965407,23391.0,23453.0,1.0026505921080757,0.7450747915820575,44.08011615436038
342-U1410C,"342-U1410C-18X-3,36",342,U1410,C,18,X,3,36,159.76,181.78,22.02,,179.21,195.82,2106143,396975,5.31,,44.3967666,22104.0,22474.0,1.0167390517553383,0.725094521081469,43.3878996828675
342-U1410C,"342-U1410C-18X-3,38",342,U1410,C,18,X,3,38,159.78,181.8,22.02,,179.23,195.84,1903585,406659,4.68,,44.3972186,22088.0,22211.0,1.0055686345526984,0.670245853074124,41.48766757975302
342-U1410C,"342-U1410C-18X-3,40",342,U1410,C,18,X,3,40,159.8,181.82,22.02,,179.24,195.85,1837006,414993,4.43,,44.3974445,21361.0,21868.0,1.0237348438743505,0.6464037262230695,40.66165709499825
342-U1410C,"342-U1410C-18X-3,42",342,U1410,C,18,X,3,42,159.82,181.84,22.02,,179.26,195.87,1781590,378641,4.71,,44.3978965,20675.0,19707.0,0.953180169286578,0.6730209071288962,41.58380932748061
342-U1410C,"342-U1410C-18X-3,44",342,U1410,C,18,X,3,44,159.84,181.86,22.02,,179.27,195.88,1963650,397454,4.94,,44.3981224,21883.0,22172.0,1.0132065987296075,0.693726948923647,42.30117014545975
342-U1410C,"342-U1410C-18X-3,46",342,U1410,C,18,X,3,46,159.86,181.88,22.02,,179.29,195.9,2042569,396869,5.15,,44.3985744,22214.0,21442.0,0.9652471414423337,0.7118072290411911,42.92756145013207
342-U1410C,"342-U1410C-18X-3,48",342,U1410,C,18,X,3,48,159.88,181.9,22.02,,179.31,195.92,2130503,431470,4.94,,44.3990263,22183.0,22580.0,1.0178965874768968,0.693726948923647,42.30117014545975
342-U1410C,"342-U1410C-18X-3,50",342,U1410,C,18,X,3,50,159.9,181.92,22.02,,179.32,195.93,2224988,471408,4.72,,44.3992523,22944.0,23856.0,1.0397489539748954,0.6739419986340878,41.61572054267798
342-U1410C,"342-U1410C-18X-3,52",342,U1410,C,18,X,3,52,159.92,181.94,22.02,,179.34,195.95,2428509,401270,6.05,,44.3997042,21716.0,20268.0,0.9333210536010315,0.7817553746524689,45.35091495483479
342-U1410C,"342-U1410C-18X-3,54",342,U1410,C,18,X,3,54,159.94,181.96,22.02,,179.35,195.96,2234957,434934,5.14,,44.3999302,22232.0,21990.0,0.9891147894926232,0.7109631189952758,42.89831725759133
342-U1410C,"342-U1410C-18X-3,56",342,U1410,C,18,X,3,56,159.96,181.98,22.02,,179.37,195.98,2515686,377320,6.67,,44.4003821,20647.0,19581.0,0.9483702232769894,0.8241258339165489,46.818839516038835
342-U1410C,"342-U1410C-18X-3,58",342,U1410,C,18,X,3,58,159.98,182.0,22.02,,179.38,195.99,2493994,397639,6.27,,44.4006081,21708.0,20081.0,0.9250506725631104,0.7972675408307164,45.888333952080174
342-U1410C,"342-U1410C-18X-3,60",342,U1410,C,18,X,3,60,160.0,182.02,22.02,,179.4,196.01,2539784,383200,6.63,,44.40106,21106.0,20164.0,0.9553681417606368,0.8215135284047731,46.72833619158337
342-U1410C,"342-U1410C-18X-3,62",342,U1410,C,18,X,3,62,160.02,182.04,22.02,,179.41,196.02,2651559,343691,7.71,,44.401286,21153.0,19412.0,0.9176948896137663,0.887054378050957,48.99899892757541
342-U1410C,"342-U1410C-18X-3,64",342,U1410,C,18,X,3,64,160.04,182.06,22.02,,179.43,196.04,2508099,363988,6.89,,44.4017379,19554.0,18033.0,0.9222154034980056,0.8382192219076258,47.307104942989696
342-U1410C,"342-U1410C-18X-3,66",342,U1410,C,18,X,3,66,160.06,182.08,22.02,,179.44,196.05,2706560,326489,8.29,,44.4019639,17840.0,15991.0,0.8963565022421525,0.9185545305502735,50.090321710914225
342-U1410C,"342-U1410C-18X-3,68",342,U1410,C,18,X,3,68,160.08,182.1,22.02,,179.46,196.07,2822219,297139,9.5,,44.4024158,16848.0,14159.0,0.8403964862298196,0.9777236052888477,52.14023430523213
342-U1410C,"342-U1410C-18X-3,70",342,U1410,C,18,X,3,70,160.1,182.12,22.02,,179.47,196.08,2727977,305372,8.93,,44.4026417,16540.0,15563.0,0.9409310761789601,0.9508514588885464,51.209248793193694
342-U1410C,"342-U1410C-18X-3,72",342,U1410,C,18,X,3,72,160.12,182.14,22.02,,179.49,196.1,2782555,309302,9.0,,44.4030937,17265.0,15229.0,0.8820735592238633,0.9542425094393249,51.326731739525414
342-U1410C,"342-U1410C-18X-3,74",342,U1410,C,18,X,3,74,160.14,182.16,22.02,,179.5,196.11,2876845,259045,11.11,,44.4033196,15113.0,13615.0,0.9008800370541917,1.0457140589408676,54.495763572006354
342-U1410C,"342-U1410C-18X-3,76",342,U1410,C,18,X,3,76,160.16,182.18,22.02,,179.52,196.13,2860978,263377,10.86,,44.4037716,13675.0,13153.0,0.9618281535648995,1.0358298252528282,54.15332429588423
342-U1410C,"342-U1410C-18X-3,78",342,U1410,C,18,X,3,78,160.18,182.2,22.02,,179.54,196.15,3088981,307112,10.06,,44.4042235,15302.0,14339.0,0.9370670500588159,1.0025979807199086,53.00200704204123
342-U1410C,"342-U1410C-18X-3,80",342,U1410,C,18,X,3,80,160.2,182.22,22.02,,179.55,196.16,3178635,252366,12.6,,44.4044495,13832.0,12964.0,0.937246963562753,1.100370545117563,56.389337535597974
342-U1410C,"342-U1410C-18X-3,82",342,U1410,C,18,X,3,82,160.22,182.24,22.02,,179.57,196.18,3310808,169345,19.55,,44.4049014,10918.0,9093.0,0.8328448433779081,1.2911467617318857,62.998779560201186
342-U1410C,"342-U1410C-18X-3,84",342,U1410,C,18,X,3,84,160.24,182.26,22.02,,179.58,196.19,3757249,124380,30.21,,44.4051274,9066.0,7571.0,0.8350981689830135,1.4801507252732804,69.54682187709281
342-U1410C,"342-U1410C-18X-3,86",342,U1410,C,18,X,3,86,160.26,182.28,22.02,,179.61,196.22,4422277,140369,31.5,,44.4058053,10661.0,7680.0,0.7203827033111341,1.4983105537896004,70.1759691360407
342-U1410C,"342-U1410C-18X-3,88",342,U1410,C,18,X,3,88,160.28,182.3,22.02,,179.64,196.25,3811028,138756,27.47,,44.4064832,10029.0,8832.0,0.8806461262339216,1.438858659420562,68.11625825562537
342-U1410C,"342-U1410C-18X-3,90",342,U1410,C,18,X,3,90,160.3,182.32,22.02,,179.66,196.27,3819884,138828,27.52,,44.4069351,10656.0,8878.0,0.8331456456456456,1.4396484295634737,68.14361984222656
342-U1410C,"342-U1410C-18X-3,92",342,U1410,C,18,X,3,92,160.32,182.34,22.02,,179.69,196.3,3702675,170242,21.75,,44.407613,12081.0,10033.0,0.8304776094694147,1.3374592612906562,64.60327610741479
342-U1410C,"342-U1410C-18X-3,94",342,U1410,C,18,X,3,94,160.34,182.36,22.02,,179.71,196.32,3298163,204382,16.14,,44.4080649,12207.0,10966.0,0.8983370197427706,1.2079035303860517,60.114817810224764
342-U1410C,"342-U1410C-18X-3,96",342,U1410,C,18,X,3,96,160.36,182.38,22.02,,179.74,196.35,3133566,263747,11.88,,44.4087428,17190.0,15777.0,0.9178010471204189,1.0748164406451748,55.50401558615208
342-U1410C,"342-U1410C-18X-3,98",342,U1410,C,18,X,3,98,160.38,182.4,22.02,,179.77,196.38,2186839,233011,9.39,,44.4094207,12436.0,13342.0,1.072853007397877,0.9726655922661109,51.964999444059416
342-U1410C,"342-U1410C-18X-3,100",342,U1410,C,18,X,3,100,160.4,182.42,22.02,,179.79,196.4,2778352,317071,8.76,,44.4098726,19236.0,18011.0,0.9363173216885007,0.9425041061680807,50.92005475819316
342-U1410C,"342-U1410C-18X-3,102",342,U1410,C,18,X,3,102,160.42,182.44,22.02,,179.82,196.43,2557545,359713,7.11,,44.4105505,21361.0,20961.0,0.9812742849117551,0.8518696007297664,47.78002231728276
342-U1410C,"342-U1410C-18X-3,104",342,U1410,C,18,X,3,104,160.44,182.46,22.02,,179.85,196.46,2189217,392048,5.58,,44.4112284,22515.0,22939.0,1.0188318898512103,0.7466341989375788,44.13414182219242
342-U1410C,"342-U1410C-18X-3,106",342,U1410,C,18,X,3,106,160.46,182.48,22.02,,179.87,196.48,2262568,410163,5.52,,44.4116804,23504.0,23061.0,0.9811521443158612,0.7419390777291989,43.971479347928096
342-U1410C,"342-U1410C-18X-3,108",342,U1410,C,18,X,3,108,160.48,182.5,22.02,,179.9,196.51,2086093,432558,4.82,,44.4123583,24297.0,24639.0,1.0140758118286208,0.6830470382388496,41.931164639784946
342-U1410C,"342-U1410C-18X-3,110",342,U1410,C,18,X,3,110,160.5,182.52,22.02,,179.92,196.53,1884367,466298,4.04,,44.4128102,24849.0,25905.0,1.0424966799468791,0.6063813651106049,39.27508239425691
342-U1410C,"342-U1410C-18X-3,112",342,U1410,C,18,X,3,112,160.52,182.54,22.02,,179.95,196.56,1597777,382166,4.18,,44.4134881,22384.0,23092.0,1.0316297355253752,0.6211762817750351,39.78765228209609
342-U1410C,"342-U1410C-18X-3,114",342,U1410,C,18,X,3,114,160.54,182.56,22.02,,179.98,196.59,1732723,393992,4.4,,44.414166,23490.0,23509.0,1.0008088548318432,0.6434526764861874,40.55941797686397
342-U1410C,"342-U1410C-18X-3,116",342,U1410,C,18,X,3,116,160.56,182.58,22.02,,180.0,196.61,1797432,461953,3.89,,44.4146179,24403.0,26655.0,1.092283735606278,0.5899496013257077,38.70580393792915
342-U1410C,"342-U1410C-18X-3,118",342,U1410,C,18,X,3,118,160.58,182.6,22.02,,180.03,196.64,1826835,442776,4.13,,44.4152958,23553.0,25365.0,1.07693287479302,0.615950051656401,39.60658953963602
342-U1410C,"342-U1410C-18X-3,120",342,U1410,C,18,X,3,120,160.6,182.62,22.02,,180.06,196.67,1633278,483456,3.38,,44.4159737,26431.0,27656.0,1.0463470924293443,0.5289167002776547,36.59131908111935
342-U1410C,"342-U1410C-18X-3,122",342,U1410,C,18,X,3,122,160.62,182.64,22.02,,180.08,196.69,1716511,499697,3.44,,44.4164256,26324.0,29621.0,1.1252469229600364,0.5365584425715301,36.85606724289066
342-U1410C,"342-U1410C-18X-3,124",342,U1410,C,18,X,3,124,160.64,182.66,22.02,,180.11,196.72,1674786,523015,3.2,,44.4171035,26698.0,28777.0,1.0778710015731516,0.505149978319906,35.767920998893146
342-U1410C,"342-U1410C-18X-3,126",342,U1410,C,18,X,3,126,160.66,182.68,22.02,,180.13,196.74,1664643,499276,3.33,,44.4175555,26314.0,28744.0,1.0923462795470091,0.5224442335063199,36.36708046982645
342-U1410C,"342-U1410C-18X-3,128",342,U1410,C,18,X,3,128,160.68,182.7,22.02,,180.16,196.77,1683516,540415,3.12,,44.4182334,25756.0,29773.0,1.1559636589532536,0.4941545940184428,35.38698590976895
342-U1410C,"342-U1410C-18X-3,130",342,U1410,C,18,X,3,130,160.7,182.72,22.02,,180.19,196.8,1669293,543378,3.07,,44.4189113,27404.0,29702.0,1.0838563713326521,0.48713837547718647,35.14390901840713
342-U1410C,"342-U1410C-18X-3,132",342,U1410,C,18,X,3,132,160.72,182.74,22.02,,180.21,196.82,1748841,545031,3.21,,44.4193632,26978.0,29257.0,1.0844762398991772,0.5065050324048721,35.81486684766679
342-U1410C,"342-U1410C-18X-3,134",342,U1410,C,18,X,3,134,160.74,182.76,22.02,,180.24,196.85,1779879,545019,3.27,,44.4200411,26395.0,28630.0,1.0846751278651259,0.5145477526602861,36.09350689091561
342-U1410C,"342-U1410C-18X-3,136",342,U1410,C,18,X,3,136,160.76,182.78,22.02,,180.27,196.88,1750837,528478,3.31,,44.420719,25397.0,26715.0,1.051895893215734,0.5198279937757188,36.276440844359776
342-U1410C,"342-U1410C-18X-3,138",342,U1410,C,18,X,3,138,160.78,182.8,22.02,,180.29,196.9,1624428,480341,3.38,,44.4211709,22570.0,25341.0,1.1227735932653966,0.5289167002776547,36.59131908111935
342-U1410C,"342-U1410C-18X-3,140",342,U1410,C,18,X,3,140,160.8,182.82,22.02,,180.32,196.93,1898507,395945,4.79,,44.4218488,22978.0,23925.0,1.0412133344938637,0.6803355134145632,41.83722386224754
342-U1410C,"342-U1410C-18X-3,142",342,U1410,C,18,X,3,142,160.82,182.84,22.02,,180.34,196.95,1294893,370975,3.49,,44.4223007,18212.0,21099.0,1.1585218537228201,0.5428254269591799,37.07318691700079
342-U1410C,"342-U1410C-18X-3,144",342,U1410,C,18,X,3,144,160.84,182.86,22.02,,180.37,196.98,1450062,402233,3.61,,44.4229786,22232.0,23756.0,1.0685498380712486,0.557507201905658,37.581837010021516
342-U1410C,"342-U1410C-18X-3,146",342,U1410,C,18,X,3,146,160.86,182.88,22.02,,180.4,197.01,1894152,446210,4.24,,44.4236565,25181.0,25766.0,1.0232318017552917,0.6273658565927327,40.00209010165523
342-U1410C,"342-U1410C-18X-3,148",342,U1410,C,18,X,3,148,160.88,182.9,22.02,,180.42,197.03,1886709,450876,4.18,,44.4241085,25261.0,26145.0,1.0349946557935157,0.6211762817750351,39.78765228209609
342-U1410C,"342-U1410C-18X-3,150",342,U1410,C,18,X,3,150,160.9,182.92,22.02,,180.45,197.06,1588596,350424,4.53,,44.4247864,20004.0,20331.0,1.0163467306538692,0.6560982020128319,40.997522208734566
342-U1410C,"342-U1410C-18X-4,2",342,U1410,C,18,X,4,2,160.92,182.94,22.02,,180.48,197.09,1894193,446639,4.24,,44.4254643,23504.0,25803.0,1.0978131381892444,0.6273658565927327,40.00209010165523
342-U1410C,"342-U1410C-18X-4,4",342,U1410,C,18,X,4,4,160.94,182.96,22.02,,180.5,197.11,1845398,426151,4.33,,44.4259162,24259.0,25788.0,1.0630281544993612,0.6364878963533654,40.31812316916235
342-U1410C,"342-U1410C-18X-4,6",342,U1410,C,18,X,4,6,160.96,182.98,22.02,,180.53,197.14,1940131,408284,4.75,,44.4265941,24355.0,24769.0,1.0169985629234244,0.6766936096248666,41.71105010545351
342-U1410C,"342-U1410C-18X-4,8",342,U1410,C,18,X,4,8,160.98,183.0,22.02,,180.56,197.17,1889225,408010,4.63,,44.427272,22880.0,23408.0,1.023076923076923,0.6655809910179531,41.32605343381699
342-U1410C,"342-U1410C-18X-4,10",342,U1410,C,18,X,4,10,161.0,183.02,22.02,,180.58,197.19,1805713,399773,4.52,,44.4277239,21670.0,22831.0,1.053576372865713,0.6551384348113821,40.96427107404034
342-U1410C,"342-U1410C-18X-4,12",342,U1410,C,18,X,4,12,161.02,183.04,22.02,,180.61,197.22,1858924,370134,5.02,,44.4284018,22019.0,21140.0,0.9600799309687088,0.7007037171450193,42.5428802804892
342-U1410C,"342-U1410C-18X-4,14",342,U1410,C,18,X,4,14,161.04,183.06,22.02,,180.63,197.24,2152592,399945,5.38,,44.4288537,22656.0,22624.0,0.998587570621469,0.7307822756663892,43.584951940462055
342-U1410C,"342-U1410C-18X-4,16",342,U1410,C,18,X,4,16,161.06,183.08,22.02,,180.66,197.27,1912006,386112,4.95,,44.4295316,22809.0,22743.0,0.9971064053663028,0.6946051989335688,42.33159711705349
342-U1410C,"342-U1410C-18X-4,18",342,U1410,C,18,X,4,18,161.08,183.1,22.02,,180.69,197.3,2183387,423419,5.16,,44.4302095,23680.0,23980.0,1.0126689189189189,0.7126497016272114,42.956748912874744
342-U1410C,"342-U1410C-18X-4,20",342,U1410,C,18,X,4,20,161.1,183.12,22.02,,180.71,197.32,1938525,394696,4.91,,44.4306615,21008.0,21539.0,1.0252760853008378,0.6910814921229684,42.209518294600244
342-U1410C,"342-U1410C-18X-4,22",342,U1410,C,18,X,4,22,161.12,183.14,22.02,,180.74,197.35,1857031,397435,4.67,,44.4313394,22616.0,22795.0,1.0079147506190307,0.6693168805661122,41.45548332721296
342-U1410C,"342-U1410C-18X-4,24",342,U1410,C,18,X,4,24,161.14,183.16,22.02,,180.77,197.38,2178354,445207,4.89,,44.4320173,23872.0,25292.0,1.0594839142091153,0.6893088591236202,42.14810542433782
342-U1410C,"342-U1410C-18X-4,26",342,U1410,C,18,X,4,26,161.16,183.18,22.02,,180.79,197.4,2213243,394942,5.6,,44.4324692,22054.0,23598.0,1.070009975514646,0.7481880270062004,44.18797419562981
342-U1410C,"342-U1410C-18X-4,28",342,U1410,C,18,X,4,28,161.18,183.2,22.02,,180.82,197.43,2266349,399058,5.68,,44.4331471,23515.0,24375.0,1.0365724005953647,0.7543483357110189,44.401398090708255
342-U1410C,"342-U1410C-18X-4,30",342,U1410,C,18,X,4,30,161.2,183.22,22.02,,180.84,197.45,1949755,466360,4.18,,44.433599,24548.0,25859.0,1.053405572755418,0.6211762817750351,39.78765228209609
342-U1410C,"342-U1410C-18X-4,32",342,U1410,C,18,X,4,32,161.22,183.24,22.02,,180.87,197.48,1945075,455090,4.27,,44.4342769,26280.0,27412.0,1.0430745814307458,0.6304278750250238,40.10817373024195
342-U1410C,"342-U1410C-18X-4,34",342,U1410,C,18,X,4,34,161.24,183.26,22.02,,180.9,197.51,2029208,403720,5.03,,44.4349548,25119.0,25289.0,1.0067677853417731,0.7015679850559274,42.57282284226261
342-U1410C,"342-U1410C-18X-4,36",342,U1410,C,18,X,4,36,161.26,183.28,22.02,,180.92,197.53,1841954,455127,4.05,,44.4354067,26624.0,28227.0,1.0602088341346154,0.6074550232146685,39.31227927927219
342-U1410C,"342-U1410C-18X-4,38",342,U1410,C,18,X,4,38,161.28,183.3,22.02,,180.95,197.56,1717511,433356,3.96,,44.4360846,24728.0,26682.0,1.079019734713685,0.5976951859255123,38.97414971638938
342-U1410C,"342-U1410C-18X-4,40",342,U1410,C,18,X,4,40,161.3,183.32,22.02,,180.98,197.59,1827852,468885,3.9,,44.4367625,26899.0,28384.0,1.0552065132532809,0.5910646070264992,38.74443331043307
342-U1410C,"342-U1410C-18X-4,42",342,U1410,C,18,X,4,42,161.32,183.34,22.02,,181.0,197.61,1744814,492877,3.54,,44.4372145,26941.0,30120.0,1.1179985895104116,0.5490032620257879,37.28721801288342
342-U1410C,"342-U1410C-18X-4,44",342,U1410,C,18,X,4,44,161.34,183.36,22.02,,181.03,197.64,1734598,456387,3.8,,44.4378924,25939.0,28579.0,1.101777246617063,0.5797835966168101,38.35360270478939
342-U1410C,"342-U1410C-18X-4,46",342,U1410,C,18,X,4,46,161.36,183.38,22.02,,181.05,197.66,1582121,434293,3.64,,44.4383443,25956.0,27828.0,1.072122052704577,0.561101383649056,37.70635743652154
342-U1410C,"342-U1410C-18X-4,48",342,U1410,C,18,X,4,48,161.38,183.4,22.02,,181.08,197.69,1592082,434329,3.67,,44.4390222,26018.0,27389.0,1.052694288569452,0.5646660642520893,37.82985579601363
342-U1410C,"342-U1410C-18X-4,50",342,U1410,C,18,X,4,50,161.4,183.42,22.02,,181.11,197.72,1636936,461533,3.55,,44.4397001,26330.0,28030.0,1.0645651348271934,0.5502283530550941,37.32966129159374
342-U1410C,"342-U1410C-18X-4,52",342,U1410,C,18,X,4,52,161.42,183.44,22.02,,181.13,197.74,1695399,506354,3.35,,44.440152,28339.0,30892.0,1.0900878647799852,0.5250448070368452,36.4571773397915
342-U1410C,"342-U1410C-18X-4,54",342,U1410,C,18,X,4,54,161.44,183.46,22.02,,181.16,197.77,1680080,470999,3.57,,44.4408299,25824.0,28737.0,1.1128020446096654,0.5526682161121932,37.41419034720693
342-U1410C,"342-U1410C-18X-4,56",342,U1410,C,18,X,4,56,161.46,183.48,22.02,,181.19,197.8,1502830,476701,3.15,,44.4415078,26317.0,28961.0,1.100467378500589,0.4983105537896005,35.53096913604071
342-U1410C,"342-U1410C-18X-4,58",342,U1410,C,18,X,4,58,161.48,183.5,22.02,,181.21,197.82,1650135,489845,3.37,,44.4419597,25501.0,27089.0,1.0622720677620485,0.5276299008713387,36.54673791568753
342-U1410C,"342-U1410C-18X-4,60",342,U1410,C,18,X,4,60,161.5,183.52,22.02,,181.24,197.85,1733411,481607,3.6,,44.4426376,26775.0,28884.0,1.078767507002801,0.5563025007672873,37.54010013908267
342-U1410C,"342-U1410C-18X-4,62",342,U1410,C,18,X,4,62,161.52,183.54,22.02,,181.26,197.87,1868141,446945,4.18,,44.4430896,25369.0,27112.0,1.0687059009026765,0.6211762817750351,39.78765228209609
342-U1410C,"342-U1410C-18X-4,64",342,U1410,C,18,X,4,64,161.54,183.56,22.02,,181.29,197.9,1790978,461642,3.88,,44.4437675,26068.0,29701.0,1.1393662728249194,0.5888317255942073,38.66707513321131
342-U1410C,"342-U1410C-18X-4,66",342,U1410,C,18,X,4,66,161.56,183.58,22.02,,181.32,197.93,1807442,448878,4.03,,44.4444454,25105.0,27240.0,1.0850428201553475,0.6053050461411095,39.23779332355874
342-U1410C,"342-U1410C-18X-4,68",342,U1410,C,18,X,4,68,161.58,183.6,22.02,,181.34,197.95,1771612,444397,3.99,,44.4448973,25949.0,26827.0,1.0338356006011793,0.6009728956867483,39.08770597106739
342-U1410C,"342-U1410C-18X-4,70",342,U1410,C,18,X,4,70,161.6,183.62,22.02,,181.37,197.98,1806501,468865,3.85,,44.4455752,25369.0,28045.0,1.1054830698884466,0.5854607295085007,38.55028697382201
342-U1410C,"342-U1410C-18X-4,72",342,U1410,C,18,X,4,72,161.62,183.64,22.02,,181.4,198.01,1868294,483820,3.86,,44.4462531,27455.0,30011.0,1.0930977963940995,0.5865873046717549,38.58931717035295
342-U1410C,"342-U1410C-18X-4,74",342,U1410,C,18,X,4,74,161.64,183.66,22.02,,181.42,198.03,1846964,477683,3.87,,44.446705,26152.0,28680.0,1.096665646986846,0.5877109650189114,38.62824638308018
342-U1410C,"342-U1410C-18X-4,76",342,U1410,C,18,X,4,76,161.66,183.68,22.02,,181.45,198.06,1801296,481076,3.74,,44.4473829,25480.0,28054.0,1.1010204081632653,0.5728716022004802,38.11413665823564
342-U1410C,"342-U1410C-18X-4,78",342,U1410,C,18,X,4,78,161.68,183.7,22.02,,181.48,198.09,1847590,473956,3.9,,44.4480608,26518.0,29734.0,1.1212761143374312,0.5910646070264992,38.74443331043307
342-U1410C,"342-U1410C-18X-4,80",342,U1410,C,18,X,4,80,161.7,183.72,22.02,,181.5,198.11,1809925,474639,3.81,,44.4485127,25665.0,28615.0,1.1149425287356323,0.5809249756756193,38.393145782281834
342-U1410C,"342-U1410C-18X-4,82",342,U1410,C,18,X,4,82,161.72,183.74,22.02,,181.53,198.14,1796150,489126,3.67,,44.4491906,26116.0,29588.0,1.1329453208760913,0.5646660642520893,37.82985579601363
342-U1410C,"342-U1410C-18X-4,84",342,U1410,C,18,X,4,84,161.74,183.76,22.02,,181.55,198.16,1769836,494491,3.58,,44.4496426,26289.0,29627.0,1.1269732587774355,0.5538830266438743,37.456277458077025
342-U1410C,"342-U1410C-18X-4,86",342,U1410,C,18,X,4,86,161.76,183.78,22.02,,181.58,198.19,1787006,493324,3.62,,44.4503205,26964.0,28541.0,1.0584853879246403,0.5587085705331657,37.62345842612153
342-U1410C,"342-U1410C-18X-4,88",342,U1410,C,18,X,4,88,161.78,183.8,22.02,,181.61,198.22,1851577,476426,3.89,,44.4509984,26123.0,28634.0,1.0961221911725298,0.5899496013257077,38.70580393792915
342-U1410C,"342-U1410C-18X-4,90",342,U1410,C,18,X,4,90,161.8,183.82,22.02,,181.63,198.24,1754551,474240,3.7,,44.4514503,26135.0,28400.0,1.0866653912378037,0.568201724066995,37.95234873030104
342-U1410C,"342-U1410C-18X-4,92",342,U1410,C,18,X,4,92,161.82,183.84,22.02,,181.66,198.27,1841082,482385,3.82,,44.4521282,26393.0,29206.0,1.1065812904936916,0.5820633629117087,38.43258520807615
342-U1410C,"342-U1410C-18X-4,94",342,U1410,C,18,X,4,94,161.84,183.86,22.02,,181.69,198.3,1781993,498950,3.57,,44.4528061,26949.0,30426.0,1.1290214850272737,0.5526682161121932,37.41419034720693
342-U1410C,"342-U1410C-18X-4,96",342,U1410,C,18,X,4,96,161.86,183.88,22.02,,181.71,198.32,1642368,467560,3.51,,44.453258,25544.0,28848.0,1.1293454431569057,0.5453071164658241,37.159165049958474
342-U1410C,"342-U1410C-18X-4,98",342,U1410,C,18,X,4,98,161.88,183.9,22.02,,181.74,198.35,1628558,451006,3.61,,44.4539359,25601.0,28328.0,1.106519276590758,0.557507201905658,37.581837010021516
342-U1410C,"342-U1410C-18X-4,100",342,U1410,C,18,X,4,100,161.9,183.92,22.02,,181.76,198.37,1795974,475150,3.78,,44.4543878,26348.0,29161.0,1.1067633216942463,0.5774917998372253,38.27420340536067
342-U1410C,"342-U1410C-18X-4,102",342,U1410,C,18,X,4,102,161.92,183.94,22.02,,181.79,198.4,1766647,480349,3.68,,44.4550657,26393.0,28987.0,1.098283635812526,0.5658478186735176,37.87079767794402
342-U1410C,"342-U1410C-18X-4,104",342,U1410,C,18,X,4,104,161.94,183.96,22.02,,181.82,198.43,1815467,501092,3.62,,44.4557436,27222.0,29669.0,1.08989052971861,0.5587085705331657,37.62345842612153
342-U1410C,"342-U1410C-18X-4,106",342,U1410,C,18,X,4,106,161.96,183.98,22.02,,181.84,198.45,1794681,488814,3.67,,44.4561956,27240.0,28527.0,1.0472466960352422,0.5646660642520893,37.82985579601363
342-U1410C,"342-U1410C-18X-4,108",342,U1410,C,18,X,4,108,161.98,184.0,22.02,,181.87,198.48,1963292,520940,3.77,,44.4568735,28922.0,30743.0,1.0629624507295485,0.5763413502057929,38.23434607787969
342-U1410C,"342-U1410C-18X-4,110",342,U1410,C,18,X,4,110,162.0,184.02,22.02,,181.9,198.51,1841960,489718,3.76,,44.4575514,26656.0,28963.0,1.086547118847539,0.5751878449276611,38.19438288751882
342-U1410C,"342-U1410C-18X-4,112",342,U1410,C,18,X,4,112,162.02,184.04,22.02,,181.92,198.53,1800883,484380,3.72,,44.4580033,26838.0,27580.0,1.0276473656755347,0.5705429398818975,38.03346015220834
342-U1410C,"342-U1410C-18X-4,114",342,U1410,C,18,X,4,114,162.04,184.06,22.02,,181.95,198.56,1791569,480580,3.73,,44.4586812,25701.0,27526.0,1.0710089101591378,0.5717088318086876,38.073852478011986
342-U1410C,"342-U1410C-18X-4,116",342,U1410,C,18,X,4,116,162.06,184.08,22.02,,181.97,198.58,1934345,486031,3.98,,44.4591331,28129.0,29248.0,1.0397810089231754,0.5998830720736879,39.04994903199292
342-U1410C,"342-U1410C-18X-4,118",342,U1410,C,18,X,4,118,162.08,184.1,22.02,,182.0,198.61,2008995,464305,4.33,,44.459811,26391.0,29762.0,1.127732939259596,0.6364878963533654,40.31812316916235
342-U1410C,"342-U1410C-18X-4,120",342,U1410,C,18,X,4,120,162.1,184.12,22.02,,182.03,198.64,2018330,482251,4.19,,44.4604889,26981.0,29329.0,1.0870242022163745,0.6222140229662954,39.8236048256673
342-U1410C,"342-U1410C-18X-4,122",342,U1410,C,18,X,4,122,162.12,184.14,22.02,,182.05,198.66,1963634,471104,4.17,,44.4609408,27604.0,28036.0,1.015649905810752,0.6201360549737575,39.75161362456583
342-U1410C,"342-U1410C-18X-4,124",342,U1410,C,18,X,4,124,162.14,184.16,22.02,,182.08,198.69,2057401,452872,4.54,,44.4616187,26420.0,26935.0,1.0194928084784254,0.6570558528571039,41.03070002223437
342-U1410C,"342-U1410C-18X-4,126",342,U1410,C,18,X,4,126,162.16,184.18,22.02,,182.11,198.72,2097123,465269,4.51,,44.4622966,27371.0,26504.0,0.9683241386869315,0.6541765418779605,40.93094629336194
342-U1410C,"342-U1410C-18X-4,128",342,U1410,C,18,X,4,128,162.18,184.2,22.02,,182.13,198.74,1948268,425808,4.58,,44.4627486,24284.0,24889.0,1.0249135233075275,0.6608654780038692,41.162684485444046
342-U1410C,"342-U1410C-18X-4,130",342,U1410,C,18,X,4,130,162.2,184.22,22.02,,182.16,198.77,2039808,432101,4.72,,44.4634265,24285.0,24811.0,1.0216594605723697,0.6739419986340878,41.61572054267798
342-U1410C,"342-U1410C-18X-4,132",342,U1410,C,18,X,4,132,162.22,184.24,22.02,,182.18,198.79,1902037,382327,4.97,,44.4638784,21849.0,22973.0,1.051444002013822,0.696356388733332,42.39226708766629
342-U1410C,"342-U1410C-18X-4,134",342,U1410,C,18,X,4,134,162.24,184.26,22.02,,182.21,198.82,2177985,416118,5.23,,44.4645563,24473.0,25036.0,1.023004944224247,0.7185016888672743,43.15949101080672
342-U1410C,"342-U1410C-18X-4,136",342,U1410,C,18,X,4,136,162.26,184.28,22.02,,182.24,198.85,2274710,368039,6.18,,44.4652342,22003.0,22204.0,1.0091351179384629,0.7909884750888159,45.67079571945203
342-U1410C,"342-U1410C-18X-4,138",342,U1410,C,18,X,4,138,162.28,184.3,22.02,,182.26,198.87,2084047,369915,5.63,,44.4656861,22381.0,22149.0,0.9896340646083732,0.7505083948513462,44.26836333962489
342-U1410C,"342-U1410C-18X-4,140",342,U1410,C,18,X,4,140,162.3,184.32,22.02,,182.29,198.9,1791959,315269,5.68,,44.466364,19258.0,18990.0,0.9860837054730501,0.7543483357110189,44.401398090708255
342-U1410C,"342-U1410C-18X-4,142",342,U1410,C,18,X,4,142,162.32,184.34,22.02,,182.32,198.93,1735131,277323,6.26,,44.4670419,15958.0,16218.0,1.0162927685173582,0.7965743332104297,45.86431777407534
342-U1410C,"342-U1410C-18X-4,144",342,U1410,C,18,X,4,144,162.34,184.36,22.02,,182.34,198.95,1566306,242726,6.45,,44.4674938,13081.0,13778.0,1.0532833881201742,0.8095597146352678,46.31419631353886
342-U1410C,"342-U1410C-18X-4,146",342,U1410,C,18,X,4,146,162.36,184.38,22.02,,182.37,198.98,1643631,253236,6.49,,44.4681717,13380.0,14858.0,1.1104633781763826,0.8122446968003693,46.4072175206488
342-U1410C,"342-U1410C-18X-4,148",342,U1410,C,18,X,4,148,162.38,184.4,22.02,,182.39,199.0,2194272,344011,6.38,,44.4686237,21816.0,21055.0,0.9651173450678401,0.8048206787211624,46.15001241429467
342-U1410C,"342-U1410C-18X-5,2",342,U1410,C,18,X,5,2,162.42,184.44,22.02,,182.45,199.06,1963787,331655,5.92,,44.4699795,20986.0,20105.0,0.9580196321357095,0.7723217067229198,45.02408552941556
342-U1410C,"342-U1410C-18X-5,4",342,U1410,C,18,X,5,4,162.44,184.46,22.02,,182.47,199.08,2147093,332545,6.46,,44.4704314,21774.0,20308.0,0.9326719941214292,0.8102325179950841,46.337505585939695
342-U1410C,"342-U1410C-18X-5,6",342,U1410,C,18,X,5,6,162.46,184.48,22.02,,182.5,199.11,2221999,339259,6.55,,44.4711093,23767.0,21152.0,0.8899734926578869,0.8162412999917831,46.54567983821533
342-U1410C,"342-U1410C-18X-5,8",342,U1410,C,18,X,5,8,162.48,184.5,22.02,,182.53,199.14,1953222,334231,5.84,,44.4717872,22033.0,21791.0,0.9890164752870694,0.7664128471123994,44.819373088209076
342-U1410C,"342-U1410C-18X-5,10",342,U1410,C,18,X,5,10,162.5,184.52,22.02,,182.55,199.16,1954414,344458,5.67,,44.4722391,22349.0,21775.0,0.974316524229272,0.7535830588929066,44.37488507534475
342-U1410C,"342-U1410C-18X-5,12",342,U1410,C,18,X,5,12,162.52,184.54,22.02,,182.58,199.19,1954053,364254,5.36,,44.472917,25011.0,24059.0,0.9619367478309544,0.7291647896927701,43.52891413890602
342-U1410C,"342-U1410C-18X-5,14",342,U1410,C,18,X,5,14,162.54,184.56,22.02,,182.61,199.22,2174031,382112,5.69,,44.4735949,25048.0,23891.0,0.953808687320345,0.7551122663950712,44.427864469257244
342-U1410C,"342-U1410C-18X-5,16",342,U1410,C,18,X,5,16,162.56,184.58,22.02,,182.63,199.24,1990340,374706,5.31,,44.4740468,24551.0,23913.0,0.9740132784815283,0.725094521081469,43.3878996828675
342-U1410C,"342-U1410C-18X-5,18",342,U1410,C,18,X,5,18,162.58,184.6,22.02,,182.66,199.27,1826568,399300,4.57,,44.4747247,25893.0,25456.0,0.9831228517359905,0.6599162000698503,41.12979675141997
342-U1410C,"342-U1410C-18X-5,20",342,U1410,C,18,X,5,20,162.6,184.62,22.02,,182.68,199.29,1678534,377122,4.45,,44.4751767,22491.0,23249.0,1.0337023698368235,0.6483600109809317,40.72943258043438
342-U1410C,"342-U1410C-18X-5,22",342,U1410,C,18,X,5,22,162.62,184.64,22.02,,182.71,199.32,2051968,370822,5.53,,44.4758546,25078.0,24607.0,0.9812185979743201,0.7427251313046983,43.99871217405128
342-U1410C,"342-U1410C-18X-5,24",342,U1410,C,18,X,5,24,162.64,184.66,22.02,,182.74,199.35,1791878,423005,4.24,,44.4765325,27592.0,27522.0,0.9974630327631198,0.6273658565927327,40.00209010165523
342-U1410C,"342-U1410C-18X-5,26",342,U1410,C,18,X,5,26,162.66,184.68,22.02,,182.76,199.37,1799217,437255,4.11,,44.4769844,26974.0,28266.0,1.0478979758285756,0.6138418218760693,39.533549918896426
342-U1410C,"342-U1410C-18X-5,28",342,U1410,C,18,X,5,28,162.68,184.7,22.02,,182.79,199.4,1729859,428385,4.04,,44.4776623,27187.0,28443.0,1.0461985507779454,0.6063813651106049,39.27508239425691
342-U1410C,"342-U1410C-18X-5,30",342,U1410,C,18,X,5,30,162.7,184.72,22.02,,182.82,199.43,1558780,386144,4.04,,44.4783402,23890.0,24962.0,1.0448723315194641,0.6063813651106049,39.27508239425691
342-U1410C,"342-U1410C-18X-5,32",342,U1410,C,18,X,5,32,162.72,184.74,22.02,,182.84,199.45,1770996,426477,4.15,,44.4787921,27176.0,26873.0,0.9888504562849573,0.6180480967120927,39.67927631059045
342-U1410C,"342-U1410C-18X-5,34",342,U1410,C,18,X,5,34,162.74,184.76,22.02,,182.87,199.48,1795088,424536,4.23,,44.47947,26453.0,27303.0,1.0321324613465392,0.6263403673750424,39.96656202770835
342-U1410C,"342-U1410C-18X-5,36",342,U1410,C,18,X,5,36,162.76,184.78,22.02,,182.89,199.5,1690067,451351,3.74,,44.4799219,26578.0,28183.0,1.0603882910678004,0.5728716022004802,38.11413665823564
342-U1410C,"342-U1410C-18X-5,38",342,U1410,C,18,X,5,38,162.78,184.8,22.02,,182.92,199.53,1808926,431664,4.19,,44.4805998,27222.0,27595.0,1.013702152670634,0.6222140229662954,39.8236048256673
342-U1410C,"342-U1410C-18X-5,40",342,U1410,C,18,X,5,40,162.8,184.82,22.02,,182.95,199.56,1707109,434466,3.93,,44.4812777,27115.0,28345.0,1.0453623455651853,0.5943925503754267,38.85972990775666
342-U1410C,"342-U1410C-18X-5,42",342,U1410,C,18,X,5,42,162.82,184.84,22.02,,182.97,199.58,1732581,419096,4.13,,44.4817297,27012.0,28082.0,1.0396120242855027,0.615950051656401,39.60658953963602
342-U1410C,"342-U1410C-18X-5,44",342,U1410,C,18,X,5,44,162.84,184.86,22.02,,183.0,199.61,1682717,429988,3.91,,44.4824076,27201.0,28054.0,1.0313591412080438,0.5921767573958668,38.78296375997981
342-U1410C,"342-U1410C-18X-5,46",342,U1410,C,18,X,5,46,162.86,184.88,22.02,,183.03,199.64,1819056,447677,4.06,,44.4830855,27692.0,29092.0,1.050556117290192,0.608526033577194,39.349384433281884
342-U1410C,"342-U1410C-18X-5,48",342,U1410,C,18,X,5,48,162.88,184.9,22.02,,183.05,199.66,1813465,443394,4.09,,44.4835374,26525.0,27461.0,1.0352874646559849,0.6117233080073418,39.46015400591436
342-U1410C,"342-U1410C-18X-5,50",342,U1410,C,18,X,5,50,162.9,184.92,22.02,,183.08,199.69,1813741,427109,4.25,,44.4842153,26622.0,25671.0,0.9642776650890241,0.6283889300503115,40.03753448159304
342-U1410C,"342-U1410C-18X-5,52",342,U1410,C,18,X,5,52,162.92,184.94,22.02,,183.1,199.71,1822494,433714,4.2,,44.4846672,26317.0,27300.0,1.0373522817950374,0.6232492903979004,39.85947166583526
342-U1410C,"342-U1410C-18X-5,54",342,U1410,C,18,X,5,54,162.94,184.96,22.02,,183.13,199.74,1783155,409039,4.36,,44.4853451,25199.0,24692.0,0.979880153974364,0.6394864892685861,40.42200942071017
342-U1410C,"342-U1410C-18X-5,56",342,U1410,C,18,X,5,56,162.96,184.98,22.02,,183.16,199.77,1814636,397992,4.56,,44.486023,24224.0,24903.0,1.0280300528401585,0.658964842664435,41.09683697410935
342-U1410C,"342-U1410C-18X-5,58",342,U1410,C,18,X,5,58,162.98,185.0,22.02,,183.18,199.79,2017151,419744,4.81,,44.4864749,25060.0,24840.0,0.99122106943336,0.6821450763738317,41.8999161709714
342-U1410C,"342-U1410C-18X-5,60",342,U1410,C,18,X,5,60,163.0,185.02,22.02,,183.21,199.82,2003809,449362,4.46,,44.4871528,25050.0,24353.0,0.9721756487025948,0.6493348587121419,40.76320618008216
342-U1410C,"342-U1410C-18X-5,62",342,U1410,C,18,X,5,62,163.02,185.04,22.02,,183.24,199.85,1868898,363975,5.13,,44.4878307,22219.0,21685.0,0.975966515144696,0.7101173651118162,42.86901611429887
342-U1410C,"342-U1410C-18X-5,64",342,U1410,C,18,X,5,64,163.04,185.06,22.02,,183.26,199.87,2099143,372700,5.63,,44.4882827,23656.0,23278.0,0.9840209671964829,0.7505083948513462,44.26836333962489
342-U1410C,"342-U1410C-18X-5,66",342,U1410,C,18,X,5,66,163.06,185.08,22.02,,183.29,199.9,2163459,354405,6.1,,44.4889606,23273.0,22215.0,0.9545395952391182,0.785329835010767,45.47475213394803
342-U1410C,"342-U1410C-18X-5,68",342,U1410,C,18,X,5,68,163.08,185.1,22.02,,183.31,199.92,2262015,325811,6.94,,44.4894125,22785.0,20951.0,0.9195084485407066,0.8413594704548549,47.41589885390845
342-U1410C,"342-U1410C-18X-5,70",342,U1410,C,18,X,5,70,163.1,185.12,22.02,,183.34,199.95,2218890,288406,7.69,,44.4900904,20341.0,19599.0,0.963521950739885,0.8859263398014311,48.95991804242058
342-U1410C,"342-U1410C-18X-5,72",342,U1410,C,18,X,5,72,163.12,185.14,22.02,,183.37,199.98,2108062,343292,6.14,,44.4907683,21529.0,20300.0,0.9429142087416973,0.7881683711411677,45.57309321818576
342-U1410C,"342-U1410C-18X-5,74",342,U1410,C,18,X,5,74,163.14,185.16,22.02,,183.39,200.0,2344375,362820,6.46,,44.4912202,20223.0,18972.0,0.9381397418780596,0.8102325179950841,46.337505585939695
342-U1410C,"342-U1410C-18X-5,76",342,U1410,C,18,X,5,76,163.16,185.18,22.02,,183.42,200.03,2313624,297068,7.79,,44.4918981,20893.0,18603.0,0.8903939118365003,0.8915374576725644,49.154315221066
342-U1410C,"342-U1410C-18X-5,78",342,U1410,C,18,X,5,78,163.18,185.2,22.02,,183.45,200.06,2098344,355389,5.9,,44.492576,22865.0,21225.0,0.928274655587142,0.7708520116421442,44.97316794334209
342-U1410C,"342-U1410C-18X-5,80",342,U1410,C,18,X,5,80,163.2,185.22,22.02,,183.47,200.08,2597425,257093,10.1,,44.4930279,19032.0,16717.0,0.8783627574611181,1.0043213737826426,53.06171399469966
342-U1410C,"342-U1410C-18X-5,82",342,U1410,C,18,X,5,82,163.22,185.24,22.02,,183.5,200.11,2243942,201901,11.11,,44.4937058,14212.0,14437.0,1.015831691528286,1.0457140589408676,54.495763572006354
342-U1410C,"342-U1410C-18X-5,84",342,U1410,C,18,X,5,84,163.24,185.26,22.02,,183.53,200.14,2701881,200382,13.48,,44.4943837,16420.0,15788.0,0.961510353227771,1.129689892199301,57.405106315244794
342-U1410C,"342-U1410C-18X-5,86",342,U1410,C,18,X,5,86,163.26,185.28,22.02,,183.55,200.16,2505491,216094,11.59,,44.4948357,18126.0,15589.0,0.8600353083967781,1.064083435963596,55.13217063895878
342-U1410C,"342-U1410C-18X-5,88",342,U1410,C,18,X,5,88,163.28,185.3,22.02,,183.58,200.19,2482939,213360,11.64,,44.4955136,17747.0,15861.0,0.8937285174959148,1.0659529803138696,55.196941002974015
342-U1410C,"342-U1410C-18X-5,90",342,U1410,C,18,X,5,90,163.3,185.32,22.02,,183.6,200.21,2617514,226683,11.55,,44.4959655,18048.0,16334.0,0.9050310283687943,1.0625819842281632,55.08015284358471
342-U1410C,"342-U1410C-18X-5,92",342,U1410,C,18,X,5,92,163.32,185.34,22.02,,183.63,200.24,2654535,257506,10.31,,44.4966434,19737.0,17427.0,0.8829609363125095,1.0132586652835165,53.371346458747425
342-U1410C,"342-U1410C-18X-5,94",342,U1410,C,18,X,5,94,163.34,185.36,22.02,,183.66,200.27,2494034,214462,11.63,,44.4973213,17482.0,15391.0,0.8803912595812836,1.0655797147284485,55.184009216767095
342-U1410C,"342-U1410C-18X-5,96",342,U1410,C,18,X,5,96,163.36,185.38,22.02,,183.68,200.29,2299455,223967,10.27,,44.4977732,17864.0,16459.0,0.9213502015226153,1.011570443597278,53.312858018427704
342-U1410C,"342-U1410C-18X-5,98",342,U1410,C,18,X,5,98,163.38,185.4,22.02,,183.71,200.32,2547586,286687,8.89,,44.4984511,22347.0,19064.0,0.853089900210319,0.9489017609702137,51.14170150881306
342-U1410C,"342-U1410C-18X-5,100",342,U1410,C,18,X,5,100,163.4,185.42,22.02,,183.74,200.35,2301110,289528,7.95,,44.499129,21124.0,19505.0,0.9233573186896421,0.9003671286564703,49.46021917230341
342-U1410C,"342-U1410C-18X-5,102",342,U1410,C,18,X,5,102,163.42,185.44,22.02,,183.76,200.37,1906303,292280,6.52,,44.4995809,21723.0,20873.0,0.9608709662569627,0.8142475957319202,46.476607954132376
342-U1410C,"342-U1410C-18X-5,104",342,U1410,C,18,X,5,104,163.44,185.46,22.02,,183.79,200.4,2008493,340667,5.9,,44.5002588,25619.0,23890.0,0.9325110269721691,0.7708520116421442,44.97316794334209
342-U1410C,"342-U1410C-18X-5,106",342,U1410,C,18,X,5,106,163.46,185.48,22.02,,183.81,200.42,1967619,311666,6.31,,44.5007108,22001.0,22263.0,1.0119085496113813,0.8000293592441343,45.984017151013035
342-U1410C,"342-U1410C-18X-5,108",342,U1410,C,18,X,5,108,163.48,185.5,22.02,,183.84,200.45,1817169,353662,5.14,,44.5013887,26235.0,25490.0,0.9716028206594244,0.7109631189952758,42.89831725759133
342-U1410C,"342-U1410C-18X-5,110",342,U1410,C,18,X,5,110,163.5,185.52,22.02,,183.87,200.48,1853668,372043,4.98,,44.5020666,26913.0,26496.0,0.9845056292498049,0.6972293427597176,42.42251057991042
342-U1410C,"342-U1410C-18X-5,112",342,U1410,C,18,X,5,112,163.52,185.54,22.02,,183.89,200.5,1682608,330031,5.1,,44.5025185,22972.0,24208.0,1.053804631725579,0.7075701760979364,42.78076875091301
342-U1410C,"342-U1410C-18X-5,114",342,U1410,C,18,X,5,114,163.54,185.56,22.02,,183.92,200.53,1742766,361096,4.83,,44.5031964,25767.0,25844.0,1.0029883183917414,0.6839471307515121,41.96234834488614
342-U1410C,"342-U1410C-18X-5,116",342,U1410,C,18,X,5,116,163.56,185.58,22.02,,183.95,200.56,1748514,373284,4.68,,44.5038743,26498.0,26653.0,1.0058494980753265,0.670245853074124,41.48766757975302
342-U1410C,"342-U1410C-18X-5,118",342,U1410,C,18,X,5,118,163.58,185.6,22.02,,183.97,200.58,1787584,390070,4.58,,44.5043262,26808.0,27146.0,1.0126081766636825,0.6608654780038692,41.162684485444046
342-U1410C,"342-U1410C-18X-5,120",342,U1410,C,18,X,5,120,163.6,185.62,22.02,,184.0,200.61,1758566,390402,4.5,,44.5050041,26418.0,26436.0,1.00068135362253,0.6532125137753437,40.89754753974678
342-U1410C,"342-U1410C-18X-5,122",342,U1410,C,18,X,5,122,163.62,185.64,22.02,,184.02,200.63,1779487,370103,4.81,,44.505456,25331.0,24418.0,0.963957206584817,0.6821450763738317,41.8999161709714
342-U1410C,"342-U1410C-18X-5,124",342,U1410,C,18,X,5,124,163.64,185.66,22.02,,184.05,200.66,1894899,377042,5.03,,44.5061339,25938.0,26228.0,1.0111805073637135,0.7015679850559274,42.57282284226261
342-U1410C,"342-U1410C-18X-5,126",342,U1410,C,18,X,5,126,163.66,185.68,22.02,,184.08,200.69,1774886,337920,5.25,,44.5068118,23992.0,23182.0,0.9662387462487496,0.7201593034059569,43.21691906649938
342-U1410C,"342-U1410C-18X-5,128",342,U1410,C,18,X,5,128,163.68,185.7,22.02,,184.1,200.71,1813436,378363,4.79,,44.5072638,25035.0,24010.0,0.9590573197523468,0.6803355134145632,41.83722386224754
342-U1410C,"342-U1410C-18X-5,130",342,U1410,C,18,X,5,130,163.7,185.72,22.02,,184.13,200.74,1891539,347386,5.45,,44.5079417,24784.0,23522.0,0.9490800516462233,0.7363965022766424,43.77945682137428
342-U1410C,"342-U1410C-18X-5,132",342,U1410,C,18,X,5,132,163.72,185.74,22.02,,184.15,200.76,1914619,345843,5.54,,44.5083936,24234.0,24078.0,0.9935627630601634,0.7435097647284298,44.02589579901645
342-U1410C,"342-U1410C-18X-5,134",342,U1410,C,18,X,5,134,163.74,185.76,22.02,,184.17,200.78,1919646,346705,5.54,,44.5088455,24017.0,23121.0,0.9626930923928884,0.7435097647284298,44.02589579901645
342-U1410B,"342-U1410B-20X-3,60",342,U1410,B,20,X,3,60,167.02,185.88,18.86,,184.24,200.85,1980152,296600,6.68,,44.5104273,19491.0,21785.0,1.117695346570212,0.8247764624755457,46.84138054246529
342-U1410B,"342-U1410B-20X-3,62",342,U1410,B,20,X,3,62,167.04,185.9,18.86,,184.26,200.87,2037884,283919,7.18,,44.5108792,20302.0,22432.0,1.1049157718451383,0.8561244442423003,47.9274313707745
342-U1410B,"342-U1410B-20X-3,64",342,U1410,B,20,X,3,64,167.06,185.92,18.86,,184.29,200.9,1787587,240428,7.44,,44.5115571,17278.0,18554.0,1.0738511401782613,0.8715729355458788,48.462644351986974
342-U1410B,"342-U1410B-20X-3,66",342,U1410,B,20,X,3,66,167.08,185.94,18.86,,184.31,200.92,2277896,310189,7.34,,44.512009,24016.0,23517.0,0.97922218520986,0.8656960599160706,48.259039995792264
342-U1410B,"342-U1410B-20X-3,68",342,U1410,B,20,X,3,68,167.1,185.96,18.86,,184.34,200.95,2307338,306216,7.54,,44.5126869,20553.0,22940.0,1.1161387631975868,0.877371345869774,48.663530277658325
342-U1410B,"342-U1410B-20X-3,70",342,U1410,B,20,X,3,70,167.12,185.98,18.86,,184.36,200.97,2284402,304841,7.49,,44.5131389,20705.0,21806.0,1.053175561458585,0.8744818176994665,48.56342257419802
342-U1410B,"342-U1410B-20X-3,72",342,U1410,B,20,X,3,72,167.14,186.0,18.86,,184.39,201.0,2533177,294681,8.6,,44.5138168,21449.0,21836.0,1.0180427991980978,0.9344984512435677,50.642698843333406
342-U1410B,"342-U1410B-20X-3,74",342,U1410,B,20,X,3,74,167.16,186.02,18.86,,184.41,201.02,2532010,276105,9.17,,44.5142687,18435.0,20613.0,1.1181448331977217,0.9623693356700211,51.60828563428788
342-U1410B,"342-U1410B-20X-3,76",342,U1410,B,20,X,3,76,167.18,186.04,18.86,,184.43,201.04,2717532,282469,9.62,,44.5147206,17626.0,19784.0,1.1224327697719279,0.983175072037813,52.32910037075003
342-U1410B,"342-U1410B-20X-3,78",342,U1410,B,20,X,3,78,167.2,186.06,18.86,,184.46,201.07,1384559,152677,9.07,,44.5153985,8088.0,9491.0,1.1734668644906034,0.9576072870600952,51.443304460197
342-U1410B,"342-U1410B-20X-3,86",342,U1410,B,20,X,3,86,167.28,186.14,18.86,,184.56,201.17,1855830,168720,11.0,,44.5176582,10574.0,12270.0,1.1603934178172877,1.0413926851582251,54.346049577306715
342-U1410B,"342-U1410B-20X-3,88",342,U1410,B,20,X,3,88,167.3,186.16,18.86,,184.58,201.19,1590814,137604,11.56,,44.5181101,7837.0,8567.0,1.093147888222534,1.0629578340845103,55.09317416185786
342-U1410B,"342-U1410B-20X-3,90",342,U1410,B,20,X,3,90,167.32,186.18,18.86,,184.61,201.22,1845913,169610,10.88,,44.518788,9828.0,12159.0,1.2371794871794872,1.0366288953621612,54.18100807982208
342-U1410B,"342-U1410B-20X-3,92",342,U1410,B,20,X,3,92,167.34,186.2,18.86,,184.63,201.24,2177672,189494,11.49,,44.5192399,12903.0,14608.0,1.132139812446718,1.0603200286882852,55.001787393905644
342-U1410B,"342-U1410B-20X-3,94",342,U1410,B,20,X,3,94,167.36,186.22,18.86,,184.65,201.26,2173651,198146,10.97,,44.5196919,15153.0,15379.0,1.0149145383752392,1.040206627574711,54.30495861232586
342-U1410B,"342-U1410B-20X-3,96",342,U1410,B,20,X,3,96,167.38,186.24,18.86,,184.67,201.28,2304526,223477,10.31,,44.5201438,14711.0,17330.0,1.1780300455441506,1.0132586652835165,53.371346458747425
342-U1410B,"342-U1410B-20X-3,98",342,U1410,B,20,X,3,98,167.4,186.26,18.86,,184.69,201.3,2327126,222382,10.46,,44.5205957,14481.0,17501.0,1.2085491333471445,1.0195316845312554,53.58867521058535
342-U1410B,"342-U1410B-20X-3,100",342,U1410,B,20,X,3,100,167.42,186.28,18.86,,184.71,201.32,2392936,228681,10.46,,44.5210477,18506.0,17723.0,0.9576893980330704,1.0195316845312554,53.58867521058535
342-U1410B,"342-U1410B-20X-3,102",342,U1410,B,20,X,3,102,167.44,186.3,18.86,,184.73,201.34,2261066,223706,10.11,,44.5214996,15485.0,17926.0,1.1576364223442042,1.0047511555910011,53.07660378545023
342-U1410B,"342-U1410B-20X-3,104",342,U1410,B,20,X,3,104,167.46,186.32,18.86,,184.75,201.36,2343100,233224,10.05,,44.5219515,18672.0,18353.0,0.9829155955441302,1.0021660617565078,52.987043209554216
342-U1410B,"342-U1410B-20X-3,106",342,U1410,B,20,X,3,106,167.48,186.34,18.86,,184.77,201.38,2215140,234947,9.43,,44.5224034,15577.0,17821.0,1.1440585478590228,0.9745116927373284,52.028957594884744
342-U1410B,"342-U1410B-20X-3,108",342,U1410,B,20,X,3,108,167.5,186.36,18.86,,184.79,201.4,2138499,237161,9.02,,44.5228554,17354.0,17671.0,1.0182666820329607,0.9552065375419417,51.36013049314057
342-U1410B,"342-U1410B-20X-3,110",342,U1410,B,20,X,3,110,167.52,186.38,18.86,,184.81,201.42,1254953,153445,8.18,,44.5233073,6677.0,10194.0,1.526733562977385,0.912753303671323,49.88933820569299
342-U1410B,"342-U1410B-20X-3,114",342,U1410,B,20,X,3,114,167.56,186.42,18.86,,184.85,201.46,2351303,311010,7.56,,44.5242112,21242.0,23317.0,1.097683833913944,0.8785217955012065,48.7033876051393
342-U1410B,"342-U1410B-20X-3,116",342,U1410,B,20,X,3,116,167.58,186.44,18.86,,184.87,201.48,1866013,270556,6.9,,44.5246631,18377.0,21096.0,1.147956684986668,0.8388490907372553,47.32892674859221
342-U1410B,"342-U1410B-20X-3,122",342,U1410,B,20,X,3,122,167.64,186.5,18.86,,184.93,201.54,1918912,315623,6.08,,44.5260189,22901.0,25205.0,1.1006069603947426,0.7839035792727349,45.4253395039039
342-U1410B,"342-U1410B-20X-3,124",342,U1410,B,20,X,3,124,167.66,186.52,18.86,,184.95,201.56,1851721,295694,6.26,,44.5264708,21199.0,23444.0,1.1059012217557431,0.7965743332104297,45.86431777407534
342-U1410B,"342-U1410B-20X-3,126",342,U1410,B,20,X,3,126,167.68,186.54,18.86,,184.97,201.58,1737994,299567,5.8,,44.5269228,16630.0,23559.0,1.4166566446181599,0.7634279935629372,44.71596283698796
342-U1410B,"342-U1410B-20X-3,128",342,U1410,B,20,X,3,128,167.7,186.56,18.86,,184.99,201.6,1471685,253202,5.81,,44.5273747,12790.0,19116.0,1.4946051602814698,0.7641761323903307,44.74188210666301
342-U1410B,"342-U1410B-20X-3,132",342,U1410,B,20,X,3,132,167.74,186.6,18.86,,185.03,201.64,1898225,358196,5.3,,44.5282786,22613.0,27808.0,1.2297351081236456,0.724275869600789,43.35953750231934
342-U1410B,"342-U1410B-20X-3,134",342,U1410,B,20,X,3,134,167.76,186.62,18.86,,185.05,201.66,1837629,343472,5.35,,44.5287305,22745.0,27166.0,1.1943723895361618,0.7283537820212285,43.50081677812546
342-U1410B,"342-U1410B-20X-3,136",342,U1410,B,20,X,3,136,167.78,186.64,18.86,,185.07,201.68,1697912,346561,4.9,,44.5291824,22553.0,26474.0,1.1738571365228572,0.6901960800285137,42.17884319258786
342-U1410B,"342-U1410B-20X-3,138",342,U1410,B,20,X,3,138,167.8,186.66,18.86,,185.08,201.69,1873989,310444,6.04,,44.5294084,18622.0,24790.0,1.3312211362904092,0.7810369386211319,45.326024738529114
342-U1410B,"342-U1410B-20X-3,140",342,U1410,B,20,X,3,140,167.82,186.68,18.86,,185.1,201.71,1767078,346008,5.11,,44.5298603,22844.0,26674.0,1.1676589038697252,0.7084209001347127,42.81024208516712
342-U1410B,"342-U1410B-20X-3,142",342,U1410,B,20,X,3,142,167.84,186.7,18.86,,185.12,201.73,1815089,350031,5.19,,44.5303122,24190.0,25803.0,1.0666804464654815,0.7151673578484579,43.04397311265983
342-U1410B,"342-U1410B-20X-3,144",342,U1410,B,20,X,3,144,167.86,186.72,18.86,,185.14,201.75,1801881,339354,5.31,,44.5307642,23215.0,25826.0,1.1124703855265992,0.725094521081469,43.3878996828675
342-U1410B,"342-U1410B-20X-3,146",342,U1410,B,20,X,3,146,167.88,186.74,18.86,,185.16,201.77,1675252,324594,5.16,,44.5312161,20951.0,23547.0,1.1239081666746218,0.7126497016272114,42.956748912874744
342-U1410B,"342-U1410B-20X-3,148",342,U1410,B,20,X,3,148,167.9,186.76,18.86,,185.18,201.79,1758026,381872,4.6,,44.531668,22089.0,26694.0,1.2084748064647561,0.6627578316815741,41.22824507860814
342-U1410B,"342-U1410B-20X-3,150",342,U1410,B,20,X,3,150,167.92,186.78,18.86,,185.2,201.81,1738113,351436,4.95,,44.53212,19434.0,27096.0,1.3942574868786664,0.6946051989335688,42.33159711705349
342-U1410B,"342-U1410B-20X-4,2",342,U1410,B,20,X,4,2,167.94,186.8,18.86,,185.22,201.83,1919374,420892,4.56,,44.5325719,26837.0,32383.0,1.2066549912434326,0.658964842664435,41.09683697410935
342-U1410B,"342-U1410B-20X-4,4",342,U1410,B,20,X,4,4,167.96,186.82,18.86,,185.24,201.85,1332815,692211,1.93,,44.5330238,20509.0,24159.0,1.1779706470330098,0.28555730900777376,28.160132970574324
342-U1410B,"342-U1410B-20X-4,6",342,U1410,B,20,X,4,6,167.98,186.84,18.86,,185.27,201.88,1941924,370219,5.25,,44.5337017,25727.0,28536.0,1.1091849030201733,0.7201593034059569,43.21691906649938
342-U1410B,"342-U1410B-20X-4,8",342,U1410,B,20,X,4,8,168.0,186.86,18.86,,185.3,201.91,1981021,346335,5.72,,44.5343796,26289.0,28107.0,1.0691543991783636,0.7573960287930241,44.506985417534324
342-U1410B,"342-U1410B-20X-4,10",342,U1410,B,20,X,4,10,168.02,186.88,18.86,,185.32,201.93,1980009,348146,5.69,,44.5348315,25017.0,28090.0,1.1228364711995842,0.7551122663950712,44.427864469257244
342-U1410B,"342-U1410B-20X-4,12",342,U1410,B,20,X,4,12,168.04,186.9,18.86,,185.35,201.96,2262658,357220,6.33,,44.5355094,26738.0,26983.0,1.0091629890044131,0.8014037100173551,46.03163153355127
342-U1410B,"342-U1410B-20X-4,14",342,U1410,B,20,X,4,14,168.06,186.92,18.86,,185.37,201.98,2122975,335302,6.33,,44.5359614,24423.0,25792.0,1.0560537198542357,0.8014037100173551,46.03163153355127
342-U1410B,"342-U1410B-20X-4,16",342,U1410,B,20,X,4,16,168.08,186.94,18.86,,185.4,202.01,2325877,343672,6.77,,44.5366393,25400.0,26789.0,1.0546850393700788,0.8305886686851442,47.042744426596826
342-U1410B,"342-U1410B-20X-4,18",342,U1410,B,20,X,4,18,168.1,186.96,18.86,,185.43,202.04,2434878,322249,7.56,,44.5373172,24115.0,24727.0,1.025378395189716,0.8785217955012065,48.7033876051393
342-U1410B,"342-U1410B-20X-4,20",342,U1410,B,20,X,4,20,168.12,186.98,18.86,,185.45,202.06,2390355,305326,7.83,,44.5377691,20881.0,22804.0,1.0920932905512188,0.8937617620579434,49.231376246497454
342-U1410B,"342-U1410B-20X-4,22",342,U1410,B,20,X,4,22,168.14,187.0,18.86,,185.48,202.09,2347694,314827,7.46,,44.538447,21765.0,24310.0,1.11693085228578,0.8727388274726688,48.50303667779062
342-U1410B,"342-U1410B-20X-4,24",342,U1410,B,20,X,4,24,168.16,187.02,18.86,,185.51,202.12,2497315,294777,8.47,,44.5391249,23039.0,22665.0,0.9837666565389123,0.927883410330707,50.41352075090735
342-U1410B,"342-U1410B-20X-4,26",342,U1410,B,20,X,4,26,168.18,187.04,18.86,,185.53,202.14,2532567,269768,9.39,,44.5395768,21788.0,22232.0,1.0203781898292639,0.9726655922661109,51.964999444059416
342-U1410B,"342-U1410B-20X-4,28",342,U1410,B,20,X,4,28,168.2,187.06,18.86,,185.56,202.17,2305719,306394,7.53,,44.5402547,22427.0,22748.0,1.0143131047398226,0.8767949762007006,48.64356195047327
342-U1410B,"342-U1410B-20X-4,30",342,U1410,B,20,X,4,30,168.22,187.08,18.86,,185.58,202.19,2807766,276590,10.15,,44.5407067,23352.0,21899.0,0.9377783487495718,1.0064660422492318,53.13601603372463
342-U1410B,"342-U1410B-20X-4,32",342,U1410,B,20,X,4,32,168.24,187.1,18.86,,185.61,202.22,2644721,279044,9.48,,44.5413845,21106.0,21790.0,1.032407846110111,0.9768083373380663,52.108524847077305
342-U1410B,"342-U1410B-20X-4,34",342,U1410,B,20,X,4,34,168.26,187.12,18.86,,185.64,202.25,2580404,249105,10.36,,44.5420625,16847.0,19800.0,1.175283433252211,1.0153597554092142,53.44413872615223
342-U1410B,"342-U1410B-20X-4,36",342,U1410,B,20,X,4,36,168.28,187.14,18.86,,185.66,202.27,2707795,223055,12.14,,44.5425144,18184.0,18473.0,1.0158930928288605,1.0842186867392387,55.82975640208093
342-U1410B,"342-U1410B-20X-4,38",342,U1410,B,20,X,4,38,168.3,187.16,18.86,,185.69,202.3,2847520,220888,12.89,,44.5431923,20044.0,18430.0,0.9194771502694074,1.110252917353403,56.731712321708656
342-U1410B,"342-U1410B-20X-4,40",342,U1410,B,20,X,4,40,168.32,187.18,18.86,,185.71,202.32,2727889,217557,12.54,,44.5436442,16559.0,17451.0,1.0538679871972945,1.0982975364946976,56.317518151858806
342-U1410B,"342-U1410B-20X-4,42",342,U1410,B,20,X,4,42,168.34,187.2,18.86,,185.74,202.35,2701181,229135,11.79,,44.5443221,17931.0,18327.0,1.0220846578551113,1.0715138050950892,55.389595777519375
342-U1410B,"342-U1410B-20X-4,44",342,U1410,B,20,X,4,44,168.36,187.22,18.86,,185.77,202.38,2810997,241821,11.62,,44.545,19464.0,18548.0,0.9529387587340732,1.065206128054312,55.171066306441645
342-U1410B,"342-U1410B-20X-4,46",342,U1410,B,20,X,4,46,168.38,187.24,18.86,,185.79,202.4,2961710,247423,11.97,,44.5454519,19893.0,17346.0,0.8719650128185794,1.0780941504064108,55.61757184083011
342-U1410B,"342-U1410B-20X-4,48",342,U1410,B,20,X,4,48,168.4,187.26,18.86,,185.82,202.43,2967745,238042,12.47,,44.5461298,18229.0,17172.0,0.9420154698557244,1.0958664534785427,56.233293280764116
342-U1410B,"342-U1410B-20X-4,50",342,U1410,B,20,X,4,50,168.42,187.28,18.86,,185.84,202.45,2901708,219481,13.22,,44.5465818,20048.0,18612.0,0.9283719074221868,1.1212314551496214,57.11206376365864
342-U1410B,"342-U1410B-20X-4,52",342,U1410,B,20,X,4,52,168.44,187.3,18.86,,185.87,202.48,2807712,216333,12.98,,44.5472597,16888.0,16543.0,0.9795712932259593,1.1132746924643504,56.83640172042742
342-U1410B,"342-U1410B-20X-4,54",342,U1410,B,20,X,4,54,168.46,187.32,18.86,,185.89,202.5,2824691,209214,13.5,,44.5477116,18095.0,17155.0,0.948051948051948,1.130333768495006,57.427413409509484
342-U1410B,"342-U1410B-20X-4,56",342,U1410,B,20,X,4,56,168.48,187.34,18.86,,185.91,202.52,2663864,207321,12.85,,44.5481635,17778.0,17412.0,0.9794127573405332,1.1089031276673134,56.684948858034076
342-U1410B,"342-U1410B-20X-4,58",342,U1410,B,20,X,4,58,168.5,187.36,18.86,,185.93,202.54,2657013,197780,13.43,,44.5486154,18870.0,17595.0,0.9324324324324325,1.1280760126687153,57.34919345890765
342-U1410B,"342-U1410B-20X-4,60",342,U1410,B,20,X,4,60,168.52,187.38,18.86,,185.95,202.56,2473093,229029,10.8,,44.5490674,20547.0,19612.0,0.9544945734170438,1.0334237554869496,54.06996600884537
342-U1410B,"342-U1410B-20X-4,62",342,U1410,B,20,X,4,62,168.54,187.4,18.86,,185.97,202.58,2628345,231812,11.34,,44.5495193,20604.0,20357.0,0.9880120364977675,1.0546130545568877,54.80406927512338
342-U1410B,"342-U1410B-20X-4,64",342,U1410,B,20,X,4,64,168.56,187.42,18.86,,185.99,202.6,2516777,242608,10.37,,44.5499712,21738.0,21054.0,0.9685343637869169,1.015778756389041,53.45865501509833
342-U1410B,"342-U1410B-20X-4,66",342,U1410,B,20,X,4,66,168.58,187.44,18.86,,186.01,202.62,2202689,253024,8.71,,44.5504232,19067.0,20850.0,1.0935123511826716,0.9400181550076633,50.8339289802405
342-U1410B,"342-U1410B-20X-4,70",342,U1410,B,20,X,4,70,168.62,187.48,18.86,,186.05,202.66,2023489,220959,9.16,,44.551327,17070.0,18278.0,1.0707674282366726,0.9618954736678504,51.59186868522268
342-U1410B,"342-U1410B-20X-4,72",342,U1410,B,20,X,4,72,168.64,187.5,18.86,,186.08,202.69,1869403,215511,8.67,,44.5520049,15577.0,19328.0,1.2408037491172883,0.9380190974762103,50.76467163206331
342-U1410B,"342-U1410B-20X-4,74",342,U1410,B,20,X,4,74,168.66,187.52,18.86,,186.1,202.71,1784443,225813,7.9,,44.5524569,17518.0,18791.0,1.0726681127982647,0.8976270912904415,49.36529057775735
342-U1410B,"342-U1410B-20X-4,76",342,U1410,B,20,X,4,76,168.68,187.54,18.86,,186.12,202.73,1675967,200183,8.37,,44.5529088,12214.0,16012.0,1.310954642213853,0.92272545799326,50.234823492176496
342-U1410B,"342-U1410B-20X-4,78",342,U1410,B,20,X,4,78,168.7,187.56,18.86,,186.14,202.75,1511758,204168,7.4,,44.5533607,12085.0,16926.0,1.4005792304509723,0.8692317197309762,48.38153293007967
342-U1410B,"342-U1410B-20X-4,88",342,U1410,B,20,X,4,88,168.8,187.66,18.86,,186.24,202.85,565231,83848,6.74,,44.5556204,2621.0,4929.0,1.8805799313239222,0.8286598965353198,46.975922115466155
342-U1410B,"342-U1410B-20X-4,90",342,U1410,B,20,X,4,90,168.82,187.68,18.86,,186.26,202.87,600209,94248,6.37,,44.5560723,2771.0,6385.0,2.3042223024179,0.8041394323353505,46.12641063325822
342-U1410B,"342-U1410B-20X-4,92",342,U1410,B,20,X,4,92,168.84,187.7,18.86,,186.28,202.89,1846481,359649,5.13,,44.5565242,15821.0,20669.0,1.3064281650970229,0.7101173651118162,42.86901611429887
342-U1410B,"342-U1410B-20X-4,94",342,U1410,B,20,X,4,94,168.86,187.72,18.86,,186.31,202.92,1869268,291218,6.42,,44.5572021,14671.0,22007.0,1.5000340808397519,0.8075350280688532,46.244051047445424
342-U1410B,"342-U1410B-20X-4,96",342,U1410,B,20,X,4,96,168.88,187.74,18.86,,186.33,202.94,1869085,392660,4.76,,44.5576541,18296.0,23423.0,1.280225185832969,0.6776069527204931,41.74269287700149
342-U1410B,"342-U1410B-20X-4,98",342,U1410,B,20,X,4,98,168.9,187.76,18.86,,186.35,202.96,1728389,440395,3.92,,44.558106,16112.0,24125.0,1.4973311817279047,0.5932860670204573,38.82139579192375
342-U1410B,"342-U1410B-20X-4,100",342,U1410,B,20,X,4,100,168.92,187.78,18.86,,186.37,202.98,1783158,482423,3.7,,44.5585579,20483.0,25430.0,1.2415173558560757,0.568201724066995,37.95234873030104
342-U1410B,"342-U1410B-20X-4,102",342,U1410,B,20,X,4,102,168.94,187.8,18.86,,186.39,203.0,1767578,541589,3.26,,44.5590099,20153.0,25577.0,1.2691410708083164,0.5132176000679389,36.047423754353744
342-U1410B,"342-U1410B-20X-4,104",342,U1410,B,20,X,4,104,168.96,187.82,18.86,,186.41,203.02,1957222,403933,4.85,,44.5594618,21741.0,27065.0,1.2448829400671542,0.6857417386022636,42.02452253387543
342-U1410B,"342-U1410B-20X-4,106",342,U1410,B,20,X,4,106,168.98,187.84,18.86,,186.43,203.04,1986598,386517,5.14,,44.5599137,18349.0,26582.0,1.4486893018693117,0.7109631189952758,42.89831725759133
342-U1410B,"342-U1410B-20X-4,108",342,U1410,B,20,X,4,108,169.0,187.86,18.86,,186.45,203.06,1812293,313591,5.78,,44.5603657,19003.0,24237.0,1.2754301952323317,0.761927838420529,44.66398996207923
342-U1410B,"342-U1410B-20X-4,110",342,U1410,B,20,X,4,110,169.02,187.88,18.86,,186.47,203.08,1527418,268649,5.69,,44.5608176,16368.0,19005.0,1.1611070381231672,0.7551122663950712,44.427864469257244
342-U1410B,"342-U1410B-20X-4,112",342,U1410,B,20,X,4,112,169.04,187.9,18.86,,186.5,203.11,1410864,228901,6.16,,44.5614955,10129.0,17074.0,1.6856550498568468,0.7895807121644255,45.62202377293652
342-U1410B,"342-U1410B-20X-4,116",342,U1410,B,20,X,4,116,169.08,187.94,18.86,,186.54,203.15,2027678,390205,5.2,,44.5623993,22847.0,25943.0,1.1355101326213508,0.7160033436347992,43.07293584022762
342-U1410B,"342-U1410B-20X-4,118",342,U1410,B,20,X,4,118,169.1,187.96,18.86,,186.56,203.17,1923232,322392,5.97,,44.5628513,22921.0,24252.0,1.0580690196762794,0.7759743311293691,45.15063070197699
342-U1410B,"342-U1410B-20X-4,120",342,U1410,B,20,X,4,120,169.12,187.98,18.86,,186.58,203.19,2065404,337746,6.12,,44.5633032,22231.0,24867.0,1.118573163600378,0.7867514221455612,45.52400302023297
342-U1410B,"342-U1410B-20X-4,122",342,U1410,B,20,X,4,122,169.14,188.0,18.86,,186.6,203.21,2217506,332689,6.67,,44.5637551,24896.0,25640.0,1.029884318766067,0.8241258339165489,46.818839516038835
342-U1410B,"342-U1410B-20X-4,124",342,U1410,B,20,X,4,124,169.16,188.02,18.86,,186.62,203.23,2242644,337370,6.65,,44.5642071,25116.0,25522.0,1.016164994425864,0.8228216453031046,46.77365590152606
342-U1410B,"342-U1410B-20X-4,126",342,U1410,B,20,X,4,126,169.18,188.04,18.86,,186.64,203.25,2244099,314185,7.14,,44.564659,21956.0,25029.0,1.1399617416651484,0.8536982117761743,47.84337454698556
342-U1410B,"342-U1410B-20X-4,128",342,U1410,B,20,X,4,128,169.2,188.06,18.86,,186.66,203.27,2204884,319640,6.9,,44.5651109,22876.0,25002.0,1.0929358279419479,0.8388490907372553,47.32892674859221
342-U1410B,"342-U1410B-20X-4,130",342,U1410,B,20,X,4,130,169.22,188.08,18.86,,186.69,203.3,2132387,313988,6.79,,44.5657888,20707.0,24391.0,1.1779108514029073,0.8318697742805017,47.08712832994799
342-U1410B,"342-U1410B-20X-4,132",342,U1410,B,20,X,4,132,169.24,188.1,18.86,,186.71,203.32,2257380,327102,6.9,,44.5662408,24799.0,24808.0,1.0003629178595912,0.8388490907372553,47.32892674859221
342-U1410B,"342-U1410B-20X-4,134",342,U1410,B,20,X,4,134,169.26,188.12,18.86,,186.73,203.34,2375052,347157,6.84,,44.5666927,26355.0,26435.0,1.0030354771390628,0.8350561017201162,47.19751864409343
342-U1410B,"342-U1410B-20X-4,136",342,U1410,B,20,X,4,136,169.28,188.14,18.86,,186.75,203.36,2290595,385600,5.94,,44.5671446,26250.0,26514.0,1.0100571428571428,0.7737864449811935,45.07483138637345
342-U1410B,"342-U1410B-20X-4,138",342,U1410,B,20,X,4,138,169.3,188.16,18.86,,186.77,203.38,2315519,336924,6.87,,44.5675965,24338.0,25517.0,1.0484427644013476,0.8369567370595504,47.26336615542813
342-U1410B,"342-U1410B-20X-4,140",342,U1410,B,20,X,4,140,169.32,188.18,18.86,,186.79,203.4,2209426,327792,6.74,,44.5680485,21238.0,24673.0,1.1617383934457106,0.8286598965353198,46.975922115466155
342-U1410B,"342-U1410B-20X-4,142",342,U1410,B,20,X,4,142,169.34,188.2,18.86,,186.81,203.42,2212307,332271,6.66,,44.5685004,25506.0,24907.0,0.9765153297263389,0.8234742291703011,46.79626466960508
342-U1410B,"342-U1410B-20X-4,144",342,U1410,B,20,X,4,144,169.36,188.22,18.86,,186.83,203.44,2196924,303348,7.24,,44.5689523,23742.0,23979.0,1.0099823098306797,0.859738566197147,48.05264262590016
342-U1410B,"342-U1410B-20X-4,146",342,U1410,B,20,X,4,146,169.38,188.24,18.86,,186.86,203.47,2052577,302395,6.79,,44.5696302,20403.0,23753.0,1.1641915404597363,0.8318697742805017,47.08712832994799
342-U1410B,"342-U1410B-20X-4,148",342,U1410,B,20,X,4,148,169.4,188.26,18.86,,186.88,203.49,2281374,334676,6.82,,44.5700822,24525.0,25245.0,1.0293577981651376,0.8337843746564789,47.15345965997371
342-U1410B,"342-U1410B-20X-4,150",342,U1410,B,20,X,4,150,169.42,188.28,18.86,,186.9,203.51,1488477,218129,6.82,,44.5705341,14423.0,14909.0,1.0336961797129585,0.8337843746564789,47.15345965997371
342-U1410B,"342-U1410B-20X-5,2",342,U1410,B,20,X,5,2,169.44,188.3,18.86,,186.92,203.53,2174213,338282,6.43,,44.570986,21091.0,24885.0,1.1798871556588117,0.8082109729242221,46.26746915695968
342-U1410B,"342-U1410B-20X-5,4",342,U1410,B,20,X,5,4,169.46,188.32,18.86,,186.94,203.55,2269604,401409,5.65,,44.571438,22014.0,25407.0,1.1541291905151267,0.7520484478194386,44.321718474704454
342-U1410B,"342-U1410B-20X-5,6",342,U1410,B,20,X,5,6,169.48,188.34,18.86,,186.96,203.57,2371409,339739,6.98,,44.5718899,23281.0,25656.0,1.1020145182767063,0.8438554226231612,47.50237111677942
342-U1410B,"342-U1410B-20X-5,8",342,U1410,B,20,X,5,8,169.5,188.36,18.86,,186.98,203.59,2258382,349295,6.47,,44.5723418,21916.0,25046.0,1.1428180324876802,0.8109042806687004,46.360778803767126
342-U1410B,"342-U1410B-20X-5,10",342,U1410,B,20,X,5,10,169.52,188.38,18.86,,187.0,203.61,2292389,354082,6.47,,44.5727938,20472.0,21669.0,1.0584701055099648,0.8109042806687004,46.360778803767126
342-U1410B,"342-U1410B-20X-5,12",342,U1410,B,20,X,5,12,169.54,188.4,18.86,,187.03,203.64,2426942,286861,8.46,,44.5734717,20926.0,23182.0,1.1078084679346267,0.9273703630390235,50.39574622748697
342-U1410B,"342-U1410B-20X-5,14",342,U1410,B,20,X,5,14,169.56,188.42,18.86,,187.05,203.66,2312530,296340,7.8,,44.5739236,20674.0,23341.0,1.1290026119763954,0.8920946026904804,49.1736175102117
342-U1410B,"342-U1410B-20X-5,16",342,U1410,B,20,X,5,16,169.58,188.44,18.86,,187.07,203.68,2401454,276962,8.67,,44.5743755,20682.0,22244.0,1.0755246107726526,0.9380190974762103,50.76467163206331
342-U1410B,"342-U1410B-20X-5,18",342,U1410,B,20,X,5,18,169.6,188.46,18.86,,187.09,203.7,2134180,259360,8.23,,44.5748274,18383.0,19968.0,1.0862209650220311,0.9153998352122699,49.98102729092909
342-U1410B,"342-U1410B-20X-5,20",342,U1410,B,20,X,5,20,169.62,188.48,18.86,,187.11,203.72,2380733,293218,8.12,,44.5752794,21296.0,22597.0,1.0610912847483096,0.9095560292411753,49.778568633060516
342-U1410B,"342-U1410B-20X-5,22",342,U1410,B,20,X,5,22,169.64,188.5,18.86,,187.14,203.75,2317612,274347,8.45,,44.5759573,21969.0,22383.0,1.0188447357640311,0.9268567089496923,50.3779506815621
342-U1410B,"342-U1410B-20X-5,24",342,U1410,B,20,X,5,24,169.66,188.52,18.86,,187.16,203.77,2396869,248904,9.63,,44.5764092,17986.0,20132.0,1.1193150227955075,0.9836262871245346,52.34473271742951
342-U1410B,"342-U1410B-20X-5,26",342,U1410,B,20,X,5,26,169.68,188.54,18.86,,187.19,203.8,1989150,286932,6.93,,44.5770871,16111.0,21520.0,1.3357333498851716,0.8407332346118067,47.394202913126044
342-U1410B,"342-U1410B-20X-5,28",342,U1410,B,20,X,5,28,169.7,188.56,18.86,,187.21,203.82,1998614,261339,7.65,,44.577539,18258.0,20603.0,1.1284368496001753,0.8836614351536176,48.88145042089708
342-U1410B,"342-U1410B-20X-5,30",342,U1410,B,20,X,5,30,169.72,188.58,18.86,,187.24,203.85,2170130,267666,8.11,,44.5782169,20181.0,20346.0,1.0081760071354244,0.909020854211156,49.760027494145504
342-U1410B,"342-U1410B-20X-5,32",342,U1410,B,20,X,5,32,169.74,188.6,18.86,,187.26,203.87,2133947,252282,8.46,,44.5786689,16945.0,20637.0,1.21788138093833,0.9273703630390235,50.39574622748697
342-U1410B,"342-U1410B-20X-5,34",342,U1410,B,20,X,5,34,169.76,188.62,18.86,,187.29,203.9,2064548,274624,7.52,,44.5793467,19597.0,22363.0,1.1411440526611216,0.8762178405916422,48.623567087297445
342-U1410B,"342-U1410B-20X-5,36",342,U1410,B,20,X,5,36,169.78,188.64,18.86,,187.31,203.92,2099349,260653,8.05,,44.5797987,20524.0,20883.0,1.0174917170142272,0.9057958803678685,49.64829827534481
342-U1410B,"342-U1410B-20X-5,38",342,U1410,B,20,X,5,38,169.8,188.66,18.86,,187.34,203.95,2129925,235888,9.03,,44.5804766,15954.0,20514.0,1.285821737495299,0.9556877503135057,51.376802109611404
342-U1410B,"342-U1410B-20X-5,40",342,U1410,B,20,X,5,40,169.82,188.68,18.86,,187.36,203.97,1400954,205879,6.8,,44.5809285,10842.0,14646.0,1.350857775318207,0.8325089127062363,47.10927128070756
342-U1410B,"342-U1410B-20X-5,44",342,U1410,B,20,X,5,44,169.86,188.72,18.86,,187.41,204.02,2360862,321484,7.34,,44.5820583,21052.0,25435.0,1.2081987459623789,0.8656960599160706,48.259039995792264
342-U1410B,"342-U1410B-20X-5,46",342,U1410,B,20,X,5,46,169.88,188.74,18.86,,187.44,204.05,2210580,287992,7.68,,44.5827362,20479.0,23634.0,1.154060256848479,0.885361220031512,48.940339467991734
342-U1410B,"342-U1410B-20X-5,48",342,U1410,B,20,X,5,48,169.9,188.76,18.86,,187.46,204.07,2021069,296466,6.82,,44.5831882,21806.0,24203.0,1.1099238741630744,0.8337843746564789,47.15345965997371
342-U1410B,"342-U1410B-20X-5,50",342,U1410,B,20,X,5,50,169.92,188.78,18.86,,187.49,204.1,2131131,310820,6.86,,44.5838661,21417.0,24639.0,1.150441238268665,0.8363241157067517,47.241448988660416
342-U1410B,"342-U1410B-20X-5,52",342,U1410,B,20,X,5,52,169.94,188.8,18.86,,187.51,204.12,2175244,339695,6.4,,44.584318,20878.0,26118.0,1.2509818948175113,0.8061799739838872,46.19710519867178
342-U1410B,"342-U1410B-20X-5,54",342,U1410,B,20,X,5,54,169.96,188.82,18.86,,187.54,204.15,2109365,349747,6.03,,44.5849959,22389.0,26696.0,1.1923712537406763,0.7803173121401513,45.30109327909554
342-U1410B,"342-U1410B-20X-5,56",342,U1410,B,20,X,5,56,169.98,188.84,18.86,,187.56,204.17,2056085,351776,5.84,,44.5854478,23500.0,26286.0,1.1185531914893616,0.7664128471123994,44.819373088209076
342-U1410B,"342-U1410B-20X-5,58",342,U1410,B,20,X,5,58,170.0,188.86,18.86,,187.59,204.2,1768821,360967,4.9,,44.5861257,21161.0,24996.0,1.1812296205283304,0.6901960800285137,42.17884319258786
342-U1410B,"342-U1410B-20X-5,60",342,U1410,B,20,X,5,60,170.02,188.88,18.86,,187.61,204.22,1885022,401271,4.7,,44.5865777,21313.0,25503.0,1.1965936283019754,0.6720978579357175,41.551830288182934
342-U1410B,"342-U1410B-20X-5,62",342,U1410,B,20,X,5,62,170.04,188.9,18.86,,187.64,204.25,1986600,368907,5.39,,44.5872556,22232.0,27808.0,1.250809643756747,0.7315887651867387,43.61289276989456
342-U1410B,"342-U1410B-20X-5,64",342,U1410,B,20,X,5,64,170.06,188.92,18.86,,187.66,204.27,2017501,381649,5.29,,44.5877075,24362.0,29036.0,1.1918561694442165,0.7234556720351858,43.33112175765901
342-U1410B,"342-U1410B-20X-5,66",342,U1410,B,20,X,5,66,170.08,188.94,18.86,,187.69,204.3,2056035,402680,5.11,,44.5883854,24460.0,29793.0,1.2180294358135733,0.7084209001347127,42.81024208516712
342-U1410B,"342-U1410B-20X-5,68",342,U1410,B,20,X,5,68,170.1,188.96,18.86,,187.71,204.32,2216833,351675,6.3,,44.5888373,21977.0,27140.0,1.2349274241252217,0.7993405494535817,45.96015333581934
342-U1410B,"342-U1410B-20X-5,70",342,U1410,B,20,X,5,70,170.12,188.98,18.86,,187.74,204.35,1152035,265658,4.34,,44.5895152,13013.0,18525.0,1.4235764235764237,0.6374897295125107,40.35283167896094
342-U1410B,"342-U1410B-20X-5,74",342,U1410,B,20,X,5,74,170.16,189.02,18.86,,187.79,204.4,1902714,460317,4.13,,44.590645,23339.0,30805.0,1.319893740091692,0.615950051656401,39.60658953963602
342-U1410B,"342-U1410B-20X-5,76",342,U1410,B,20,X,5,76,170.18,189.04,18.86,,187.81,204.42,1767948,386735,4.57,,44.591097,23488.0,28647.0,1.2196440735694822,0.6599162000698503,41.12979675141997
342-U1410B,"342-U1410B-20X-5,78",342,U1410,B,20,X,5,78,170.2,189.06,18.86,,187.84,204.45,1541401,396373,3.89,,44.5917749,20363.0,24160.0,1.1864656484800864,0.5899496013257077,38.70580393792915
342-U1410B,"342-U1410B-20X-5,80",342,U1410,B,20,X,5,80,170.22,189.08,18.86,,187.86,204.47,1624787,359499,4.52,,44.5922268,21500.0,26406.0,1.2281860465116279,0.6551384348113821,40.96427107404034
342-U1410B,"342-U1410B-20X-5,82",342,U1410,B,20,X,5,82,170.24,189.1,18.86,,187.89,204.5,1704517,370441,4.6,,44.5929047,24285.0,29030.0,1.1953880996499897,0.6627578316815741,41.22824507860814
342-U1410B,"342-U1410B-20X-5,84",342,U1410,B,20,X,5,84,170.26,189.12,18.86,,187.91,204.52,1749291,379295,4.61,,44.5933566,22591.0,28771.0,1.2735602673631092,0.6637009253896482,41.26091856012437
342-U1410B,"342-U1410B-20X-5,86",342,U1410,B,20,X,5,86,170.28,189.14,18.86,,187.94,204.55,1827646,388323,4.71,,44.5940345,25212.0,29982.0,1.1891956211327939,0.6730209071288962,41.58380932748061
342-U1410B,"342-U1410B-20X-5,88",342,U1410,B,20,X,5,88,170.3,189.16,18.86,,187.96,204.57,1904611,416922,4.57,,44.5944864,27677.0,31246.0,1.1289518372655996,0.6599162000698503,41.12979675141997
342-U1410B,"342-U1410B-20X-5,90",342,U1410,B,20,X,5,90,170.32,189.18,18.86,,187.99,204.6,1827780,418862,4.36,,44.5951643,26715.0,31860.0,1.192588433464346,0.6394864892685861,40.42200942071017
342-U1410B,"342-U1410B-20X-5,92",342,U1410,B,20,X,5,92,170.34,189.2,18.86,,188.01,204.62,1992971,372909,5.34,,44.5956163,19522.0,29037.0,1.4873988320868763,0.7275412570285564,43.47266684975434
342-U1410B,"342-U1410B-20X-5,94",342,U1410,B,20,X,5,94,170.36,189.22,18.86,,188.04,204.65,1900394,407130,4.67,,44.5962942,26545.0,31408.0,1.1831983424373704,0.6693168805661122,41.45548332721296
342-U1410B,"342-U1410B-20X-5,96",342,U1410,B,20,X,5,96,170.38,189.24,18.86,,188.06,204.67,1860462,417054,4.46,,44.5967461,22796.0,30929.0,1.356773118090893,0.6493348587121419,40.76320618008216
342-U1410B,"342-U1410B-20X-5,98",342,U1410,B,20,X,5,98,170.4,189.26,18.86,,188.09,204.7,1535728,381703,4.02,,44.597424,19883.0,27459.0,1.381029019765629,0.60422605308447,39.20041160911146
342-U1410B,"342-U1410B-20X-5,100",342,U1410,B,20,X,5,100,170.42,189.28,18.86,,188.11,204.72,1775637,444205,4.0,,44.5978759,23039.0,30187.0,1.3102565215504145,0.6020599913279624,39.12536839955726
342-U1410B,"342-U1410B-20X-5,102",342,U1410,B,20,X,5,102,170.44,189.3,18.86,,188.14,204.75,1861838,414257,4.49,,44.5985538,26760.0,32480.0,1.2137518684603887,0.6522463410033232,40.86407448406014
342-U1410B,"342-U1410B-20X-5,104",342,U1410,B,20,X,5,104,170.46,189.32,18.86,,188.16,204.77,1985693,414581,4.79,,44.5990058,28136.0,32066.0,1.139678703440432,0.6803355134145632,41.83722386224754
342-U1410B,"342-U1410B-20X-5,106",342,U1410,B,20,X,5,106,170.48,189.34,18.86,,188.19,204.8,2018630,394249,5.12,,44.5996837,20786.0,30578.0,1.471086308091985,0.7092699609758307,42.83965779800766
342-U1410B,"342-U1410B-20X-5,108",342,U1410,B,20,X,5,108,170.5,189.36,18.86,,188.21,204.82,2023628,375524,5.39,,44.6001356,25076.0,31875.0,1.2711357473281224,0.7315887651867387,43.61289276989456
342-U1410B,"342-U1410B-20X-5,110",342,U1410,B,20,X,5,110,170.52,189.38,18.86,,188.24,204.85,1977705,408362,4.84,,44.6008135,28527.0,32187.0,1.1282995057314122,0.6848453616444125,41.99346755417067
342-U1410B,"342-U1410B-20X-5,112",342,U1410,B,20,X,5,112,170.54,189.4,18.86,,188.26,204.87,1963019,376110,5.22,,44.6012654,21898.0,29319.0,1.3388893962918988,0.7176705030022621,43.13069457651337
342-U1410B,"342-U1410B-20X-5,114",342,U1410,B,20,X,5,114,170.56,189.42,18.86,,188.29,204.9,1905670,362538,5.26,,44.6019433,25234.0,29656.0,1.1752397558849172,0.7209857441537391,43.24555110620629
342-U1410B,"342-U1410B-20X-5,116",342,U1410,B,20,X,5,116,170.58,189.44,18.86,,188.31,204.92,1934028,386548,5.0,,44.6023952,28540.0,30279.0,1.0609320252277505,0.6989700043360189,42.482815800221374
342-U1410B,"342-U1410B-20X-5,118",342,U1410,B,20,X,5,118,170.6,189.46,18.86,,188.34,204.95,1861118,389599,4.78,,44.6030731,23378.0,29218.0,1.2498075113354437,0.6794278966121189,41.805779478126865
342-U1410B,"342-U1410B-20X-5,120",342,U1410,B,20,X,5,120,170.62,189.48,18.86,,188.36,204.97,1907171,393207,4.85,,44.6035251,27815.0,30071.0,1.081107316196297,0.6857417386022636,42.02452253387543
342-U1410B,"342-U1410B-20X-5,122",342,U1410,B,20,X,5,122,170.64,189.5,18.86,,188.39,205.0,1900664,363817,5.22,,44.604203,22650.0,27735.0,1.2245033112582782,0.7176705030022621,43.13069457651337
342-U1410B,"342-U1410B-20X-5,124",342,U1410,B,20,X,5,124,170.66,189.52,18.86,,188.42,205.03,1901267,363519,5.23,,44.6048809,23231.0,27484.0,1.1830743403211226,0.7185016888672743,43.15949101080672
342-U1410B,"342-U1410B-20X-5,126",342,U1410,B,20,X,5,126,170.68,189.54,18.86,,188.44,205.05,1848630,353673,5.23,,44.6053328,25231.0,26493.0,1.0500178352027267,0.7185016888672743,43.15949101080672
342-U1410B,"342-U1410B-20X-5,128",342,U1410,B,20,X,5,128,170.7,189.56,18.86,,188.47,205.08,1876416,331187,5.67,,44.6060107,22293.0,25870.0,1.160453954156013,0.7535830588929066,44.37488507534475
342-U1410B,"342-U1410B-20X-5,130",342,U1410,B,20,X,5,130,170.72,189.58,18.86,,188.49,205.1,1825977,318321,5.74,,44.6064626,17521.0,24304.0,1.38713543747503,0.7589118923979735,44.55950251212779
342-U1410B,"342-U1410B-20X-5,132",342,U1410,B,20,X,5,132,170.74,189.6,18.86,,188.52,205.13,1783196,327357,5.45,,44.6071405,21038.0,24453.0,1.1623253160946858,0.7363965022766424,43.77945682137428
342-U1410B,"342-U1410B-20X-5,134",342,U1410,B,20,X,5,134,170.76,189.62,18.86,,188.54,205.15,1743694,329121,5.3,,44.6075924,20578.0,23151.0,1.1250364466906404,0.724275869600789,43.35953750231934
342-U1410B,"342-U1410B-20X-5,136",342,U1410,B,20,X,5,136,170.78,189.64,18.86,,188.57,205.18,1829943,283112,6.46,,44.6082703,20682.0,22511.0,1.0884343873900009,0.8102325179950841,46.337505585939695
342-U1410B,"342-U1410B-20X-5,138",342,U1410,B,20,X,5,138,170.8,189.66,18.86,,188.59,205.2,1937297,275233,7.04,,44.6087223,22348.0,22741.0,1.017585466260963,0.8475726591421122,47.63115477597848
342-U1410B,"342-U1410B-20X-5,140",342,U1410,B,20,X,5,140,170.82,189.68,18.86,,188.62,205.23,2403956,250404,9.6,,44.6094002,21405.0,20370.0,0.9516468114926419,0.9822712330395684,52.29778686865585
342-U1410B,"342-U1410B-20X-5,142",342,U1410,B,20,X,5,142,170.84,189.7,18.86,,188.64,205.25,2380177,212895,11.18,,44.6098521,16677.0,18019.0,1.0804701085327097,1.0484418035504044,54.59026628400376
342-U1410B,"342-U1410B-20X-5,146",342,U1410,B,20,X,5,146,170.88,189.74,18.86,,188.69,205.3,1915643,284354,6.74,,44.6109819,22602.0,23579.0,1.043226263162552,0.8286598965353198,46.975922115466155
342-U1410B,"342-U1410B-20X-5,148",342,U1410,B,20,X,5,148,170.9,189.76,18.86,,188.71,205.32,2052869,365807,5.61,,44.6114338,25231.0,28001.0,1.10978558122944,0.7489628612561614,44.214818328219714
342-U1410B,"342-U1410B-20X-6,2",342,U1410,B,20,X,6,2,170.94,189.8,18.86,,188.76,205.37,1970553,488870,4.03,,44.6125637,26695.0,27763.0,1.0400074920397078,0.6053050461411095,39.23779332355874
342-U1410B,"342-U1410B-20X-6,4",342,U1410,B,20,X,6,4,170.96,189.82,18.86,,188.78,205.39,1882612,405558,4.64,,44.6130156,28302.0,30371.0,1.0731043742491697,0.6665179805548809,41.35851543632385
342-U1410B,"342-U1410B-20X-6,6",342,U1410,B,20,X,6,6,170.98,189.84,18.86,,188.81,205.42,1915931,364197,5.26,,44.6136935,27718.0,29514.0,1.0647954397864203,0.7209857441537391,43.24555110620629
342-U1410B,"342-U1410B-20X-6,8",342,U1410,B,20,X,6,8,171.0,189.86,18.86,,188.83,205.44,1872635,382013,4.9,,44.6141454,30696.0,30575.0,0.9960581183216054,0.6901960800285137,42.17884319258786
342-U1410B,"342-U1410B-20X-6,10",342,U1410,B,20,X,6,10,171.02,189.88,18.86,,188.85,205.46,1871248,363107,5.15,,44.6145974,25270.0,29542.0,1.1690542144835774,0.7118072290411911,42.92756145013207
342-U1410B,"342-U1410B-20X-6,12",342,U1410,B,20,X,6,12,171.04,189.9,18.86,,188.87,205.48,1900651,351768,5.4,,44.6150493,28435.0,29078.0,1.0226129769650079,0.7323937598229685,43.640781809066745
342-U1410B,"342-U1410B-20X-6,14",342,U1410,B,20,X,6,14,171.06,189.92,18.86,,188.9,205.51,1852131,346942,5.34,,44.6157272,25292.0,28932.0,1.1439190257789025,0.7275412570285564,43.47266684975434
342-U1410B,"342-U1410B-20X-6,16",342,U1410,B,20,X,6,16,171.08,189.94,18.86,,188.92,205.53,1922903,331845,5.79,,44.6161791,26469.0,26540.0,1.002682383165212,0.7626785637274363,44.689998840337026
342-U1410B,"342-U1410B-20X-6,18",342,U1410,B,20,X,6,18,171.1,189.96,18.86,,188.94,205.55,1970601,338339,5.82,,44.6166311,25980.0,28651.0,1.1028098537336413,0.7649229846498885,44.76775680319539
342-U1410B,"342-U1410B-20X-6,20",342,U1410,B,20,X,6,20,171.12,189.98,18.86,,188.96,205.57,1899228,319061,5.95,,44.617083,23704.0,25639.0,1.0816317921025986,0.7745169657285496,45.1001402776656
342-U1410B,"342-U1410B-20X-6,22",342,U1410,B,20,X,6,22,171.14,190.0,18.86,,188.99,205.6,800682,136101,5.88,,44.6177609,5630.0,8607.0,1.5287744227353464,0.7693773260761385,44.92207746190782
342-U1410B,"342-U1410B-20X-6,24",342,U1410,B,20,X,6,24,171.16,190.02,18.86,,189.01,205.62,624556,98526,6.34,,44.6182128,3717.0,5805.0,1.5617433414043584,0.8020892578817327,46.05538233931263
342-U1410B,"342-U1410B-20X-6,34",342,U1410,B,20,X,6,34,171.26,190.12,18.86,,189.12,205.73,2055440,284573,7.22,,44.6206984,22558.0,22552.0,0.9997340189733133,0.8585371975696391,48.01102120980015
342-U1410B,"342-U1410B-20X-6,36",342,U1410,B,20,X,6,36,171.28,190.14,18.86,,189.14,205.75,1835256,267209,6.87,,44.6211504,21295.0,22599.0,1.0612350316975816,0.8369567370595504,47.26336615542813
342-U1410B,"342-U1410B-20X-6,38",342,U1410,B,20,X,6,38,171.3,190.16,18.86,,189.17,205.78,1642054,278324,5.9,,44.6218283,18258.0,21234.0,1.162997042392376,0.7708520116421442,44.97316794334209
342-U1410B,"342-U1410B-20X-6,40",342,U1410,B,20,X,6,40,171.32,190.18,18.86,,189.19,205.8,1673176,285721,5.86,,44.6222802,20564.0,22742.0,1.105913246450107,0.7678976160180907,44.87081290694675
342-U1410B,"342-U1410B-20X-6,42",342,U1410,B,20,X,6,42,171.34,190.2,18.86,,189.21,205.82,2022979,352325,5.74,,44.6227321,24087.0,28783.0,1.1949599368954207,0.7589118923979735,44.55950251212779
342-U1410B,"342-U1410B-20X-6,44",342,U1410,B,20,X,6,44,171.36,190.22,18.86,,189.23,205.84,1885808,368581,5.12,,44.6231841,24196.0,29379.0,1.2142089601587038,0.7092699609758307,42.83965779800766
342-U1410B,"342-U1410B-20X-6,46",342,U1410,B,20,X,6,46,171.38,190.24,18.86,,189.26,205.87,1943876,351616,5.53,,44.623862,24729.0,28180.0,1.1395527518298354,0.7427251313046983,43.99871217405128
342-U1410B,"342-U1410B-20X-6,48",342,U1410,B,20,X,6,48,171.4,190.26,18.86,,189.28,205.89,1856605,369540,5.02,,44.6243139,27335.0,28960.0,1.0594475946588622,0.7007037171450193,42.5428802804892
342-U1410B,"342-U1410B-20X-6,50",342,U1410,B,20,X,6,50,171.42,190.28,18.86,,189.3,205.91,1776778,367184,4.84,,44.6247658,22335.0,28475.0,1.2749048578464293,0.6848453616444125,41.99346755417067
342-U1410B,"342-U1410B-20X-6,52",342,U1410,B,20,X,6,52,171.44,190.3,18.86,,189.32,205.93,1748135,351009,4.98,,44.6252177,22842.0,28154.0,1.2325540670694335,0.6972293427597176,42.42251057991042
342-U1410B,"342-U1410B-20X-6,54",342,U1410,B,20,X,6,54,171.46,190.32,18.86,,189.35,205.96,1814198,368679,4.92,,44.6258956,26841.0,29195.0,1.087701650460117,0.6919651027673603,42.2401309853752
342-U1410B,"342-U1410B-20X-6,56",342,U1410,B,20,X,6,56,171.48,190.34,18.86,,189.37,205.98,1775863,346165,5.13,,44.6263476,25339.0,27256.0,1.0756541299972375,0.7101173651118162,42.86901611429887
342-U1410B,"342-U1410B-20X-6,58",342,U1410,B,20,X,6,58,171.5,190.36,18.86,,189.39,206.0,1649310,356192,4.63,,44.6267995,24446.0,26338.0,1.0773950748588725,0.6655809910179531,41.32605343381699
342-U1410B,"342-U1410B-20X-6,60",342,U1410,B,20,X,6,60,171.52,190.38,18.86,,189.42,206.03,1795630,372656,4.82,,44.6274774,27158.0,28922.0,1.064953236615362,0.6830470382388496,41.931164639784946
342-U1410B,"342-U1410B-20X-6,62",342,U1410,B,20,X,6,62,171.54,190.4,18.86,,189.44,206.05,1498499,446417,3.36,,44.6279293,22325.0,26297.0,1.1779171332586786,0.526339277389844,36.502024265171144
342-U1410B,"342-U1410B-20X-6,64",342,U1410,B,20,X,6,64,171.56,190.42,18.86,,189.46,206.07,1582969,400134,3.96,,44.6283813,24218.0,28477.0,1.175860929886861,0.5976951859255123,38.97414971638938
342-U1410B,"342-U1410B-20X-6,66",342,U1410,B,20,X,6,66,171.58,190.44,18.86,,189.48,206.09,1454476,539678,2.7,,44.6288332,21710.0,26909.0,1.239474896361124,0.43136376415898736,33.21159760928812
342-U1410B,"342-U1410B-20X-6,68",342,U1410,B,20,X,6,68,171.6,190.46,18.86,,189.5,206.11,1706059,426351,4.0,,44.6292851,22957.0,28253.0,1.2306921636102277,0.6020599913279624,39.12536839955726
342-U1410B,"342-U1410B-20X-6,70",342,U1410,B,20,X,6,70,171.62,190.48,18.86,,189.52,206.13,1610895,432672,3.72,,44.6297371,22379.0,27475.0,1.227713481388802,0.5705429398818975,38.03346015220834
342-U1410B,"342-U1410B-20X-6,72",342,U1410,B,20,X,6,72,171.64,190.5,18.86,,189.54,206.15,1461602,457306,3.2,,44.630189,20357.0,24900.0,1.2231664783612517,0.505149978319906,35.767920998893146
342-U1410B,"342-U1410B-20X-6,74",342,U1410,B,20,X,6,74,171.66,190.52,18.86,,189.56,206.17,1622001,347279,4.67,,44.6306409,21465.0,25247.0,1.1761938038667599,0.6693168805661122,41.45548332721296
342-U1410B,"342-U1410B-20X-6,76",342,U1410,B,20,X,6,76,171.68,190.54,18.86,,189.58,206.19,1549942,308523,5.02,,44.6310929,18548.0,23311.0,1.2567931852490835,0.7007037171450193,42.5428802804892
342-U1410B,"342-U1410B-20X-6,78",342,U1410,B,20,X,6,78,171.7,190.56,18.86,,189.6,206.21,1557304,335298,4.64,,44.6315448,24411.0,25704.0,1.0529679242964238,0.6665179805548809,41.35851543632385
342-U1410B,"342-U1410B-20X-6,80",342,U1410,B,20,X,6,80,171.72,190.58,18.86,,189.62,206.23,620116,133922,4.63,,44.6319967,4991.0,7722.0,1.5471849328791825,0.6655809910179531,41.32605343381699
342-U1410B,"342-U1410B-20X-6,86",342,U1410,B,20,X,6,86,171.78,190.64,18.86,,189.68,206.29,1984872,367276,5.4,,44.6333525,25889.0,27484.0,1.0616091776430143,0.7323937598229685,43.640781809066745
342-U1410B,"342-U1410B-20X-6,88",342,U1410,B,20,X,6,88,171.8,190.66,18.86,,189.7,206.31,1825970,327914,5.57,,44.6338044,23573.0,24286.0,1.030246468417257,0.7458551951737289,44.107153236793835
342-U1410B,"342-U1410B-20X-6,90",342,U1410,B,20,X,6,90,171.82,190.68,18.86,,189.72,206.33,1664721,299005,5.57,,44.6342564,17564.0,21616.0,1.2306991573673423,0.7458551951737289,44.107153236793835
342-U1410B,"342-U1410B-20X-6,92",342,U1410,B,20,X,6,92,171.84,190.7,18.86,,189.74,206.35,1750965,291520,6.01,,44.6347083,20532.0,21825.0,1.0629748684979543,0.7788744720027395,45.25110608253492
342-U1410B,"342-U1410B-20X-6,94",342,U1410,B,20,X,6,94,171.86,190.72,18.86,,189.76,206.37,1981170,286365,6.92,,44.6351602,22615.0,22607.0,0.9996462524872872,0.8401060944567578,47.372475642454376
342-U1410B,"342-U1410B-20X-6,96",342,U1410,B,20,X,6,96,171.88,190.74,18.86,,189.78,206.39,2063598,324710,6.36,,44.6356122,23569.0,24579.0,1.0428528999957571,0.8034571156484139,46.102771771639304
342-U1410B,"342-U1410B-20X-6,98",342,U1410,B,20,X,6,98,171.9,190.76,18.86,,189.8,206.41,2136097,339919,6.28,,44.6360641,26649.0,27103.0,1.0170362865398326,0.7979596437371962,45.912311857275164
342-U1410B,"342-U1410B-20X-6,100",342,U1410,B,20,X,6,100,171.92,190.78,18.86,,189.82,206.43,2085453,329133,6.34,,44.636516,25082.0,25933.0,1.0339287138186748,0.8020892578817327,46.05538233931263
342-U1410B,"342-U1410B-20X-6,102",342,U1410,B,20,X,6,102,171.94,190.8,18.86,,189.84,206.45,1998388,320652,6.23,,44.6369679,22298.0,24567.0,1.1017580052022602,0.7944880466591696,45.79203837650694
342-U1410B,"342-U1410B-20X-6,104",342,U1410,B,20,X,6,104,171.96,190.82,18.86,,189.86,206.47,1911512,353460,5.41,,44.6374199,26640.0,27824.0,1.0444444444444445,0.7331972651065695,43.6686192496171
342-U1410B,"342-U1410B-20X-6,106",342,U1410,B,20,X,6,106,171.98,190.84,18.86,,189.88,206.49,1950705,318018,6.13,,44.6378718,20092.0,25622.0,1.2752339239498307,0.787460474518415,45.54856813969049
342-U1410B,"342-U1410B-20X-6,108",342,U1410,B,20,X,6,108,172.0,190.86,18.86,,189.9,206.51,2060500,328503,6.27,,44.6383237,25310.0,25746.0,1.0172263927301461,0.7972675408307164,45.888333952080174
342-U1410B,"342-U1410B-20X-6,110",342,U1410,B,20,X,6,110,172.02,190.88,18.86,,189.92,206.53,2024044,323686,6.25,,44.6387757,23687.0,25594.0,1.0805082956896188,0.7958800173440752,45.84026320088549
342-U1410B,"342-U1410B-20X-6,112",342,U1410,B,20,X,6,112,172.04,190.9,18.86,,189.94,206.55,2022885,328263,6.16,,44.6392276,24025.0,26491.0,1.10264308012487,0.7895807121644255,45.62202377293652
342-U1410B,"342-U1410B-20X-6,114",342,U1410,B,20,X,6,114,172.06,190.92,18.86,,189.95,206.56,2069905,330649,6.26,,44.6394536,25862.0,25701.0,0.9937746500657335,0.7965743332104297,45.86431777407534
342-U1410B,"342-U1410B-20X-6,116",342,U1410,B,20,X,6,116,172.08,190.94,18.86,,189.97,206.58,1948456,331901,5.87,,44.6399055,23296.0,25343.0,1.0878691620879122,0.7686381012476144,44.89646701772361
342-U1410B,"342-U1410B-20X-6,118",342,U1410,B,20,X,6,118,172.1,190.96,18.86,,189.99,206.6,1985231,336189,5.91,,44.6403574,21429.0,25666.0,1.1977227122124223,0.7715874808812554,44.998648275131096
342-U1410B,"342-U1410B-20X-6,120",342,U1410,B,20,X,6,120,172.12,190.98,18.86,,190.01,206.62,1978644,340514,5.81,,44.6408094,24100.0,26476.0,1.0985892116182572,0.7641761323903307,44.74188210666301
342-U1410B,"342-U1410B-20X-6,122",342,U1410,B,20,X,6,122,172.14,191.0,18.86,,190.03,206.64,1858026,337245,5.51,,44.6412613,23286.0,26601.0,1.142360216439062,0.741151598851785,43.94419714222009
342-U1410B,"342-U1410B-20X-6,124",342,U1410,B,20,X,6,124,172.16,191.02,18.86,,190.05,206.66,1820251,328922,5.53,,44.6417132,22131.0,24848.0,1.1227689666079255,0.7427251313046983,43.99871217405128
342-U1410B,"342-U1410B-20X-6,126",342,U1410,B,20,X,6,126,172.18,191.04,18.86,,190.07,206.68,1892017,321129,5.89,,44.6421652,21845.0,25127.0,1.1502403295948729,0.7701152947871016,44.94764438789914
342-U1410B,"342-U1410B-20X-6,128",342,U1410,B,20,X,6,128,172.2,191.06,18.86,,190.09,206.7,1947131,406336,4.79,,44.6426171,24243.0,26867.0,1.1082374293610526,0.6803355134145632,41.83722386224754
342-U1410B,"342-U1410B-20X-6,130",342,U1410,B,20,X,6,130,172.22,191.08,18.86,,190.11,206.72,1902459,369028,5.16,,44.643069,23462.0,25494.0,1.0866081322990366,0.7126497016272114,42.956748912874744
342-U1410B,"342-U1410B-20X-6,132",342,U1410,B,20,X,6,132,172.24,191.1,18.86,,190.13,206.74,1967675,311214,6.32,,44.643521,23393.0,25839.0,1.1045611935194288,0.800717078282385,46.007843177093235
342-U1410B,"342-U1410B-20X-6,134",342,U1410,B,20,X,6,134,172.26,191.12,18.86,,190.15,206.76,1983023,312295,6.35,,44.6439729,25597.0,25821.0,1.008751025510802,0.8027737252919757,46.0790957127405
342-U1410B,"342-U1410B-20X-6,136",342,U1410,B,20,X,6,136,172.28,191.14,18.86,,190.17,206.78,2055825,276675,7.43,,44.6444248,23023.0,23676.0,1.0283629414064197,0.8709888137605752,48.44240745273513
342-U1410B,"342-U1410B-20X-6,138",342,U1410,B,20,X,6,138,172.3,191.16,18.86,,190.19,206.8,1824470,272667,6.69,,44.6448768,19093.0,23332.0,1.222018540826481,0.8254261177678232,46.863887850066234
342-U1410B,"342-U1410B-20X-6,140",342,U1410,B,20,X,6,140,172.32,191.18,18.86,,190.21,206.82,1959601,313049,6.26,,44.6453287,24424.0,25831.0,1.057607271536194,0.7965743332104297,45.86431777407534
342-U1410B,"342-U1410B-20X-6,142",342,U1410,B,20,X,6,142,172.34,191.2,18.86,,190.23,206.84,2020617,358666,5.63,,44.6457806,23286.0,26260.0,1.1277162243408057,0.7505083948513462,44.26836333962489
342-U1410B,"342-U1410B-20X-6,144",342,U1410,B,20,X,6,144,172.36,191.22,18.86,,190.25,206.86,1939597,300881,6.45,,44.6462325,20475.0,24096.0,1.176849816849817,0.8095597146352678,46.31419631353886
342-U1410B,"342-U1410B-20X-6,146",342,U1410,B,20,X,6,146,172.38,191.24,18.86,,190.27,206.88,1795742,290099,6.19,,44.6466845,21503.0,24325.0,1.1312375017439427,0.791690649020118,45.69512253530199
342-U1410B,"342-U1410B-20X-6,148",342,U1410,B,20,X,6,148,172.4,191.26,18.86,,190.29,206.9,1650109,264602,6.24,,44.6471364,17224.0,21654.0,1.2571992568509056,0.795184589682424,45.816170109547585
342-U1410B,"342-U1410B-20X-7,2",342,U1410,B,20,X,7,2,172.42,191.28,18.86,,190.31,206.92,2176701,355926,6.12,,44.6475883,25801.0,29432.0,1.1407309794194023,0.7867514221455612,45.52400302023297
342-U1410B,"342-U1410B-20X-7,4",342,U1410,B,20,X,7,4,172.44,191.3,18.86,,190.33,206.94,2199820,363561,6.05,,44.6480403,27200.0,30514.0,1.1218382352941176,0.7817553746524689,45.35091495483479
342-U1410B,"342-U1410B-20X-7,6",342,U1410,B,20,X,7,6,172.46,191.32,18.86,,190.35,206.96,2224411,356489,6.24,,44.6484922,26642.0,28687.0,1.076758501613993,0.795184589682424,45.816170109547585
342-U1410B,"342-U1410B-20X-7,8",342,U1410,B,20,X,7,8,172.48,191.34,18.86,,190.37,206.98,2202848,353878,6.22,,44.6489441,25361.0,28435.0,1.1212097314774654,0.7937903846908186,45.76786787761341
342-U1410B,"342-U1410B-20X-7,10",342,U1410,B,20,X,7,10,172.5,191.36,18.86,,190.39,207.0,2191697,366308,5.98,,44.6493961,26405.0,29530.0,1.1183487975762165,0.7767011839884109,45.175812519278495
342-U1410B,"342-U1410B-20X-7,12",342,U1410,B,20,X,7,12,172.52,191.38,18.86,,190.41,207.02,2257447,372117,6.07,,44.649848,25623.0,28844.0,1.1257073722827147,0.7831886910752576,45.4005722023023
342-U1410B,"342-U1410B-20X-7,14",342,U1410,B,20,X,7,14,172.54,191.4,18.86,,190.43,207.04,2348737,376297,6.24,,44.6502999,26174.0,29778.0,1.1376938947046689,0.795184589682424,45.816170109547585
342-U1410B,"342-U1410B-20X-7,16",342,U1410,B,20,X,7,16,172.56,191.42,18.86,,190.45,207.06,2425443,346755,6.99,,44.6507518,25734.0,26982.0,1.0484961529494055,0.8444771757456814,47.52391175370913
342-U1410B,"342-U1410B-20X-7,18",342,U1410,B,20,X,7,18,172.58,191.44,18.86,,190.47,207.08,2380898,356153,6.69,,44.6512038,25952.0,27992.0,1.0786066584463625,0.8254261177678232,46.863887850066234
342-U1410B,"342-U1410B-20X-7,20",342,U1410,B,20,X,7,20,172.6,191.46,18.86,,190.49,207.1,2288884,359890,6.36,,44.6516557,23456.0,28045.0,1.195642905866303,0.8034571156484139,46.102771771639304
342-U1410B,"342-U1410B-20X-7,22",342,U1410,B,20,X,7,22,172.62,191.48,18.86,,190.51,207.12,2449620,353431,6.93,,44.6521076,26255.0,28522.0,1.0863454580079985,0.8407332346118067,47.394202913126044
342-U1410B,"342-U1410B-20X-7,24",342,U1410,B,20,X,7,24,172.64,191.5,18.86,,190.53,207.14,2443607,361351,6.76,,44.6525596,25876.0,26828.0,1.0367908486628536,0.829946695941636,47.020503280897984
342-U1410B,"342-U1410B-20X-7,26",342,U1410,B,20,X,7,26,172.66,191.52,18.86,,190.55,207.16,2363450,347635,6.8,,44.6530115,24764.0,25839.0,1.0434097884025197,0.8325089127062363,47.10927128070756
342-U1410B,"342-U1410B-20X-7,28",342,U1410,B,20,X,7,28,172.68,191.54,18.86,,190.57,207.18,2328987,335476,6.94,,44.6534634,21388.0,26243.0,1.2269964466055732,0.8413594704548549,47.41589885390845
342-U1410B,"342-U1410B-20X-7,30",342,U1410,B,20,X,7,30,172.7,191.56,18.86,,190.58,207.19,2341549,350223,6.69,,44.6536894,26532.0,27168.0,1.0239710538218,0.8254261177678232,46.863887850066234
342-U1410B,"342-U1410B-20X-7,32",342,U1410,B,20,X,7,32,172.72,191.58,18.86,,190.6,207.21,2308813,337051,6.85,,44.6541413,25540.0,26388.0,1.0332028191072826,0.8356905714924255,47.21949984935509
342-U1410B,"342-U1410B-20X-7,34",342,U1410,B,20,X,7,34,172.74,191.6,18.86,,190.62,207.23,2184270,339282,6.44,,44.6545933,24378.0,26567.0,1.0897940766264664,0.8088858673598122,46.29085087468069
342-U1410B,"342-U1410B-20X-7,36",342,U1410,B,20,X,7,36,172.76,191.62,18.86,,190.64,207.25,2186124,341223,6.41,,44.6550452,25538.0,27013.0,1.0577570678988175,0.8068580295188175,46.22059643267943
342-U1410B,"342-U1410B-20X-7,38",342,U1410,B,20,X,7,38,172.78,191.64,18.86,,190.66,207.27,2151720,354087,6.08,,44.6554971,26320.0,27721.0,1.0532294832826747,0.7839035792727349,45.4253395039039
342-U1410B,"342-U1410B-20X-7,40",342,U1410,B,20,X,7,40,172.8,191.66,18.86,,190.68,207.29,2143331,412193,5.2,,44.6559491,24949.0,28124.0,1.1272596096035914,0.7160033436347992,43.07293584022762
342-U1410B,"342-U1410B-20X-7,42",342,U1410,B,20,X,7,42,172.82,191.68,18.86,,190.7,207.31,2228136,333915,6.67,,44.656401,26971.0,27806.0,1.030959178376775,0.8241258339165489,46.818839516038835
342-U1410B,"342-U1410B-20X-7,44",342,U1410,B,20,X,7,44,172.84,191.7,18.86,,190.72,207.33,2176153,327357,6.65,,44.6568529,25474.0,26784.0,1.0514249823349298,0.8228216453031046,46.77365590152606
342-U1410B,"342-U1410B-20X-7,46",342,U1410,B,20,X,7,46,172.86,191.72,18.86,,190.74,207.35,2134299,359958,5.93,,44.6573049,25804.0,27897.0,1.0811114555882808,0.7730546933642626,45.04947985160488
342-U1410B,"342-U1410B-20X-7,48",342,U1410,B,20,X,7,48,172.88,191.74,18.86,,190.76,207.37,2145495,364613,5.88,,44.6577568,26558.0,28299.0,1.0655546351381882,0.7693773260761385,44.92207746190782
342-U1410B,"342-U1410B-20X-7,50",342,U1410,B,20,X,7,50,172.9,191.76,18.86,,190.78,207.39,2263765,372083,6.08,,44.6582087,26927.0,28998.0,1.0769116500167117,0.7839035792727349,45.4253395039039
342-U1410C,"342-U1410C-19X-1,6",342,U1410,C,19,X,1,6,166.06,191.63,25.57,,190.94,207.55,1676804,313819,5.34,,44.6618242,22192.0,25950.0,1.169340302811824,0.7275412570285564,43.47266684975434
342-U1410C,"342-U1410C-19X-1,8",342,U1410,C,19,X,1,8,166.08,191.65,25.57,,190.96,207.57,1671963,385010,4.34,,44.6622761,26678.0,33161.0,1.2430092210810406,0.6374897295125107,40.35283167896094
342-U1410C,"342-U1410C-19X-1,10",342,U1410,C,19,X,1,10,166.1,191.67,25.57,,190.98,207.59,1572669,449982,3.49,,44.662728,21563.0,31214.0,1.4475722302091545,0.5428254269591799,37.07318691700079
342-U1410C,"342-U1410C-19X-1,12",342,U1410,C,19,X,1,12,166.12,191.69,25.57,,191.0,207.61,1441315,454461,3.17,,44.6631799,23425.0,29360.0,1.2533617929562433,0.5010592622177514,35.626198139534
342-U1410C,"342-U1410C-19X-1,14",342,U1410,C,19,X,1,14,166.14,191.71,25.57,,191.02,207.63,1391250,291379,4.77,,44.6636319,17937.0,24915.0,1.3890282655962536,0.6785183790401139,41.77426924184475
342-U1410C,"342-U1410C-19X-1,16",342,U1410,C,19,X,1,16,166.16,191.73,25.57,,191.04,207.65,1330105,298716,4.45,,44.6640838,16587.0,24208.0,1.4594562006390548,0.6483600109809317,40.72943258043438
342-U1410C,"342-U1410C-19X-1,18",342,U1410,C,19,X,1,18,166.18,191.75,25.57,,191.06,207.67,1574257,519738,3.03,,44.6645357,23894.0,30748.0,1.286850255294216,0.48144262850230496,34.94657986446236
342-U1410C,"342-U1410C-19X-1,20",342,U1410,C,19,X,1,20,166.2,191.77,25.57,,191.08,207.69,1845090,369854,4.99,,44.6649877,25990.0,30279.0,1.1650250096190842,0.69810054562339,42.452693403122346
342-U1410C,"342-U1410C-19X-1,22",342,U1410,C,19,X,1,22,166.22,191.79,25.57,,191.1,207.71,1528162,319116,4.79,,44.6654396,21796.0,24923.0,1.1434666911359883,0.6803355134145632,41.83722386224754
342-U1410C,"342-U1410C-19X-1,24",342,U1410,C,19,X,1,24,166.24,191.81,25.57,,191.12,207.73,1337296,290147,4.61,,44.6658915,14559.0,22191.0,1.5242118277354213,0.6637009253896482,41.26091856012437
342-U1410C,"342-U1410C-19X-1,26",342,U1410,C,19,X,1,26,166.26,191.83,25.57,,191.14,207.75,2078713,347595,5.98,,44.6663435,25741.0,30524.0,1.1858125169962317,0.7767011839884109,45.175812519278495
342-U1410C,"342-U1410C-19X-1,28",342,U1410,C,19,X,1,28,166.28,191.85,25.57,,191.16,207.77,1900901,338957,5.61,,44.6667954,24232.0,29261.0,1.2075354902608122,0.7489628612561614,44.214818328219714
342-U1410C,"342-U1410C-19X-1,30",342,U1410,C,19,X,1,30,166.3,191.87,25.57,,191.18,207.79,1722228,333680,5.16,,44.6672473,22580.0,28339.0,1.2550487156775907,0.7126497016272114,42.956748912874744
342-U1410C,"342-U1410C-19X-1,32",342,U1410,C,19,X,1,32,166.32,191.89,25.57,,191.19,207.8,1875490,370702,5.06,,44.6674733,26060.0,30526.0,1.171373752877974,0.7041505168397991,42.66229465591484
342-U1410C,"342-U1410C-19X-1,34",342,U1410,C,19,X,1,34,166.34,191.91,25.57,,191.21,207.82,1872964,368657,5.08,,44.6679252,22090.0,29694.0,1.3442281575373471,0.7058637122839193,42.72164831207638
342-U1410C,"342-U1410C-19X-1,36",342,U1410,C,19,X,1,36,166.36,191.93,25.57,,191.23,207.84,2007733,429667,4.67,,44.6683772,26116.0,30393.0,1.1637693368050237,0.6693168805661122,41.45548332721296
342-U1410C,"342-U1410C-19X-1,38",342,U1410,C,19,X,1,38,166.38,191.95,25.57,,191.25,207.86,1905046,461358,4.13,,44.6688291,25380.0,30197.0,1.1897951142631993,0.615950051656401,39.60658953963602
342-U1410C,"342-U1410C-19X-1,40",342,U1410,C,19,X,1,40,166.4,191.97,25.57,,191.27,207.88,1937768,330673,5.86,,44.669281,20395.0,27870.0,1.366511399852905,0.7678976160180907,44.87081290694675
342-U1410C,"342-U1410C-19X-1,42",342,U1410,C,19,X,1,42,166.42,191.99,25.57,,191.29,207.9,2017959,337114,5.99,,44.6697329,26810.0,28919.0,1.0786646773591944,0.7774268223893114,45.2009522616777
342-U1410C,"342-U1410C-19X-1,44",342,U1410,C,19,X,1,44,166.44,192.01,25.57,,191.31,207.92,1954120,372616,5.24,,44.6701849,25561.0,29635.0,1.1593834357028285,0.7193312869837266,43.18823243755121
342-U1410C,"342-U1410C-19X-1,46",342,U1410,C,19,X,1,46,166.46,192.03,25.57,,191.33,207.94,2021330,345115,5.86,,44.6706368,25283.0,29618.0,1.1714590831784202,0.7678976160180907,44.87081290694675
342-U1410C,"342-U1410C-19X-1,48",342,U1410,C,19,X,1,48,166.48,192.05,25.57,,191.35,207.96,1994210,314646,6.34,,44.6710887,19033.0,27881.0,1.4648767929385804,0.8020892578817327,46.05538233931263
342-U1410C,"342-U1410C-19X-1,50",342,U1410,C,19,X,1,50,166.5,192.07,25.57,,191.37,207.98,1894117,424462,4.46,,44.6715407,24995.0,28938.0,1.157751550310062,0.6493348587121419,40.76320618008216
342-U1410C,"342-U1410C-19X-1,52",342,U1410,C,19,X,1,52,166.52,192.09,25.57,,191.39,208.0,1902611,338455,5.62,,44.6719926,22993.0,27133.0,1.1800547992867394,0.7497363155690611,44.24161465289012
342-U1410C,"342-U1410C-19X-1,54",342,U1410,C,19,X,1,54,166.54,192.11,25.57,,191.41,208.02,1863897,338347,5.51,,44.6724445,23313.0,28146.0,1.2073092266117618,0.741151598851785,43.94419714222009
342-U1410C,"342-U1410C-19X-1,56",342,U1410,C,19,X,1,56,166.56,192.13,25.57,,191.43,208.04,1651172,359664,4.59,,44.6728965,18659.0,25047.0,1.342354895760759,0.6618126855372612,41.19550049043842
342-U1410C,"342-U1410C-19X-1,58",342,U1410,C,19,X,1,58,166.58,192.15,25.57,,191.45,208.06,1843840,302454,6.1,,44.6733484,23384.0,26531.0,1.134579199452617,0.785329835010767,45.47475213394803
342-U1410C,"342-U1410C-19X-1,60",342,U1410,C,19,X,1,60,166.6,192.17,25.57,,191.47,208.08,1908498,307594,6.2,,44.6738003,23753.0,26366.0,1.110007156990696,0.7923916894982539,45.71941008266701
342-U1410C,"342-U1410C-19X-1,62",342,U1410,C,19,X,1,62,166.62,192.19,25.57,,191.49,208.1,1867755,296992,6.29,,44.6742523,22635.0,25706.0,1.1356748398497902,0.798650645445269,45.93625161145135
342-U1410C,"342-U1410C-19X-1,64",342,U1410,C,19,X,1,64,166.64,192.21,25.57,,191.51,208.12,1852240,289812,6.39,,44.6747042,23087.0,25426.0,1.1013124269069172,0.8055008581584001,46.17357723089778
342-U1410C,"342-U1410C-19X-1,66",342,U1410,C,19,X,1,66,166.66,192.23,25.57,,191.53,208.14,1828483,284536,6.43,,44.6751561,22928.0,24878.0,1.0850488485694347,0.8082109729242221,46.26746915695968
342-U1410C,"342-U1410C-19X-1,68",342,U1410,C,19,X,1,68,166.68,192.25,25.57,,191.55,208.16,1423739,232441,6.13,,44.6756081,16937.0,18973.0,1.1202101907067368,0.787460474518415,45.54856813969049
342-U1410C,"342-U1410C-19X-1,70",342,U1410,C,19,X,1,70,166.7,192.27,25.57,,191.57,208.18,1831308,277475,6.6,,44.67606,19562.0,23915.0,1.2225232593804314,0.8195439355418687,46.66009964684804
342-U1410C,"342-U1410C-19X-1,72",342,U1410,C,19,X,1,72,166.72,192.29,25.57,,191.59,208.2,1686373,295101,5.71,,44.6765119,15542.0,20860.0,1.3421696049414489,0.756636108245848,44.480657970177404
342-U1410C,"342-U1410C-19X-1,74",342,U1410,C,19,X,1,74,166.74,192.31,25.57,,191.61,208.22,1907504,376346,5.07,,44.6769638,20449.0,24053.0,1.1762433370824978,0.705007959333336,42.69200075110343
342-U1410C,"342-U1410C-19X-1,76",342,U1410,C,19,X,1,76,166.76,192.33,25.57,,191.63,208.24,2185111,275447,7.93,,44.6774158,20708.0,22828.0,1.1023758933745413,0.8992731873176038,49.422319574618385
342-U1410C,"342-U1410C-19X-1,78",342,U1410,C,19,X,1,78,166.78,192.35,25.57,,191.65,208.26,2261249,277548,8.15,,44.6778677,21823.0,24172.0,1.1076387297805068,0.9111576087399766,49.83405535479649
342-U1410C,"342-U1410C-19X-1,80",342,U1410,C,19,X,1,80,166.8,192.37,25.57,,191.67,208.28,2203820,280869,7.85,,44.6783196,20547.0,23428.0,1.1402151165620285,0.8948696567452525,49.26975925793928
342-U1410C,"342-U1410C-19X-1,82",342,U1410,C,19,X,1,82,166.82,192.39,25.57,,191.69,208.3,1669354,225621,7.4,,44.6787716,13581.0,18002.0,1.3255283116118106,0.8692317197309762,48.38153293007967
342-U1410C,"342-U1410C-19X-1,84",342,U1410,C,19,X,1,84,166.84,192.41,25.57,,191.71,208.32,1977939,272219,7.27,,44.6792235,17680.0,21680.0,1.2262443438914028,0.8615344108590378,48.114859664211366
342-U1410C,"342-U1410C-19X-1,86",342,U1410,C,19,X,1,86,166.86,192.43,25.57,,191.73,208.34,1122921,155068,7.24,,44.6796754,7510.0,10891.0,1.4501997336884154,0.859738566197147,48.05264262590016
342-U1410C,"342-U1410C-19X-1,88",342,U1410,C,19,X,1,88,166.88,192.45,25.57,,191.75,208.36,1385589,185353,7.48,,44.6801274,9567.0,14116.0,1.4754886589317446,0.8739015978644614,48.54332085801427
342-U1410C,"342-U1410C-19X-1,90",342,U1410,C,19,X,1,90,166.9,192.47,25.57,,191.77,208.38,2297407,312671,7.35,,44.6805793,20112.0,24246.0,1.2055489260143197,0.8662873390841949,48.27952486257193
342-U1410C,"342-U1410C-19X-1,92",342,U1410,C,19,X,1,92,166.92,192.49,25.57,,191.79,208.4,1667437,230017,7.25,,44.6810312,15473.0,18599.0,1.2020293414334648,0.8603380065709937,48.07341023765208
342-U1410C,"342-U1410C-19X-1,94",342,U1410,C,19,X,1,94,166.94,192.51,25.57,,191.81,208.42,1672574,242344,6.9,,44.6814832,16745.0,20665.0,1.2340997312630635,0.8388490907372553,47.32892674859221
342-U1410C,"342-U1410C-19X-1,96",342,U1410,C,19,X,1,96,166.96,192.53,25.57,,191.82,208.43,1669684,246543,6.77,,44.6817091,17469.0,20221.0,1.1575362069952486,0.8305886686851442,47.042744426596826
342-U1410C,"342-U1410C-19X-1,98",342,U1410,C,19,X,1,98,166.98,192.55,25.57,,191.84,208.45,1763962,280492,6.29,,44.682161,19234.0,22226.0,1.1555578662784651,0.798650645445269,45.93625161145135
342-U1410C,"342-U1410C-19X-1,100",342,U1410,C,19,X,1,100,167.0,192.57,25.57,,191.86,208.47,1964741,294434,6.67,,44.682613,20863.0,23114.0,1.1078943584335905,0.8241258339165489,46.818839516038835
342-U1410C,"342-U1410C-19X-1,102",342,U1410,C,19,X,1,102,167.02,192.59,25.57,,191.88,208.49,1982064,302369,6.56,,44.6830649,19634.0,23936.0,1.2191097076499948,0.8169038393756602,46.56863351516975
342-U1410C,"342-U1410C-19X-1,104",342,U1410,C,19,X,1,104,167.04,192.61,25.57,,191.91,208.52,2065714,308576,6.69,,44.6837428,20161.0,23995.0,1.1901691384355935,0.8254261177678232,46.863887850066234
342-U1410C,"342-U1410C-19X-1,106",342,U1410,C,19,X,1,106,167.06,192.63,25.57,,191.93,208.54,1899509,307238,6.18,,44.6841947,19802.0,23966.0,1.2102817897182103,0.7909884750888159,45.67079571945203
342-U1410C,"342-U1410C-19X-1,108",342,U1410,C,19,X,1,108,167.08,192.65,25.57,,191.96,208.57,2017040,348748,5.78,,44.6848726,22489.0,26913.0,1.1967183956601004,0.761927838420529,44.66398996207923
342-U1410C,"342-U1410C-19X-1,110",342,U1410,C,19,X,1,110,167.1,192.67,25.57,,191.98,208.59,2060082,363552,5.67,,44.6853246,23854.0,28147.0,1.1799698163829966,0.7535830588929066,44.37488507534475
342-U1410C,"342-U1410C-19X-1,112",342,U1410,C,19,X,1,112,167.12,192.69,25.57,,192.01,208.62,1902229,374788,5.08,,44.6860025,26539.0,30100.0,1.1341798862052075,0.7058637122839193,42.72164831207638
342-U1410C,"342-U1410C-19X-1,114",342,U1410,C,19,X,1,114,167.14,192.71,25.57,,192.03,208.64,1709010,489401,3.49,,44.6864544,24390.0,30395.0,1.2462074620746209,0.5428254269591799,37.07318691700079
342-U1410C,"342-U1410C-19X-1,116",342,U1410,C,19,X,1,116,167.16,192.73,25.57,,192.05,208.66,1713833,390158,4.39,,44.6869063,23424.0,30467.0,1.3006745218579234,0.6424645202421213,40.525183303788296
342-U1410C,"342-U1410C-19X-1,118",342,U1410,C,19,X,1,118,167.18,192.75,25.57,,192.08,208.69,1805271,380110,4.75,,44.6875842,22300.0,29351.0,1.3161883408071748,0.6766936096248666,41.71105010545351
342-U1410C,"342-U1410C-19X-1,120",342,U1410,C,19,X,1,120,167.2,192.77,25.57,,192.1,208.71,1674721,375441,4.46,,44.6880362,22814.0,29612.0,1.2979749276759884,0.6493348587121419,40.76320618008216
342-U1410C,"342-U1410C-19X-1,122",342,U1410,C,19,X,1,122,167.22,192.79,25.57,,192.13,208.74,543249,128450,4.23,,44.6887141,4171.0,8234.0,1.9741069287940542,0.6263403673750424,39.96656202770835
342-U1410C,"342-U1410C-19X-1,132",342,U1410,C,19,X,1,132,167.32,192.89,25.57,,192.25,208.86,1435928,308569,4.65,,44.6914256,19869.0,24517.0,1.233932256278625,0.667452952889954,41.390907552872456
342-U1410C,"342-U1410C-19X-1,134",342,U1410,C,19,X,1,134,167.34,192.91,25.57,,192.27,208.88,933228,195154,4.78,,44.6918776,9060.0,13753.0,1.517991169977925,0.6794278966121189,41.805779478126865
342-U1410C,"342-U1410C-19X-1,136",342,U1410,C,19,X,1,136,167.36,192.93,25.57,,192.3,208.91,949504,195128,4.87,,44.6925555,9066.0,14363.0,1.584270902272226,0.6875289612146344,42.086440861281005
342-U1410C,"342-U1410C-19X-1,138",342,U1410,C,19,X,1,138,167.38,192.95,25.57,,192.32,208.93,1134436,237838,4.77,,44.6930074,11361.0,17422.0,1.533491770090661,0.6785183790401139,41.77426924184475
342-U1410C,"342-U1410C-19X-1,140",342,U1410,C,19,X,1,140,167.4,192.97,25.57,,192.35,208.96,1410085,301473,4.68,,44.6936853,18262.0,23621.0,1.2934508816120907,0.670245853074124,41.48766757975302
342-U1410C,"342-U1410C-19X-1,142",342,U1410,C,19,X,1,142,167.42,192.99,25.57,,192.37,208.98,1470615,317164,4.64,,44.6941372,20997.0,25073.0,1.1941229699480878,0.6665179805548809,41.35851543632385
342-U1410C,"342-U1410C-19X-1,144",342,U1410,C,19,X,1,144,167.44,193.01,25.57,,192.4,209.01,1342637,303180,4.43,,44.6948151,19165.0,24135.0,1.2593268979911296,0.6464037262230695,40.66165709499825
342-U1410C,"342-U1410C-19X-1,146",342,U1410,C,19,X,1,146,167.46,193.03,25.57,,192.42,209.03,1267897,282623,4.49,,44.695267,16441.0,20729.0,1.2608113861687245,0.6522463410033232,40.86407448406014
342-U1410C,"342-U1410C-19X-1,148",342,U1410,C,19,X,1,148,167.48,193.05,25.57,,192.44,209.05,1220868,266942,4.57,,44.695719,16197.0,21010.0,1.297153793912453,0.6599162000698503,41.12979675141997
342-U1410C,"342-U1410C-19X-1,150",342,U1410,C,19,X,1,150,167.5,193.07,25.57,,192.47,209.08,1320749,295119,4.48,,44.6963969,18095.0,22454.0,1.2408952749378281,0.651278013998144,40.8305267949657
342-U1410C,"342-U1410C-19X-2,2",342,U1410,C,19,X,2,2,167.52,193.09,25.57,,192.49,209.1,1624354,363225,4.47,,44.6968488,24918.0,28086.0,1.1271370093908017,0.6503075231319364,40.79690413890594
342-U1410C,"342-U1410C-19X-2,4",342,U1410,C,19,X,2,4,167.54,193.11,25.57,,192.52,209.13,1820402,369482,4.93,,44.6975267,25867.0,28624.0,1.106583678045386,0.69284691927723,42.27068151835964
342-U1410C,"342-U1410C-19X-2,6",342,U1410,C,19,X,2,6,167.56,193.13,25.57,,192.54,209.15,1693812,374082,4.53,,44.6979786,24426.0,28727.0,1.1760828625235404,0.6560982020128319,40.997522208734566
342-U1410C,"342-U1410C-19X-2,8",342,U1410,C,19,X,2,8,167.58,193.15,25.57,,192.57,209.18,1642418,366473,4.48,,44.6986565,21933.0,27071.0,1.2342588793142752,0.651278013998144,40.8305267949657
342-U1410C,"342-U1410C-19X-2,10",342,U1410,C,19,X,2,10,167.6,193.17,25.57,,192.59,209.2,1624885,402760,4.03,,44.6991085,22127.0,25162.0,1.137162742350974,0.6053050461411095,39.23779332355874
342-U1410C,"342-U1410C-19X-2,12",342,U1410,C,19,X,2,12,167.62,193.19,25.57,,192.61,209.22,1672869,342672,4.88,,44.6995604,21547.0,25207.0,1.1698612335824012,0.6884198220027106,42.11730473328391
342-U1410C,"342-U1410C-19X-2,14",342,U1410,C,19,X,2,14,167.64,193.21,25.57,,192.64,209.25,1686119,332020,5.08,,44.7002383,23499.0,25361.0,1.0792374143580579,0.7058637122839193,42.72164831207638
342-U1410C,"342-U1410C-19X-2,16",342,U1410,C,19,X,2,16,167.66,193.23,25.57,,192.66,209.27,1643773,334160,4.92,,44.7006902,23999.0,25354.0,1.056460685861911,0.6919651027673603,42.2401309853752
342-U1410C,"342-U1410C-19X-2,18",342,U1410,C,19,X,2,18,167.68,193.25,25.57,,192.69,209.3,1631319,323416,5.04,,44.7013681,21411.0,24414.0,1.1402550091074681,0.7024305364455253,42.60270593515523
342-U1410C,"342-U1410C-19X-2,20",342,U1410,C,19,X,2,20,167.7,193.27,25.57,,192.71,209.32,1660862,310477,5.35,,44.7018201,20176.0,23565.0,1.167971847739889,0.7283537820212285,43.50081677812546
342-U1410C,"342-U1410C-19X-2,22",342,U1410,C,19,X,2,22,167.72,193.29,25.57,,192.74,209.35,1766789,312720,5.65,,44.702498,23446.0,24268.0,1.035059285165913,0.7520484478194386,44.321718474704454
342-U1410C,"342-U1410C-19X-2,24",342,U1410,C,19,X,2,24,167.74,193.31,25.57,,192.76,209.37,1756338,274502,6.4,,44.7029499,17956.0,21038.0,1.171641791044776,0.8061799739838872,46.19710519867178
342-U1410C,"342-U1410C-19X-2,26",342,U1410,C,19,X,2,26,167.76,193.33,25.57,,192.78,209.39,1909822,265930,7.18,,44.7034018,20496.0,21030.0,1.0260538641686183,0.8561244442423003,47.9274313707745
342-U1410C,"342-U1410C-19X-2,28",342,U1410,C,19,X,2,28,167.78,193.35,25.57,,192.81,209.42,1938005,285308,6.79,,44.7040797,21991.0,21432.0,0.9745805102087217,0.8318697742805017,47.08712832994799
342-U1410C,"342-U1410C-19X-2,30",342,U1410,C,19,X,2,30,167.8,193.37,25.57,,192.83,209.44,1899415,254772,7.46,,44.7045316,15181.0,20093.0,1.3235623476714313,0.8727388274726688,48.50303667779062
342-U1410C,"342-U1410C-19X-2,32",342,U1410,C,19,X,2,32,167.82,193.39,25.57,,192.86,209.47,1509144,212870,7.09,,44.7052095,14718.0,16810.0,1.1421388775648866,0.8506462351830665,47.73763881791734
342-U1410C,"342-U1410C-19X-2,34",342,U1410,C,19,X,2,34,167.84,193.41,25.57,,192.88,209.49,1702026,217915,7.81,,44.7056615,16458.0,17749.0,1.0784420950297728,0.8926510338773003,49.19289506867907
342-U1410C,"342-U1410C-19X-2,36",342,U1410,C,19,X,2,36,167.86,193.43,25.57,,192.91,209.52,2172870,286538,7.58,,44.7063394,22691.0,23390.0,1.0308051650434094,0.8796692056320535,48.743139629122496
342-U1410C,"342-U1410C-19X-2,38",342,U1410,C,19,X,2,38,167.88,193.45,25.57,,192.93,209.54,2053669,275367,7.46,,44.7067913,21465.0,22718.0,1.058374097367808,0.8727388274726688,48.50303667779062
342-U1410C,"342-U1410C-19X-2,40",342,U1410,C,19,X,2,40,167.9,193.47,25.57,,192.95,209.56,2116955,265344,7.98,,44.7072432,18413.0,22460.0,1.219790365502634,0.9020028913507294,49.516890170846025
342-U1410C,"342-U1410C-19X-2,42",342,U1410,C,19,X,2,42,167.92,193.49,25.57,,192.98,209.59,2221428,278144,7.99,,44.7079211,21406.0,23356.0,1.091095954405307,0.9025467793139914,49.535733169333234
342-U1410C,"342-U1410C-19X-2,44",342,U1410,C,19,X,2,44,167.94,193.51,25.57,,193.0,209.61,2123385,278559,7.62,,44.708373,17624.0,23236.0,1.3184294144348616,0.8819549713396005,48.82232998206047
342-U1410C,"342-U1410C-19X-2,46",342,U1410,C,19,X,2,46,167.96,193.53,25.57,,193.03,209.64,2009425,288544,6.96,,44.7090509,23482.0,24572.0,1.0464185333446896,0.8426092396105621,47.459197106307926
342-U1410C,"342-U1410C-19X-2,48",342,U1410,C,19,X,2,48,167.98,193.55,25.57,,193.05,209.66,2140157,281840,7.59,,44.7095029,23024.0,23002.0,0.9990444753300903,0.8802417758954804,48.76297632589892
342-U1410C,"342-U1410C-19X-2,50",342,U1410,C,19,X,2,50,168.0,193.57,25.57,,193.08,209.69,2065069,287496,7.18,,44.7101808,18234.0,22633.0,1.2412526050235824,0.8561244442423003,47.9274313707745
342-U1410C,"342-U1410C-19X-2,52",342,U1410,C,19,X,2,52,168.02,193.59,25.57,,193.1,209.71,2023344,283932,7.13,,44.7106327,21291.0,23300.0,1.0943591188765205,0.8530895298518656,47.82228676171789
342-U1410C,"342-U1410C-19X-2,54",342,U1410,C,19,X,2,54,168.04,193.61,25.57,,193.12,209.73,2013878,292878,6.88,,44.7110846,23357.0,23090.0,0.9885687374234705,0.8375884382355113,47.28525144266929
342-U1410C,"342-U1410C-19X-2,56",342,U1410,C,19,X,2,56,168.06,193.63,25.57,,193.15,209.76,2144047,296684,7.23,,44.7117625,22013.0,23423.0,1.0640530595557172,0.8591382972945308,48.03184630976902
342-U1410C,"342-U1410C-19X-2,58",342,U1410,C,19,X,2,58,168.08,193.65,25.57,,193.17,209.78,2384318,250727,9.51,,44.7122145,20296.0,20490.0,1.0095585337012218,0.9781805169374139,52.15606400929671
342-U1410C,"342-U1410C-19X-2,60",342,U1410,C,19,X,2,60,168.1,193.67,25.57,,193.2,209.81,2065472,323591,6.38,,44.7128924,24451.0,27532.0,1.1260071162733631,0.8048206787211624,46.15001241429467
342-U1410C,"342-U1410C-19X-2,62",342,U1410,C,19,X,2,62,168.12,193.69,25.57,,193.22,209.83,2061857,311088,6.63,,44.7133443,23400.0,25958.0,1.1093162393162392,0.8215135284047731,46.72833619158337
342-U1410C,"342-U1410C-19X-2,64",342,U1410,C,19,X,2,64,168.14,193.71,25.57,,193.25,209.86,1884960,346730,5.44,,44.7140222,22388.0,27174.0,1.2137752367339647,0.7355988996981799,43.751823880043446
342-U1410C,"342-U1410C-19X-2,66",342,U1410,C,19,X,2,66,168.16,193.73,25.57,,193.27,209.88,1819254,360867,5.04,,44.7144741,23409.0,28136.0,1.2019308812849758,0.7024305364455253,42.60270593515523
342-U1410C,"342-U1410C-19X-2,68",342,U1410,C,19,X,2,68,168.18,193.75,25.57,,193.29,209.9,1718619,342001,5.03,,44.7149261,20076.0,26283.0,1.309175134488942,0.7015679850559274,42.57282284226261
342-U1410C,"342-U1410C-19X-2,70",342,U1410,C,19,X,2,70,168.2,193.77,25.57,,193.32,209.93,1670123,337126,4.95,,44.7156039,18379.0,24943.0,1.3571467435660265,0.6946051989335688,42.33159711705349
342-U1410C,"342-U1410C-19X-2,72",342,U1410,C,19,X,2,72,168.22,193.79,25.57,,193.34,209.95,1247534,212260,5.88,,44.7160559,9632.0,16225.0,1.6844892026578073,0.7693773260761385,44.92207746190782
342-U1410C,"342-U1410C-19X-2,74",342,U1410,C,19,X,2,74,168.24,193.81,25.57,,193.37,209.98,1052243,207946,5.06,,44.7167338,9326.0,14051.0,1.5066480806347844,0.7041505168397991,42.66229465591484
342-U1410C,"342-U1410C-19X-2,76",342,U1410,C,19,X,2,76,168.26,193.83,25.57,,193.39,210.0,1818014,328428,5.54,,44.7171857,21906.0,24919.0,1.1375422258741896,0.7435097647284298,44.02589579901645
342-U1410C,"342-U1410C-19X-2,78",342,U1410,C,19,X,2,78,168.28,193.85,25.57,,193.42,210.03,1510142,279246,5.41,,44.7178636,18270.0,22296.0,1.2203612479474548,0.7331972651065695,43.6686192496171
342-U1410C,"342-U1410C-19X-2,82",342,U1410,C,19,X,2,82,168.32,193.89,25.57,,193.46,210.07,1225717,388867,3.15,,44.7187675,12425.0,17096.0,1.3759356136820926,0.4983105537896005,35.53096913604071
342-U1410C,"342-U1410C-19X-2,84",342,U1410,C,19,X,2,84,168.34,193.91,25.57,,193.49,210.1,1554197,267354,5.81,,44.7194454,17284.0,20796.0,1.2031937051608423,0.7641761323903307,44.74188210666301
342-U1410C,"342-U1410C-19X-2,86",342,U1410,C,19,X,2,86,168.36,193.93,25.57,,193.51,210.12,1613427,327153,4.93,,44.7198973,16708.0,21487.0,1.2860306440028728,0.69284691927723,42.27068151835964
342-U1410C,"342-U1410C-19X-2,88",342,U1410,C,19,X,2,88,168.38,193.95,25.57,,193.53,210.14,1653692,275111,6.01,,44.7203492,16598.0,22505.0,1.355886251355585,0.7788744720027395,45.25110608253492
342-U1410C,"342-U1410C-19X-2,90",342,U1410,C,19,X,2,90,168.4,193.97,25.57,,193.55,210.16,1760184,256455,6.86,,44.7208011,18717.0,21007.0,1.122348666987231,0.8363241157067517,47.241448988660416
342-U1410C,"342-U1410C-19X-2,92",342,U1410,C,19,X,2,92,168.42,193.99,25.57,,193.58,210.19,1594725,242181,6.58,,44.721479,14412.0,18977.0,1.3167499306133776,0.8182258936139555,46.61443608425549
342-U1410C,"342-U1410C-19X-2,94",342,U1410,C,19,X,2,94,168.44,194.01,25.57,,193.6,210.21,1275968,217034,5.88,,44.721931,8973.0,14658.0,1.6335673687729857,0.7693773260761385,44.92207746190782
342-U1410C,"342-U1410C-19X-2,96",342,U1410,C,19,X,2,96,168.46,194.03,25.57,,193.62,210.23,1351357,195662,6.91,,44.7223829,9415.0,14059.0,1.493255443441317,0.8394780473741984,47.35071695127911
342-U1410C,"342-U1410C-19X-2,98",342,U1410,C,19,X,2,98,168.48,194.05,25.57,,193.64,210.25,514151,78880,6.52,,44.7228348,2313.0,4672.0,2.0198875918720276,0.8142475957319202,46.476607954132376
342-U1410C,"342-U1410C-19X-2,104",342,U1410,C,19,X,2,104,168.54,194.11,25.57,,193.71,210.32,2157379,286773,7.52,,44.7244166,20720.0,21295.0,1.0277509652509653,0.8762178405916422,48.623567087297445
342-U1410C,"342-U1410C-19X-2,106",342,U1410,C,19,X,2,106,168.56,194.13,25.57,,193.73,210.34,1912880,239327,7.99,,44.7248685,16510.0,18635.0,1.128709872804361,0.9025467793139914,49.535733169333234
342-U1410C,"342-U1410C-19X-2,108",342,U1410,C,19,X,2,108,168.58,194.15,25.57,,193.75,210.36,1314859,166516,7.9,,44.7253205,8977.0,11073.0,1.2334855742452935,0.8976270912904415,49.36529057775735
342-U1410C,"342-U1410C-19X-2,110",342,U1410,C,19,X,2,110,168.6,194.17,25.57,,193.78,210.39,1209029,149412,8.09,,44.7259984,6436.0,9064.0,1.408328154133002,0.9079485216122722,49.72287653125717
342-U1410C,"342-U1410C-19X-2,112",342,U1410,C,19,X,2,112,168.62,194.19,25.57,,193.8,210.41,1416143,158912,8.91,,44.7264503,8749.0,11949.0,1.3657560864098754,0.9498777040368748,51.17551305635753
342-U1410C,"342-U1410C-19X-2,114",342,U1410,C,19,X,2,114,168.64,194.21,25.57,,193.82,210.43,1947730,208778,9.33,,44.7269022,13841.0,15963.0,1.1533126219203815,0.9698816437465,51.868549547597496
342-U1410C,"342-U1410C-19X-2,116",342,U1410,C,19,X,2,116,168.66,194.23,25.57,,193.84,210.45,626197,69867,8.96,,44.7273541,2383.0,4349.0,1.8250104909777591,0.9523080096621253,51.25971099474434
342-U1410C,"342-U1410C-19X-2,122",342,U1410,C,19,X,2,122,168.72,194.29,25.57,,193.91,210.52,1494043,156813,9.53,,44.7289359,10627.0,10767.0,1.0131739907782065,0.9790929006383263,52.18767354261482
342-U1410C,"342-U1410C-19X-2,124",342,U1410,C,19,X,2,124,168.74,194.31,25.57,,193.93,210.54,1725081,195707,8.81,,44.7293878,13911.0,16022.0,1.1517504133419596,0.9449759084120479,51.00569034693541
342-U1410C,"342-U1410C-19X-2,126",342,U1410,C,19,X,2,126,168.76,194.33,25.57,,193.95,210.56,2103209,243441,8.64,,44.7298398,16832.0,19623.0,1.165815114068441,0.9365137424788933,50.712518608181256
342-U1410C,"342-U1410C-19X-2,128",342,U1410,C,19,X,2,128,168.78,194.35,25.57,,193.98,210.59,2234441,289560,7.72,,44.7305177,22211.0,23963.0,1.0788798343163297,0.8876173003357362,49.01850137013158
342-U1410C,"342-U1410C-19X-2,130",342,U1410,C,19,X,2,130,168.8,194.37,25.57,,194.0,210.61,2262452,306894,7.37,,44.7309696,23901.0,24978.0,1.0450608761139701,0.8674674878590515,48.32041111687684
342-U1410C,"342-U1410C-19X-2,132",342,U1410,C,19,X,2,132,168.82,194.39,25.57,,194.02,210.63,2149488,336114,6.4,,44.7314215,26207.0,27280.0,1.0409432594345023,0.8061799739838872,46.19710519867178
342-U1410C,"342-U1410C-19X-2,134",342,U1410,C,19,X,2,134,168.84,194.41,25.57,,194.04,210.65,2015096,338617,5.95,,44.7318735,23698.0,27274.0,1.1508988100261626,0.7745169657285496,45.1001402776656
342-U1410C,"342-U1410C-19X-2,136",342,U1410,C,19,X,2,136,168.86,194.43,25.57,,194.07,210.68,1858806,331058,5.61,,44.7325514,24278.0,27006.0,1.1123651042095724,0.7489628612561614,44.214818328219714
342-U1410C,"342-U1410C-19X-2,138",342,U1410,C,19,X,2,138,168.88,194.45,25.57,,194.09,210.7,1728098,332996,5.19,,44.7330033,22469.0,26268.0,1.1690773955227203,0.7151673578484579,43.04397311265983
342-U1410C,"342-U1410C-19X-2,140",342,U1410,C,19,X,2,140,168.9,194.47,25.57,,194.11,210.72,1240565,269813,4.6,,44.7334552,16267.0,21446.0,1.3183746234708305,0.6627578316815741,41.22824507860814
342-U1410C,"342-U1410C-19X-2,144",342,U1410,C,19,X,2,144,168.94,194.51,25.57,,194.16,210.77,1808083,366853,4.93,,44.734585,25502.0,29164.0,1.1435965806603403,0.69284691927723,42.27068151835964
342-U1410C,"342-U1410C-19X-2,146",342,U1410,C,19,X,2,146,168.96,194.53,25.57,,194.18,210.79,1866489,400885,4.66,,44.735037,29252.0,32440.0,1.1089840010939422,0.6683859166900001,41.42323008372506
342-U1410C,"342-U1410C-19X-2,148",342,U1410,C,19,X,2,148,168.98,194.55,25.57,,194.2,210.81,1943740,386996,5.02,,44.7354889,27179.0,29918.0,1.1007763346701498,0.7007037171450193,42.5428802804892
342-U1410C,"342-U1410C-19X-3,2",342,U1410,C,19,X,3,2,169.02,194.59,25.57,,194.24,210.85,1467508,554664,2.65,,44.7363928,25423.0,31327.0,1.232230657278842,0.42324587393680785,32.93035330254071
342-U1410C,"342-U1410C-19X-3,4",342,U1410,C,19,X,3,4,169.04,194.61,25.57,,194.27,210.88,1384452,534987,2.59,,44.7370707,22530.0,30099.0,1.3359520639147804,0.4132997640812518,32.58577032659497
342-U1410C,"342-U1410C-19X-3,6",342,U1410,C,19,X,3,6,169.06,194.63,25.57,,194.29,210.9,1455885,427826,3.4,,44.7375226,22212.0,29207.0,1.3149198631370431,0.5314789170422551,36.68008708092893
342-U1410C,"342-U1410C-19X-3,8",342,U1410,C,19,X,3,8,169.08,194.65,25.57,,194.31,210.92,1386353,554691,2.5,,44.7379745,21124.0,28874.0,1.3668812724862716,0.3979400086720376,32.05363160044274
342-U1410C,"342-U1410C-19X-3,10",342,U1410,C,19,X,3,10,169.1,194.67,25.57,,194.33,210.94,1418334,538492,2.63,,44.7384265,21909.0,29334.0,1.3389018211693824,0.41995574848975786,32.81636690642766
342-U1410C,"342-U1410C-19X-3,12",342,U1410,C,19,X,3,12,169.12,194.69,25.57,,194.36,210.97,1485231,513638,2.89,,44.7391043,21611.0,29225.0,1.3523205774836888,0.4608978427565479,34.2348057623006
342-U1410C,"342-U1410C-19X-3,14",342,U1410,C,19,X,3,14,169.14,194.71,25.57,,194.38,210.99,1730681,388294,4.46,,44.7395563,26170.0,31385.0,1.1992739778372181,0.6493348587121419,40.76320618008216
342-U1410C,"342-U1410C-19X-3,16",342,U1410,C,19,X,3,16,169.16,194.73,25.57,,194.4,211.01,1771034,392728,4.51,,44.7400082,26101.0,31499.0,1.2068119995402475,0.6541765418779605,40.93094629336194
342-U1410C,"342-U1410C-19X-3,18",342,U1410,C,19,X,3,18,169.18,194.75,25.57,,194.42,211.03,1700655,387713,4.39,,44.7404601,20665.0,30379.0,1.4700701669489475,0.6424645202421213,40.525183303788296
342-U1410C,"342-U1410C-19X-3,20",342,U1410,C,19,X,3,20,169.2,194.77,25.57,,194.44,211.05,1867315,394252,4.74,,44.7409121,25712.0,31218.0,1.2141412570006223,0.6757783416740851,41.67934064729868
342-U1410C,"342-U1410C-19X-3,22",342,U1410,C,19,X,3,22,169.22,194.79,25.57,,194.47,211.08,1873747,383605,4.88,,44.74159,23990.0,29326.0,1.222426010837849,0.6884198220027106,42.11730473328391
342-U1410C,"342-U1410C-19X-3,24",342,U1410,C,19,X,3,24,169.24,194.81,25.57,,194.49,211.1,1881885,374860,5.02,,44.7420419,25052.0,29547.0,1.179426792272074,0.7007037171450193,42.5428802804892
342-U1410C,"342-U1410C-19X-3,26",342,U1410,C,19,X,3,26,169.26,194.83,25.57,,194.51,211.12,1801681,413684,4.36,,44.7424938,26221.0,32865.0,1.253384691659357,0.6394864892685861,40.42200942071017
342-U1410C,"342-U1410C-19X-3,28",342,U1410,C,19,X,3,28,169.28,194.85,25.57,,194.53,211.14,1451817,347556,4.18,,44.7429458,18990.0,26545.0,1.3978409689310163,0.6211762817750351,39.78765228209609
342-U1410C,"342-U1410C-19X-3,30",342,U1410,C,19,X,3,30,169.3,194.87,25.57,,194.56,211.17,1240151,301075,4.12,,44.7436237,18280.0,23592.0,1.2905908096280088,0.6148972160331346,39.570114049467946
342-U1410C,"342-U1410C-19X-3,32",342,U1410,C,19,X,3,32,169.32,194.89,25.57,,194.58,211.19,1573580,354098,4.44,,44.7440756,22971.0,27547.0,1.1992076966610075,0.6473829701146199,40.69558299962101
342-U1410C,"342-U1410C-19X-3,34",342,U1410,C,19,X,3,34,169.34,194.91,25.57,,194.6,211.21,1626716,371324,4.38,,44.7445275,24194.0,29350.0,1.2131106886004794,0.6414741105040995,40.49087055841453
342-U1410C,"342-U1410C-19X-3,36",342,U1410,C,19,X,3,36,169.36,194.93,25.57,,194.62,211.23,1684521,378901,4.45,,44.7449795,27014.0,30248.0,1.119715702968831,0.6483600109809317,40.72943258043438
342-U1410C,"342-U1410C-19X-3,38",342,U1410,C,19,X,3,38,169.38,194.95,25.57,,194.65,211.26,1713131,363464,4.71,,44.7456574,23196.0,28844.0,1.243490256940852,0.6730209071288962,41.58380932748061
342-U1410C,"342-U1410C-19X-3,40",342,U1410,C,19,X,3,40,169.4,194.97,25.57,,194.67,211.28,1525606,481894,3.17,,44.7461093,21108.0,27607.0,1.3078927420883077,0.5010592622177514,35.626198139534
342-U1410C,"342-U1410C-19X-3,42",342,U1410,C,19,X,3,42,169.42,194.99,25.57,,194.69,211.3,1682795,420070,4.01,,44.7465612,23870.0,29120.0,1.219941348973607,0.6031443726201823,39.16293678942621
342-U1410C,"342-U1410C-19X-3,44",342,U1410,C,19,X,3,44,169.44,195.01,25.57,,194.71,211.32,272643,61677,4.42,,44.7470132,1220.0,3686.0,3.0213114754098362,0.6454222693490919,40.62765452159929
342-U1410C,"342-U1410C-19X-3,50",342,U1410,C,19,X,3,50,169.5,195.07,25.57,,194.78,211.39,1429000,268847,5.32,,44.7485949,16792.0,21517.0,1.2813839923773225,0.7259116322950482,43.41620850086194
342-U1410C,"342-U1410C-19X-3,52",342,U1410,C,19,X,3,52,169.52,195.09,25.57,,194.8,211.41,1053804,179942,5.86,,44.7490468,8947.0,12543.0,1.4019224321001453,0.7678976160180907,44.87081290694675
342-U1410C,"342-U1410C-19X-3,54",342,U1410,C,19,X,3,54,169.54,195.11,25.57,,194.82,211.43,990908,176611,5.61,,44.7494988,8090.0,12390.0,1.5315203955500618,0.7489628612561614,44.214818328219714
342-U1410C,"342-U1410C-19X-3,56",342,U1410,C,19,X,3,56,169.56,195.13,25.57,,194.85,211.46,1357926,228934,5.93,,44.7501767,14852.0,18487.0,1.2447481820630217,0.7730546933642626,45.04947985160488
342-U1410C,"342-U1410C-19X-3,58",342,U1410,C,19,X,3,58,169.58,195.15,25.57,,194.87,211.48,1764811,273004,6.46,,44.7506286,20423.0,22585.0,1.105861039024629,0.8102325179950841,46.337505585939695
342-U1410C,"342-U1410C-19X-3,60",342,U1410,C,19,X,3,60,169.6,195.17,25.57,,194.89,211.5,1813447,262209,6.92,,44.7510805,19744.0,22638.0,1.1465761750405186,0.8401060944567578,47.372475642454376
342-U1410C,"342-U1410C-19X-3,62",342,U1410,C,19,X,3,62,169.62,195.19,25.57,,194.91,211.52,1682581,241545,6.97,,44.7515325,16586.0,19875.0,1.198299770891113,0.8432327780980095,47.48079959720554
342-U1410C,"342-U1410C-19X-3,64",342,U1410,C,19,X,3,64,169.64,195.21,25.57,,194.94,211.55,1770108,283902,6.23,,44.7522103,19042.0,22282.0,1.1701501943073207,0.7944880466591696,45.79203837650694
342-U1410C,"342-U1410C-19X-3,66",342,U1410,C,19,X,3,66,169.66,195.23,25.57,,194.96,211.57,1782118,240440,7.41,,44.7526623,16452.0,20835.0,1.2664113785557987,0.8698182079793282,48.40185181544383
342-U1410C,"342-U1410C-19X-3,68",342,U1410,C,19,X,3,68,169.68,195.25,25.57,,194.98,211.59,1739303,227099,7.66,,44.7531142,17349.0,20641.0,1.1897515706957174,0.884228769632604,48.90110572392157
342-U1410C,"342-U1410C-19X-3,70",342,U1410,C,19,X,3,70,169.7,195.27,25.57,,195.0,211.61,1662442,243708,6.82,,44.7535661,16398.0,19536.0,1.1913648005854371,0.8337843746564789,47.15345965997371
342-U1410C,"342-U1410C-19X-3,72",342,U1410,C,19,X,3,72,169.72,195.29,25.57,,195.02,211.63,1693406,263477,6.43,,44.7540181,17944.0,20738.0,1.155706642888988,0.8082109729242221,46.26746915695968
342-U1410C,"342-U1410C-19X-3,74",342,U1410,C,19,X,3,74,169.74,195.31,25.57,,195.05,211.66,1758655,288962,6.09,,44.754696,18818.0,22513.0,1.1963545541502816,0.7846172926328754,45.45006610326597
342-U1410C,"342-U1410C-19X-3,76",342,U1410,C,19,X,3,76,169.76,195.33,25.57,,195.07,211.68,1730596,297456,5.82,,44.7551479,15454.0,23085.0,1.4937880160476251,0.7649229846498885,44.76775680319539
342-U1410C,"342-U1410C-19X-3,78",342,U1410,C,19,X,3,78,169.78,195.35,25.57,,195.09,211.7,1629164,311389,5.23,,44.7555998,19164.0,24700.0,1.2888749739094134,0.7185016888672743,43.15949101080672
342-U1410C,"342-U1410C-19X-3,80",342,U1410,C,19,X,3,80,169.8,195.37,25.57,,195.11,211.72,1845032,362906,5.08,,44.7560518,20333.0,28368.0,1.3951704126297153,0.7058637122839193,42.72164831207638
342-U1410C,"342-U1410C-19X-3,82",342,U1410,C,19,X,3,82,169.82,195.39,25.57,,195.14,211.75,1875727,378840,4.95,,44.7567297,23014.0,29847.0,1.2969062309898323,0.6946051989335688,42.33159711705349
342-U1410C,"342-U1410C-19X-3,84",342,U1410,C,19,X,3,84,169.84,195.41,25.57,,195.16,211.77,2075288,317205,6.54,,44.7571816,22641.0,26940.0,1.189876772227375,0.8155777483242672,46.52269109069424
342-U1410C,"342-U1410C-19X-3,86",342,U1410,C,19,X,3,86,169.86,195.43,25.57,,195.18,211.79,1463133,302139,4.84,,44.7576335,18332.0,24628.0,1.3434431595025094,0.6848453616444125,41.99346755417067
342-U1410C,"342-U1410C-19X-3,88",342,U1410,C,19,X,3,88,169.88,195.45,25.57,,195.2,211.81,1179438,273128,4.32,,44.7580855,15308.0,21040.0,1.3744447347792004,0.6354837468149122,40.28333440840264
342-U1410C,"342-U1410C-19X-3,90",342,U1410,C,19,X,3,90,169.9,195.47,25.57,,195.22,211.83,872742,198535,4.4,,44.7585374,8415.0,14478.0,1.7204991087344028,0.6434526764861874,40.55941797686397
342-U1410C,"342-U1410C-19X-3,94",342,U1410,C,19,X,3,94,169.94,195.51,25.57,,195.27,211.88,1366846,313260,4.36,,44.7596672,15166.0,24126.0,1.5907951997890017,0.6394864892685861,40.42200942071017
342-U1410C,"342-U1410C-19X-3,102",342,U1410,C,19,X,3,102,170.02,195.59,25.57,,195.36,211.97,1120989,683975,1.64,,44.7617009,14525.0,27254.0,1.8763511187607573,0.21484384804769785,25.710265115612494
342-U1410C,"342-U1410C-19X-3,104",342,U1410,C,19,X,3,104,170.04,195.61,25.57,,195.38,211.99,909058,385700,2.36,,44.7621528,10804.0,17379.0,1.60857089966679,0.37291200297010657,31.186536342899345
342-U1410C,"342-U1410C-19X-3,108",342,U1410,C,19,X,3,108,170.08,195.65,25.57,,195.43,212.04,1459384,323115,4.52,,44.7632827,19148.0,24801.0,1.2952266555253813,0.6551384348113821,40.96427107404034
342-U1410C,"342-U1410C-19X-3,110",342,U1410,C,19,X,3,110,170.1,195.67,25.57,,195.45,212.06,954332,223685,4.27,,44.7637346,8870.0,14968.0,1.6874859075535513,0.6304278750250238,40.10817373024195
342-U1410C,"342-U1410C-19X-3,112",342,U1410,C,19,X,3,112,170.12,195.69,25.57,,195.47,212.08,1161312,219359,5.29,,44.7641865,8884.0,14990.0,1.6873030166591625,0.7234556720351858,43.33112175765901
342-U1410C,"342-U1410C-19X-3,114",342,U1410,C,19,X,3,114,170.14,195.71,25.57,,195.49,212.1,1282477,300542,4.27,,44.7646385,14679.0,22280.0,1.5178145650248656,0.6304278750250238,40.10817373024195
342-U1410C,"342-U1410C-19X-3,116",342,U1410,C,19,X,3,116,170.16,195.73,25.57,,195.51,212.12,1410262,367971,3.83,,44.7650904,22148.0,28221.0,1.2742008307747879,0.5831987739686227,38.471921524142935
342-U1410C,"342-U1410C-19X-3,118",342,U1410,C,19,X,3,118,170.18,195.75,25.57,,195.54,212.15,1530284,403875,3.79,,44.7657683,21096.0,30575.0,1.449326886613576,0.5786392099680724,38.31395542934387
342-U1410C,"342-U1410C-19X-3,120",342,U1410,C,19,X,3,120,170.2,195.77,25.57,,195.56,212.17,1683905,442034,3.81,,44.7662202,26589.0,34301.0,1.2900447553499568,0.5809249756756193,38.393145782281834
342-U1410C,"342-U1410C-19X-3,122",342,U1410,C,19,X,3,122,170.22,195.79,25.57,,195.58,212.19,1681888,436452,3.85,,44.7666721,24610.0,33851.0,1.3754977651361235,0.5854607295085007,38.55028697382201
342-U1410C,"342-U1410C-19X-3,124",342,U1410,C,19,X,3,124,170.24,195.81,25.57,,195.6,212.21,1709432,375033,4.56,,44.7671241,23599.0,29982.0,1.2704775626085851,0.658964842664435,41.09683697410935
342-U1410C,"342-U1410C-19X-3,126",342,U1410,C,19,X,3,126,170.26,195.83,25.57,,195.63,212.24,1586847,399897,3.97,,44.767802,24450.0,30886.0,1.2632310838445808,0.5987905067631151,39.01209710680813
342-U1410C,"342-U1410C-19X-3,128",342,U1410,C,19,X,3,128,170.28,195.85,25.57,,195.65,212.26,1678082,410912,4.08,,44.7682539,20210.0,30875.0,1.5277090549233052,0.6106601630898799,39.42332135024889
342-U1410C,"342-U1410C-19X-3,130",342,U1410,C,19,X,3,130,170.3,195.87,25.57,,195.67,212.28,1810735,420807,4.3,,44.7687058,26435.0,33385.0,1.2629090221297523,0.6334684555795865,40.213514643554774
342-U1410C,"342-U1410C-19X-3,132",342,U1410,C,19,X,3,132,170.32,195.89,25.57,,195.69,212.3,1803721,404596,4.46,,44.7691578,19971.0,31648.0,1.5846978118271493,0.6493348587121419,40.76320618008216
342-U1410C,"342-U1410C-19X-3,134",342,U1410,C,19,X,3,134,170.34,195.91,25.57,,195.72,212.33,1808126,377013,4.8,,44.7698357,24186.0,30750.0,1.271396675762838,0.6812412373755872,41.868602668877216
342-U1410C,"342-U1410C-20X-2,130",342,U1410,C,20,X,2,130,178.4,204.67,26.27,,205.78,222.39,2240472,342959,6.53,,45.5629572,24427.0,27240.0,1.1151594547017645,0.814913181275074,46.49966716527494
342-U1410C,"342-U1410C-20X-2,132",342,U1410,C,20,X,2,132,178.42,204.69,26.27,,205.82,222.43,2215116,313835,7.06,,45.5636802,22739.0,23883.0,1.05031004001935,0.8488047010518037,47.67383886793974
342-U1410C,"342-U1410C-20X-2,134",342,U1410,C,20,X,2,134,178.44,204.71,26.27,,205.85,222.46,2212010,311098,7.11,,45.5642225,23282.0,23915.0,1.027188385877502,0.8518696007297664,47.78002231728276
342-U1410C,"342-U1410C-20X-2,136",342,U1410,C,20,X,2,136,178.46,204.73,26.27,,205.88,222.49,2275991,332876,6.84,,45.5647648,23405.0,25415.0,1.085879085665456,0.8350561017201162,47.19751864409343
342-U1410C,"342-U1410C-20X-2,138",342,U1410,C,20,X,2,138,178.48,204.75,26.27,,205.92,222.53,2318655,328081,7.07,,45.5654879,23081.0,25170.0,1.0905073437026125,0.8494194137968994,47.69513559099359
342-U1410C,"342-U1410C-20X-2,140",342,U1410,C,20,X,2,140,178.5,204.77,26.27,,205.95,222.56,2302568,325999,7.06,,45.5660302,22795.0,24859.0,1.0905461724062295,0.8488047010518037,47.67383886793974
342-U1410C,"342-U1410C-20X-2,142",342,U1410,C,20,X,2,142,178.52,204.79,26.27,,205.98,222.59,2175680,316465,6.87,,45.5665725,19400.0,24226.0,1.248762886597938,0.8369567370595504,47.26336615542813
342-U1410C,"342-U1410C-20X-2,144",342,U1410,C,20,X,2,144,178.54,204.81,26.27,,206.01,222.62,1544287,205178,7.53,,45.5671148,12001.0,15738.0,1.3113907174402133,0.8767949762007006,48.64356195047327
342-U1410C,"342-U1410C-20X-2,146",342,U1410,C,20,X,2,146,178.56,204.83,26.27,,206.05,222.66,1917255,257861,7.44,,45.5678378,17949.0,20204.0,1.125633740041228,0.8715729355458788,48.462644351986974
342-U1410C,"342-U1410C-20X-2,148",342,U1410,C,20,X,2,148,178.58,204.85,26.27,,206.08,222.69,2166039,275731,7.86,,45.5683801,20439.0,21357.0,1.0449141347424042,0.895422546039408,49.28891410753529
342-U1410C,"342-U1410C-20X-2,150",342,U1410,C,20,X,2,150,178.6,204.87,26.27,,206.11,222.72,1460860,174981,8.35,,45.5689224,12853.0,14925.0,1.161207500194507,0.921686475483602,50.198827943129395
342-U1410C,"342-U1410C-20X-3,2",342,U1410,C,20,X,3,2,178.62,204.89,26.27,,206.15,222.76,2523087,337458,7.48,,45.5696455,26959.0,26780.0,0.9933602878445046,0.8739015978644614,48.54332085801427
342-U1410C,"342-U1410C-20X-3,4",342,U1410,C,20,X,3,4,178.64,204.91,26.27,,206.18,222.79,1999779,290037,6.89,,45.5701878,19866.0,23590.0,1.1874559548978154,0.8382192219076258,47.307104942989696
342-U1410C,"342-U1410C-20X-3,6",342,U1410,C,20,X,3,6,178.66,204.93,26.27,,206.21,222.82,1804606,260893,6.92,,45.5707301,19960.0,21736.0,1.0889779559118236,0.8401060944567578,47.372475642454376
342-U1410C,"342-U1410C-20X-3,8",342,U1410,C,20,X,3,8,178.68,204.95,26.27,,206.24,222.85,1854370,283324,6.55,,45.5712724,20427.0,24272.0,1.1882312625446714,0.8162412999917831,46.54567983821533
342-U1410C,"342-U1410C-20X-3,10",342,U1410,C,20,X,3,10,178.7,204.97,26.27,,206.28,222.89,1938653,306088,6.33,,45.5719954,20965.0,26051.0,1.2425948008585739,0.8014037100173551,46.03163153355127
342-U1410C,"342-U1410C-20X-3,12",342,U1410,C,20,X,3,12,178.72,204.99,26.27,,206.31,222.92,2042771,354119,5.77,,45.5725377,27935.0,31180.0,1.1161625201360301,0.7611758131557314,44.63793604678031
342-U1410C,"342-U1410C-20X-3,14",342,U1410,C,20,X,3,14,178.74,205.01,26.27,,206.34,222.95,1981401,344534,5.75,,45.57308,22868.0,29896.0,1.30732901871611,0.7596678446896304,44.585692479272254
342-U1410C,"342-U1410C-20X-3,16",342,U1410,C,20,X,3,16,178.76,205.03,26.27,,206.37,222.98,1925575,341503,5.64,,45.5736223,26060.0,29075.0,1.1156945510360705,0.7512791039833423,44.2950645575029
342-U1410C,"342-U1410C-20X-3,18",342,U1410,C,20,X,3,18,178.78,205.05,26.27,,206.41,223.02,1715484,338516,5.07,,45.5743454,22841.0,26019.0,1.1391357646337725,0.705007959333336,42.69200075110343
342-U1410C,"342-U1410C-20X-3,20",342,U1410,C,20,X,3,20,178.8,205.07,26.27,,206.44,223.05,1554260,523794,2.97,,45.5748877,22184.0,28139.0,1.2684367111431663,0.4727564493172124,34.64564718659483
342-U1410C,"342-U1410C-20X-3,22",342,U1410,C,20,X,3,22,178.82,205.09,26.27,,206.47,223.08,1619456,520640,3.11,,45.57543,20689.0,26457.0,1.278795495190681,0.4927603890268375,35.33868367783479
342-U1410C,"342-U1410C-20X-3,24",342,U1410,C,20,X,3,24,178.84,205.11,26.27,,206.5,223.11,1739319,526541,3.3,,45.5759723,24347.0,27403.0,1.1255185443791842,0.5185139398778874,36.23091544706941
342-U1410C,"342-U1410C-20X-3,26",342,U1410,C,20,X,3,26,178.86,205.13,26.27,,206.53,223.14,2120654,379116,5.59,,45.5765146,27279.0,31378.0,1.1502621063821987,0.7474118078864233,44.161082084225136
342-U1410C,"342-U1410C-20X-3,28",342,U1410,C,20,X,3,28,178.88,205.15,26.27,,206.56,223.17,2198593,328684,6.69,,45.5770569,27145.0,30251.0,1.1144225455885062,0.8254261177678232,46.863887850066234
342-U1410C,"342-U1410C-20X-3,30",342,U1410,C,20,X,3,30,178.9,205.17,26.27,,206.58,223.19,2248511,316318,7.11,,45.5774184,26286.0,28647.0,1.0898196758730883,0.8518696007297664,47.78002231728276
342-U1410C,"342-U1410C-20X-3,32",342,U1410,C,20,X,3,32,178.92,205.19,26.27,,206.61,223.22,2239674,322922,6.94,,45.5779607,26266.0,29628.0,1.1279981725424504,0.8413594704548549,47.41589885390845
342-U1410C,"342-U1410C-20X-3,34",342,U1410,C,20,X,3,34,178.94,205.21,26.27,,206.64,223.25,2232892,330025,6.77,,45.578503,24571.0,29604.0,1.2048349680517683,0.8305886686851442,47.042744426596826
342-U1410C,"342-U1410C-20X-3,36",342,U1410,C,20,X,3,36,178.96,205.23,26.27,,206.66,223.27,2300358,318006,7.23,,45.5788645,28315.0,29856.0,1.05442345046795,0.8591382972945308,48.03184630976902
342-U1410C,"342-U1410C-20X-3,38",342,U1410,C,20,X,3,38,178.98,205.25,26.27,,206.69,223.3,2253948,319177,7.06,,45.5794068,24194.0,28718.0,1.1869885095478219,0.8488047010518037,47.67383886793974
342-U1410C,"342-U1410C-20X-3,40",342,U1410,C,20,X,3,40,179.0,205.27,26.27,,206.72,223.33,1664761,241679,6.89,,45.5799491,19503.0,22283.0,1.1425421729990257,0.8382192219076258,47.307104942989696
342-U1410C,"342-U1410C-20X-3,42",342,U1410,C,20,X,3,42,179.02,205.29,26.27,,206.74,223.35,2101314,287840,7.3,,45.5803106,21638.0,25856.0,1.1949348368610777,0.8633228601204559,48.1768204888732
342-U1410C,"342-U1410C-20X-3,44",342,U1410,C,20,X,3,44,179.04,205.31,26.27,,206.77,223.38,2161255,321995,6.71,,45.5808529,22336.0,27613.0,1.2362553724928367,0.8267225201689921,46.90880171125473
342-U1410C,"342-U1410C-20X-3,46",342,U1410,C,20,X,3,46,179.06,205.33,26.27,,206.8,223.41,2138684,336810,6.35,,45.5813952,28442.0,30981.0,1.0892693903382322,0.8027737252919757,46.0790957127405
342-U1410C,"342-U1410C-20X-3,48",342,U1410,C,20,X,3,48,179.08,205.35,26.27,,206.83,223.44,2119779,365196,5.8,,45.5819375,23375.0,28763.0,1.2305026737967915,0.7634279935629372,44.71596283698796
342-U1410C,"342-U1410C-20X-3,50",342,U1410,C,20,X,3,50,179.1,205.37,26.27,,206.85,223.46,2170735,345807,6.28,,45.5822991,20663.0,27282.0,1.3203310264724386,0.7979596437371962,45.912311857275164
342-U1410C,"342-U1410C-20X-3,52",342,U1410,C,20,X,3,52,179.12,205.39,26.27,,206.88,223.49,1874685,475006,3.95,,45.5828414,25203.0,25456.0,1.010038487481649,0.5965970956264602,38.93610637797872
342-U1410C,"342-U1410C-20X-3,54",342,U1410,C,20,X,3,54,179.14,205.41,26.27,,206.91,223.52,2187561,297535,7.35,,45.5833836,25241.0,27105.0,1.073848104274791,0.8662873390841949,48.27952486257193
342-U1410C,"342-U1410C-20X-3,56",342,U1410,C,20,X,3,56,179.16,205.43,26.27,,206.93,223.54,2238738,305634,7.32,,45.5837452,28397.0,27557.0,0.9704194105011092,0.8645110810583919,48.217986403267986
342-U1410C,"342-U1410C-20X-3,58",342,U1410,C,20,X,3,58,179.18,205.45,26.27,,206.96,223.57,2220612,338857,6.55,,45.5842875,21124.0,27693.0,1.3109733005112667,0.8162412999917831,46.54567983821533
342-U1410C,"342-U1410C-20X-3,60",342,U1410,C,20,X,3,60,179.2,205.47,26.27,,206.99,223.6,2248353,381154,5.9,,45.5848298,21956.0,26269.0,1.1964383312078704,0.7708520116421442,44.97316794334209
342-U1410C,"342-U1410C-20X-3,62",342,U1410,C,20,X,3,62,179.22,205.49,26.27,,207.02,223.63,2490364,308172,8.08,,45.5853721,26997.0,27227.0,1.0085194651257547,0.9074113607745862,49.704266594035545
342-U1410C,"342-U1410C-20X-3,64",342,U1410,C,20,X,3,64,179.24,205.51,26.27,,207.04,223.65,2431519,298653,8.14,,45.5857336,24551.0,27784.0,1.1316850637448577,0.9106244048892013,49.81558250738638
342-U1410C,"342-U1410C-20X-3,66",342,U1410,C,20,X,3,66,179.26,205.53,26.27,,207.07,223.68,2456768,296873,8.28,,45.5862759,26583.0,27192.0,1.022909378174021,0.9180303367848801,50.07216101791217
342-U1410C,"342-U1410C-20X-3,68",342,U1410,C,20,X,3,68,179.28,205.55,26.27,,207.1,223.71,2419116,280726,8.62,,45.5868182,25943.0,25127.0,0.968546428709093,0.9355072658247128,50.67764922449717
342-U1410C,"342-U1410C-20X-3,70",342,U1410,C,20,X,3,70,179.3,205.57,26.27,,207.12,223.73,2398787,274580,8.74,,45.5871797,23285.0,24719.0,1.0615847111874597,0.9415114326344031,50.88566358361889
342-U1410C,"342-U1410C-20X-3,72",342,U1410,C,20,X,3,72,179.32,205.59,26.27,,207.15,223.76,2334419,278279,8.39,,45.587722,25194.0,25064.0,0.9948400412796697,0.9237619608287003,50.27073313291032
342-U1410C,"342-U1410C-20X-3,74",342,U1410,C,20,X,3,74,179.34,205.61,26.27,,207.18,223.79,2245253,273339,8.21,,45.5882643,21908.0,24668.0,1.125981376666058,0.9143431571194408,49.944418678403025
342-U1410C,"342-U1410C-20X-3,76",342,U1410,C,20,X,3,76,179.36,205.63,26.27,,207.2,223.81,2387287,288252,8.28,,45.5886258,26055.0,25747.0,0.9881788524275571,0.9180303367848801,50.07216101791217
342-U1410C,"342-U1410C-20X-3,78",342,U1410,C,20,X,3,78,179.38,205.65,26.27,,207.23,223.84,2418447,282927,8.55,,45.5891681,21073.0,24505.0,1.1628624305983961,0.9319661147281727,50.55496604475755
342-U1410C,"342-U1410C-20X-3,80",342,U1410,C,20,X,3,80,179.4,205.67,26.27,,207.26,223.87,2411897,328191,7.35,,45.5897104,20073.0,24675.0,1.2292631893588402,0.8662873390841949,48.27952486257193
342-U1410C,"342-U1410C-20X-3,82",342,U1410,C,20,X,3,82,179.42,205.69,26.27,,207.29,223.9,2474363,333407,7.42,,45.5902527,25428.0,26282.0,1.0335850243825704,0.8704039052790271,48.4221432983919
342-U1410C,"342-U1410C-20X-3,84",342,U1410,C,20,X,3,84,179.44,205.71,26.27,,207.31,223.92,2483573,339454,7.32,,45.5906143,26272.0,25483.0,0.9699680267965896,0.8645110810583919,48.217986403267986
342-U1410C,"342-U1410C-20X-3,86",342,U1410,C,20,X,3,86,179.46,205.73,26.27,,207.34,223.95,2506613,282644,8.87,,45.5911566,23158.0,24632.0,1.0636497106831333,0.9479236198317263,51.107813809070166
342-U1410C,"342-U1410C-20X-3,88",342,U1410,C,20,X,3,88,179.48,205.75,26.27,,207.37,223.98,2447107,276696,8.84,,45.5916988,25094.0,25736.0,1.0255838048936001,0.9464522650130731,51.056838721377915
342-U1410C,"342-U1410C-20X-3,90",342,U1410,C,20,X,3,90,179.5,205.77,26.27,,207.39,224.0,2503680,246184,10.17,,45.5920604,22806.0,23016.0,1.0092081031307552,1.0073209529227445,53.16563441400848
342-U1410C,"342-U1410C-20X-3,92",342,U1410,C,20,X,3,92,179.52,205.79,26.27,,207.42,224.03,2601077,287257,9.05,,45.5926027,26697.0,25877.0,0.9692849383825898,0.9566485792052033,51.410090026564276
342-U1410C,"342-U1410C-20X-3,94",342,U1410,C,20,X,3,94,179.54,205.81,26.27,,207.45,224.06,2587555,291579,8.87,,45.593145,25114.0,25649.0,1.0213028589631281,0.9479236198317263,51.107813809070166
342-U1410C,"342-U1410C-20X-3,96",342,U1410,C,20,X,3,96,179.56,205.83,26.27,,207.48,224.09,2524251,297856,8.47,,45.5936873,22032.0,24749.0,1.1233206245461147,0.927883410330707,50.41352075090735
342-U1410C,"342-U1410C-20X-3,98",342,U1410,C,20,X,3,98,179.58,205.85,26.27,,207.5,224.11,2538526,287031,8.84,,45.5940488,24898.0,24817.0,0.9967467266447104,0.9464522650130731,51.056838721377915
342-U1410C,"342-U1410C-20X-3,100",342,U1410,C,20,X,3,100,179.6,205.87,26.27,,207.53,224.14,2551772,290953,8.77,,45.5945911,23626.0,25038.0,1.0597646660458817,0.9429995933660404,50.93722091216647
342-U1410C,"342-U1410C-20X-3,102",342,U1410,C,20,X,3,102,179.62,205.89,26.27,,207.56,224.17,2498808,283385,8.82,,45.5951334,24224.0,24898.0,1.027823645970938,0.9454685851318197,51.0227591318919
342-U1410C,"342-U1410C-20X-3,104",342,U1410,C,20,X,3,104,179.64,205.91,26.27,,207.58,224.19,2490223,282649,8.81,,45.5954949,24808.0,24371.0,0.9823847146081909,0.9449759084120479,51.00569034693541
342-U1410C,"342-U1410C-20X-3,106",342,U1410,C,20,X,3,106,179.66,205.93,26.27,,207.61,224.22,2548335,278685,9.14,,45.5960372,22375.0,24322.0,1.0870167597765363,0.9609461957338314,51.55898095119859
342-U1410C,"342-U1410C-20X-3,108",342,U1410,C,20,X,3,108,179.68,205.95,26.27,,207.64,224.25,2649344,275219,9.63,,45.5965795,24668.0,23204.0,0.940651856656397,0.9836262871245346,52.34473271742951
342-U1410C,"342-U1410C-20X-3,110",342,U1410,C,20,X,3,110,179.7,205.97,26.27,,207.66,224.27,2697329,279303,9.66,,45.596941,25843.0,24188.0,0.9359594474325736,0.9849771264154934,52.39153254466477
342-U1410C,"342-U1410C-20X-3,112",342,U1410,C,20,X,3,112,179.72,205.99,26.27,,207.69,224.3,2689396,281537,9.55,,45.5974833,20903.0,23549.0,1.1265847007606564,0.9800033715837464,52.219216808518894
342-U1410C,"342-U1410C-20X-3,114",342,U1410,C,20,X,3,114,179.74,206.01,26.27,,207.72,224.33,2643407,283693,9.32,,45.5980256,21608.0,23587.0,1.0915864494631617,0.9694159123539814,51.85241428350369
342-U1410C,"342-U1410C-20X-3,116",342,U1410,C,20,X,3,116,179.76,206.03,26.27,,207.75,224.36,2604409,277726,9.38,,45.5985679,24412.0,24257.0,0.9936506636080616,0.9722028383790645,51.94896733564269
342-U1410C,"342-U1410C-20X-3,118",342,U1410,C,20,X,3,118,179.78,206.05,26.27,,207.77,224.38,2539537,290295,8.75,,45.5989294,26295.0,24621.0,0.9363377067883628,0.9420080530223133,50.90286899695805
342-U1410C,"342-U1410C-20X-3,120",342,U1410,C,20,X,3,120,179.8,206.07,26.27,,207.8,224.41,2569970,288164,8.92,,45.5994717,26202.0,24434.0,0.9325242347912374,0.9503648543761231,51.19239037986078
342-U1410C,"342-U1410C-20X-3,122",342,U1410,C,20,X,3,122,179.82,206.09,26.27,,207.83,224.44,2471036,288838,8.56,,45.600014,22408.0,25255.0,1.1270528382720457,0.9324737646771533,50.57255357723997
342-U1410C,"342-U1410C-20X-3,124",342,U1410,C,20,X,3,124,179.84,206.11,26.27,,207.85,224.46,2404473,300758,7.99,,45.6003756,24333.0,25404.0,1.0440143015657748,0.9025467793139914,49.535733169333234
342-U1410C,"342-U1410C-20X-3,126",342,U1410,C,20,X,3,126,179.86,206.13,26.27,,207.88,224.49,2366741,313565,7.55,,45.6009179,28392.0,27329.0,0.9625598760214145,0.8779469516291882,48.68347213919323
342-U1410C,"342-U1410C-20X-3,128",342,U1410,C,20,X,3,128,179.88,206.15,26.27,,207.91,224.52,2264026,322007,7.03,,45.6014602,23640.0,27710.0,1.172165820642978,0.846955325019824,47.60976723531181
342-U1410C,"342-U1410C-20X-3,130",342,U1410,C,20,X,3,130,179.9,206.17,26.27,,207.94,224.55,2130904,341049,6.25,,45.6020025,28449.0,29295.0,1.0297374248655489,0.7958800173440752,45.84026320088549
342-U1410C,"342-U1410C-20X-3,132",342,U1410,C,20,X,3,132,179.92,206.19,26.27,,207.96,224.57,1999181,340131,5.88,,45.602364,26929.0,29654.0,1.1011920234691226,0.7693773260761385,44.92207746190782
342-U1410C,"342-U1410C-20X-3,134",342,U1410,C,20,X,3,134,179.94,206.21,26.27,,207.99,224.6,1872244,337213,5.55,,45.6029063,25101.0,28395.0,1.1312298314808176,0.7442929831226762,44.053030400285124
342-U1410C,"342-U1410C-20X-3,136",342,U1410,C,20,X,3,136,179.96,206.23,26.27,,208.02,224.63,1810163,322258,5.62,,45.6034486,26784.0,27554.0,1.0287485065710873,0.7497363155690611,44.24161465289012
342-U1410C,"342-U1410C-20X-3,138",342,U1410,C,20,X,3,138,179.98,206.25,26.27,,208.04,224.65,1723096,293239,5.88,,45.6038101,21223.0,24746.0,1.1659991518635442,0.7693773260761385,44.92207746190782
342-U1410C,"342-U1410C-20X-3,140",342,U1410,C,20,X,3,140,180.0,206.27,26.27,,208.07,224.68,1550420,267352,5.8,,45.6043524,19599.0,22501.0,1.1480687790193378,0.7634279935629372,44.71596283698796
342-U1410C,"342-U1410C-20X-3,142",342,U1410,C,20,X,3,142,180.02,206.29,26.27,,208.1,224.71,1540521,256919,6.0,,45.6048947,15871.0,20556.0,1.2951924894461597,0.7781512503836436,45.22605006954134
342-U1410C,"342-U1410C-20X-3,144",342,U1410,C,20,X,3,144,180.04,206.31,26.27,,208.12,224.73,1564430,375044,4.17,,45.6052562,21459.0,22527.0,1.049769327554872,0.6201360549737575,39.75161362456583
342-U1410C,"342-U1410C-20X-3,146",342,U1410,C,20,X,3,146,180.06,206.33,26.27,,208.15,224.76,1798782,472699,3.81,,45.6057985,20576.0,25058.0,1.2178265940902022,0.5809249756756193,38.393145782281834
342-U1410C,"342-U1410C-20X-3,148",342,U1410,C,20,X,3,148,180.08,206.35,26.27,,208.18,224.79,1851363,291712,6.35,,45.6063408,21044.0,23909.0,1.136143318760692,0.8027737252919757,46.0790957127405
342-U1410C,"342-U1410C-20X-3,150",342,U1410,C,20,X,3,150,180.1,206.37,26.27,,208.21,224.82,2295614,330851,6.94,,45.6068831,26061.0,26605.0,1.0208741030658839,0.8413594704548549,47.41589885390845
342-U1410C,"342-U1410C-20X-4,2",342,U1410,C,20,X,4,2,180.12,206.39,26.27,,208.23,224.84,2379281,317705,7.49,,45.6072446,27325.0,26729.0,0.9781884720951509,0.8744818176994665,48.56342257419802
342-U1410C,"342-U1410C-20X-4,4",342,U1410,C,20,X,4,4,180.14,206.41,26.27,,208.25,224.86,2286324,330366,6.92,,45.6076062,23715.0,27619.0,1.1646215475437487,0.8401060944567578,47.372475642454376
342-U1410C,"342-U1410C-20X-4,6",342,U1410,C,20,X,4,6,180.16,206.43,26.27,,208.27,224.88,2361056,323488,7.3,,45.6079677,24559.0,26484.0,1.0783826703041655,0.8633228601204559,48.1768204888732
342-U1410C,"342-U1410C-20X-4,8",342,U1410,C,20,X,4,8,180.18,206.45,26.27,,208.3,224.91,2363915,333984,7.08,,45.60851,28021.0,27222.0,0.9714856714606902,0.850033257689769,47.71640221266205
342-U1410C,"342-U1410C-20X-4,10",342,U1410,C,20,X,4,10,180.2,206.47,26.27,,208.32,224.93,2344784,329876,7.11,,45.6088715,25893.0,27881.0,1.0767775074344417,0.8518696007297664,47.78002231728276
342-U1410C,"342-U1410C-20X-4,12",342,U1410,C,20,X,4,12,180.22,206.49,26.27,,208.34,224.95,2254587,343081,6.57,,45.6092331,25831.0,28072.0,1.0867562231427355,0.8175653695597808,46.591552228398605
342-U1410C,"342-U1410C-20X-4,14",342,U1410,C,20,X,4,14,180.24,206.51,26.27,,208.36,224.97,2383474,351270,6.79,,45.6095946,29446.0,29319.0,0.9956870203083611,0.8318697742805017,47.08712832994799
342-U1410C,"342-U1410C-20X-4,16",342,U1410,C,20,X,4,16,180.26,206.53,26.27,,208.38,224.99,2282083,343937,6.64,,45.6099561,24300.0,28024.0,1.1532510288065843,0.8221680793680175,46.75101310970497
342-U1410C,"342-U1410C-20X-4,18",342,U1410,C,20,X,4,18,180.28,206.55,26.27,,208.41,225.02,2394573,339487,7.05,,45.6104984,28385.0,28563.0,1.006270917738242,0.8481891169913987,47.65251195816701
342-U1410C,"342-U1410C-20X-4,20",342,U1410,C,20,X,4,20,180.3,206.57,26.27,,208.43,225.04,2314581,329238,7.03,,45.6108599,21329.0,25006.0,1.1723943926109992,0.846955325019824,47.60976723531181
342-U1410C,"342-U1410C-20X-4,22",342,U1410,C,20,X,4,22,180.32,206.59,26.27,,208.45,225.06,2154385,410396,5.25,,45.6112215,22089.0,25548.0,1.1565937797093575,0.7201593034059569,43.21691906649938
342-U1410C,"342-U1410C-20X-4,24",342,U1410,C,20,X,4,24,180.34,206.61,26.27,,208.47,225.08,2409969,339004,7.11,,45.611583,27392.0,26807.0,0.9786433995327103,0.8518696007297664,47.78002231728276
342-U1410C,"342-U1410C-20X-4,26",342,U1410,C,20,X,4,26,180.36,206.63,26.27,,208.5,225.11,2360723,336746,7.01,,45.6121253,25638.0,27516.0,1.073250643575942,0.8457180179666587,47.5669007324549
342-U1410C,"342-U1410C-20X-4,28",342,U1410,C,20,X,4,28,180.38,206.65,26.27,,208.52,225.13,2416664,325777,7.42,,45.6124868,24087.0,26183.0,1.0870178934695063,0.8704039052790271,48.4221432983919
342-U1410C,"342-U1410C-20X-4,30",342,U1410,C,20,X,4,30,180.4,206.67,26.27,,208.54,225.15,2424553,318573,7.61,,45.6128484,25949.0,25983.0,1.001310262437859,0.8813846567705729,48.802571433816496
342-U1410C,"342-U1410C-20X-4,32",342,U1410,C,20,X,4,32,180.42,206.69,26.27,,208.56,225.17,2443290,313791,7.79,,45.6132099,26212.0,24843.0,0.9477720128185564,0.8915374576725644,49.154315221066
342-U1410C,"342-U1410C-20X-4,34",342,U1410,C,20,X,4,34,180.44,206.71,26.27,,208.58,225.19,2457333,307815,7.98,,45.6135714,22535.0,24239.0,1.0756157088972709,0.9020028913507294,49.516890170846025
342-U1410C,"342-U1410C-20X-4,36",342,U1410,C,20,X,4,36,180.46,206.73,26.27,,208.61,225.22,2434056,318128,7.65,,45.6141137,24770.0,24974.0,1.0082357690754946,0.8836614351536176,48.88145042089708
342-U1410C,"342-U1410C-20X-4,38",342,U1410,C,20,X,4,38,180.48,206.75,26.27,,208.63,225.24,2514975,288035,8.73,,45.6144752,22892.0,22662.0,0.9899528219465316,0.9410142437055697,50.86843847317947
342-U1410C,"342-U1410C-20X-4,40",342,U1410,C,20,X,4,40,180.5,206.77,26.27,,208.65,225.26,2323109,287186,8.09,,45.6148368,23678.0,23959.0,1.0118675563814512,0.9079485216122722,49.72287653125717
342-U1410C,"342-U1410C-20X-4,42",342,U1410,C,20,X,4,42,180.52,206.79,26.27,,208.67,225.28,2443362,271566,9.0,,45.6151983,22161.0,21700.0,0.9791976896349442,0.9542425094393249,51.326731739525414
342-U1410C,"342-U1410C-20X-4,44",342,U1410,C,20,X,4,44,180.54,206.81,26.27,,208.7,225.31,2447394,281410,8.7,,45.6157406,23301.0,22472.0,0.9644221278056736,0.9395192526186185,50.81664450697204
342-U1410C,"342-U1410C-20X-4,46",342,U1410,C,20,X,4,46,180.56,206.83,26.27,,208.72,225.33,2294709,293008,7.83,,45.6161021,21874.0,22173.0,1.0136691963061168,0.8937617620579434,49.231376246497454
342-U1410C,"342-U1410C-20X-4,48",342,U1410,C,20,X,4,48,180.58,206.85,26.27,,208.74,225.35,2291653,301130,7.61,,45.6164637,21369.0,21929.0,1.0262061865318919,0.8813846567705729,48.802571433816496
342-U1410C,"342-U1410C-20X-4,50",342,U1410,C,20,X,4,50,180.6,206.87,26.27,,208.76,225.37,2293414,311372,7.37,,45.6168252,23075.0,22533.0,0.9765113759479956,0.8674674878590515,48.32041111687684
342-U1410C,"342-U1410C-20X-4,52",342,U1410,C,20,X,4,52,180.62,206.89,26.27,,208.78,225.39,2256612,301487,7.48,,45.6171867,21467.0,21551.0,1.0039129827176596,0.8739015978644614,48.54332085801427
342-U1410C,"342-U1410C-20X-4,54",342,U1410,C,20,X,4,54,180.64,206.91,26.27,,208.81,225.42,2197600,297997,7.37,,45.617729,21058.0,21749.0,1.032814132396239,0.8674674878590515,48.32041111687684
342-U1410C,"342-U1410C-20X-4,56",342,U1410,C,20,X,4,56,180.66,206.93,26.27,,208.83,225.44,2085397,288763,7.22,,45.6180906,19670.0,20841.0,1.0595322826639553,0.8585371975696391,48.01102120980015
342-U1410C,"342-U1410C-20X-4,58",342,U1410,C,20,X,4,58,180.68,206.95,26.27,,208.85,225.46,1880813,295668,6.36,,45.6184521,19496.0,20877.0,1.0708350430857612,0.8034571156484139,46.102771771639304
342-U1410C,"342-U1410C-20X-4,60",342,U1410,C,20,X,4,60,180.7,206.97,26.27,,208.87,225.48,1725116,295415,5.84,,45.6188136,20365.0,20802.0,1.021458384483182,0.7664128471123994,44.819373088209076
342-U1410C,"342-U1410C-20X-4,68",342,U1410,C,20,X,4,68,180.78,207.05,26.27,,208.96,225.57,1917622,360681,5.32,,45.6204405,23862.0,27862.0,1.1676305422848043,0.7259116322950482,43.41620850086194
342-U1410C,"342-U1410C-20X-4,70",342,U1410,C,20,X,4,70,180.8,207.07,26.27,,208.99,225.6,1787649,308576,5.79,,45.6209828,23597.0,25306.0,1.0724244607365343,0.7626785637274363,44.689998840337026
342-U1410C,"342-U1410C-20X-4,72",342,U1410,C,20,X,4,72,180.82,207.09,26.27,,209.01,225.62,1592467,274058,5.81,,45.6213443,20299.0,22612.0,1.1139464998275777,0.7641761323903307,44.74188210666301
342-U1410C,"342-U1410C-20X-4,74",342,U1410,C,20,X,4,74,180.84,207.11,26.27,,209.03,225.64,1692223,265245,6.38,,45.6217059,20459.0,21794.0,1.0652524561317758,0.8048206787211624,46.15001241429467
342-U1410C,"342-U1410C-20X-4,82",342,U1410,C,20,X,4,82,180.92,207.19,26.27,,209.12,225.73,1867043,302368,6.17,,45.6233328,20930.0,23687.0,1.1317247969421882,0.7902851640332417,45.64642950793166
342-U1410C,"342-U1410C-20X-4,84",342,U1410,C,20,X,4,84,180.94,207.21,26.27,,209.14,225.75,1723988,254496,6.77,,45.6236943,17652.0,19500.0,1.10469068660775,0.8305886686851442,47.042744426596826
342-U1410C,"342-U1410C-20X-4,86",342,U1410,C,20,X,4,86,180.96,207.23,26.27,,209.16,225.77,1750120,249128,7.02,,45.6240558,14692.0,18971.0,1.2912469371086306,0.8463371121298052,47.58834924973711
342-U1410C,"342-U1410C-20X-4,88",342,U1410,C,20,X,4,88,180.98,207.25,26.27,,209.19,225.8,1863013,261307,7.13,,45.6245981,18285.0,20182.0,1.1037462400875033,0.8530895298518656,47.82228676171789
342-U1410C,"342-U1410C-20X-4,90",342,U1410,C,20,X,4,90,181.0,207.27,26.27,,209.21,225.82,2000212,346618,5.77,,45.6249596,16310.0,22034.0,1.3509503372164315,0.7611758131557314,44.63793604678031
342-U1410C,"342-U1410C-20X-4,92",342,U1410,C,20,X,4,92,181.02,207.29,26.27,,209.24,225.85,1956623,438451,4.46,,45.6255019,15827.0,21903.0,1.3839009287925697,0.6493348587121419,40.76320618008216
342-U1410C,"342-U1410C-20X-4,94",342,U1410,C,20,X,4,94,181.04,207.31,26.27,,209.28,225.89,1803900,510519,3.53,,45.626225,18242.0,22304.0,1.2226729525271351,0.5477747053878226,37.24465466816112
342-U1410C,"342-U1410C-20X-4,96",342,U1410,C,20,X,4,96,181.06,207.33,26.27,,209.32,225.93,1967583,396024,4.97,,45.6269481,19850.0,23709.0,1.1944080604534004,0.696356388733332,42.39226708766629
342-U1410C,"342-U1410C-20X-4,98",342,U1410,C,20,X,4,98,181.08,207.35,26.27,,209.36,225.97,1962717,361928,5.42,,45.6276711,18108.0,23713.0,1.3095316986967087,0.7339992865383869,43.69640528212241
342-U1410C,"342-U1410C-20X-4,100",342,U1410,C,20,X,4,100,181.1,207.37,26.27,,209.4,226.01,2159142,310454,6.95,,45.6283942,20578.0,24318.0,1.1817474973272426,0.8419848045901139,47.4375635550245
342-U1410C,"342-U1410C-20X-4,102",342,U1410,C,20,X,4,102,181.12,207.39,26.27,,209.44,226.05,2240599,334063,6.71,,45.6291172,23582.0,24575.0,1.0421083877533712,0.8267225201689921,46.90880171125473
342-U1410C,"342-U1410C-20X-4,104",342,U1410,C,20,X,4,104,181.14,207.41,26.27,,209.48,226.09,2194949,345457,6.35,,45.6298403,22589.0,25667.0,1.1362610119969896,0.8027737252919757,46.0790957127405
342-U1410C,"342-U1410C-20X-4,106",342,U1410,C,20,X,4,106,181.16,207.43,26.27,,209.52,226.13,2467370,337875,7.3,,45.6305634,24756.0,26186.0,1.05776377443852,0.8633228601204559,48.1768204888732
342-U1410C,"342-U1410C-20X-4,108",342,U1410,C,20,X,4,108,181.18,207.45,26.27,,209.56,226.17,2434552,358860,6.78,,45.6312864,23515.0,25769.0,1.0958537103976185,0.8312296938670634,47.06495274402441
342-U1410C,"342-U1410C-20X-4,110",342,U1410,C,20,X,4,110,181.2,207.47,26.27,,209.6,226.21,2672158,317586,8.41,,45.6320095,23394.0,23396.0,1.0000854920064974,0.9247959957979122,50.306557274418665
342-U1410C,"342-U1410C-20X-4,112",342,U1410,C,20,X,4,112,181.22,207.49,26.27,,209.64,226.25,2715491,298483,9.1,,45.6327325,23483.0,22786.0,0.9703189541370353,0.9590413923210935,51.49298903696429
342-U1410C,"342-U1410C-20X-4,114",342,U1410,C,20,X,4,114,181.24,207.51,26.27,,209.67,226.28,2746895,287178,9.57,,45.6332748,20858.0,21658.0,1.0383545881676095,0.9809119377768436,52.25069408427875
342-U1410C,"342-U1410C-20X-4,116",342,U1410,C,20,X,4,116,181.26,207.53,26.27,,209.71,226.32,2783143,260941,10.67,,45.6339979,20130.0,20358.0,1.0113263785394933,1.02816441942447,53.88775631096077
342-U1410C,"342-U1410C-20X-4,118",342,U1410,C,20,X,4,118,181.28,207.55,26.27,,209.75,226.36,2881019,269571,10.69,,45.634721,20962.0,21784.0,1.0392138154756225,1.028977705208778,53.915932596958115
342-U1410C,"342-U1410C-20X-4,120",342,U1410,C,20,X,4,120,181.3,207.57,26.27,,209.77,226.38,2873447,279873,10.27,,45.6350825,22353.0,21602.0,0.9664027199928421,1.011570443597278,53.312858018427704
342-U1410C,"342-U1410C-20X-4,122",342,U1410,C,20,X,4,122,181.32,207.59,26.27,,209.79,226.4,2793963,281502,9.93,,45.635444,21102.0,21637.0,1.0253530471045398,0.9969492484953811,52.806306714122485
342-U1410C,"342-U1410C-20X-4,124",342,U1410,C,20,X,4,124,181.34,207.61,26.27,,209.82,226.43,2773950,261919,10.59,,45.6359863,21457.0,20826.0,0.970592347485669,1.024895960107485,53.77452053792382
342-U1410C,"342-U1410C-20X-4,126",342,U1410,C,20,X,4,126,181.36,207.63,26.27,,209.84,226.45,2611970,293566,8.9,,45.6363478,21080.0,22556.0,1.0700189753320684,0.9493900066449128,51.15861678021301
342-U1410C,"342-U1410C-20X-4,128",342,U1410,C,20,X,4,128,181.38,207.65,26.27,,209.86,226.47,2661824,293761,9.06,,45.6367094,23870.0,24271.0,1.0167993297025555,0.9571281976768131,51.4267064085132
342-U1410C,"342-U1410C-20X-4,130",342,U1410,C,20,X,4,130,181.4,207.67,26.27,,209.89,226.5,2573693,299788,8.59,,45.6372517,23723.0,24440.0,1.0302238334106142,0.9339931638312423,50.62519316093339
342-U1410C,"342-U1410C-20X-4,132",342,U1410,C,20,X,4,132,181.42,207.69,26.27,,209.91,226.52,2525709,303330,8.33,,45.6376132,23444.0,23990.0,1.0232895410339533,0.9206450014067876,50.16274607373816
342-U1410C,"342-U1410C-20X-4,134",342,U1410,C,20,X,4,134,181.44,207.71,26.27,,209.93,226.54,2487049,303330,8.2,,45.6379747,23267.0,23643.0,1.0161602269308463,0.9138138523837167,49.926080915833865
342-U1410C,"342-U1410C-20X-4,136",342,U1410,C,20,X,4,136,181.46,207.73,26.27,,209.96,226.57,2232588,315910,7.07,,45.638517,23571.0,25041.0,1.0623647702685504,0.8494194137968994,47.69513559099359
342-U1410C,"342-U1410C-20X-4,138",342,U1410,C,20,X,4,138,181.48,207.75,26.27,,209.98,226.59,2104377,324335,6.49,,45.6388786,26410.0,27581.0,1.0443392654297614,0.8122446968003693,46.4072175206488
342-U1410C,"342-U1410C-20X-4,140",342,U1410,C,20,X,4,140,181.5,207.77,26.27,,210.0,226.61,2014120,301375,6.68,,45.6392401,21315.0,25923.0,1.216185784658691,0.8247764624755457,46.84138054246529
342-U1410C,"342-U1410C-20X-4,142",342,U1410,C,20,X,4,142,181.52,207.79,26.27,,210.03,226.64,1753679,300855,5.83,,45.6397824,25512.0,26615.0,1.0432345562872374,0.7656685547590141,44.79358707962604
342-U1410C,"342-U1410C-20X-4,144",342,U1410,C,20,X,4,144,181.54,207.81,26.27,,210.05,226.66,1657881,295712,5.61,,45.6401439,23891.0,25811.0,1.0803649910007953,0.7489628612561614,44.214818328219714
342-U1410C,"342-U1410C-20X-4,146",342,U1410,C,20,X,4,146,181.56,207.83,26.27,,210.07,226.68,1625410,279692,5.81,,45.6405054,18627.0,24063.0,1.2918344338862942,0.7641761323903307,44.74188210666301
342-U1410C,"342-U1410C-20X-4,148",342,U1410,C,20,X,4,148,181.58,207.85,26.27,,210.1,226.71,1722181,313007,5.5,,45.6410477,26344.0,26435.0,1.0034542969936229,0.7403626894942439,43.91686537752808
342-U1410C,"342-U1410C-20X-4,150",342,U1410,C,20,X,4,150,181.6,207.87,26.27,,210.12,226.73,968418,201713,4.8,,45.6414093,11890.0,15910.0,1.338099243061396,0.6812412373755872,41.868602668877216
342-U1410C,"342-U1410C-20X-5,2",342,U1410,C,20,X,5,2,181.62,207.89,26.27,,210.14,226.75,1726650,334562,5.16,,45.6417708,21867.0,27555.0,1.260117986006311,0.7126497016272114,42.956748912874744
342-U1410C,"342-U1410C-20X-5,4",342,U1410,C,20,X,5,4,181.64,207.91,26.27,,210.17,226.78,1653534,309851,5.34,,45.6423131,19875.0,24837.0,1.2496603773584907,0.7275412570285564,43.47266684975434
342-U1410C,"342-U1410C-20X-5,6",342,U1410,C,20,X,5,6,181.66,207.93,26.27,,210.19,226.8,2033428,372208,5.46,,45.6426746,24370.0,29116.0,1.1947476405416495,0.7371926427047373,43.80703910650563
342-U1410C,"342-U1410C-20X-5,8",342,U1410,C,20,X,5,8,181.68,207.95,26.27,,210.21,226.82,1896885,444202,4.27,,45.6430362,25593.0,29278.0,1.143984683311843,0.6304278750250238,40.10817373024195
342-U1410C,"342-U1410C-20X-5,10",342,U1410,C,20,X,5,10,181.7,207.97,26.27,,210.24,226.85,2010385,380029,5.29,,45.6435784,25565.0,29537.0,1.1553686681009192,0.7234556720351858,43.33112175765901
342-U1410C,"342-U1410C-20X-5,12",342,U1410,C,20,X,5,12,181.72,207.99,26.27,,210.26,226.87,1710338,528198,3.24,,45.64394,22397.0,26422.0,1.1797115685136401,0.5105450102066121,35.954831878608076
342-U1410C,"342-U1410C-20X-5,14",342,U1410,C,20,X,5,14,181.74,208.01,26.27,,210.28,226.89,1867370,442700,4.22,,45.6443015,24125.0,26666.0,1.1053264248704664,0.6253124509616739,39.93094986356719
342-U1410C,"342-U1410C-20X-5,16",342,U1410,C,20,X,5,16,181.76,208.03,26.27,,210.3,226.91,2097948,369193,5.68,,45.644663,24731.0,27636.0,1.117463911689782,0.7543483357110189,44.401398090708255
342-U1410C,"342-U1410C-20X-5,18",342,U1410,C,20,X,5,18,181.78,208.05,26.27,,210.33,226.94,1969048,337809,5.83,,45.6452053,23611.0,26730.0,1.1320994451738597,0.7656685547590141,44.79358707962604
342-U1410C,"342-U1410C-20X-5,20",342,U1410,C,20,X,5,20,181.8,208.07,26.27,,210.35,226.96,2155481,354454,6.08,,45.6455669,27774.0,29293.0,1.0546914380355727,0.7839035792727349,45.4253395039039
342-U1410C,"342-U1410C-20X-5,22",342,U1410,C,20,X,5,22,181.82,208.09,26.27,,210.37,226.98,2008622,385220,5.21,,45.6459284,26129.0,30696.0,1.1747866355390562,0.7168377232995244,43.10184292371203
342-U1410C,"342-U1410C-20X-5,24",342,U1410,C,20,X,5,24,181.84,208.11,26.27,,210.39,227.0,2041740,374253,5.46,,45.6462899,27150.0,29919.0,1.101988950276243,0.7371926427047373,43.80703910650563
342-U1410C,"342-U1410C-20X-5,26",342,U1410,C,20,X,5,26,181.86,208.13,26.27,,210.41,227.02,2142031,378852,5.65,,45.6466515,28897.0,29719.0,1.028445859431775,0.7520484478194386,44.321718474704454
342-U1410C,"342-U1410C-20X-5,28",342,U1410,C,20,X,5,28,181.88,208.15,26.27,,210.43,227.04,2083105,384914,5.41,,45.647013,26014.0,29350.0,1.1282386407319136,0.7331972651065695,43.6686192496171
342-U1410C,"342-U1410C-20X-5,30",342,U1410,C,20,X,5,30,181.9,208.17,26.27,,210.46,227.07,2060383,339177,6.07,,45.6475553,23093.0,27855.0,1.2062096739271642,0.7831886910752576,45.4005722023023
342-U1410C,"342-U1410C-20X-5,32",342,U1410,C,20,X,5,32,181.92,208.19,26.27,,210.48,227.09,2247824,326824,6.88,,45.6479168,27755.0,27426.0,0.9881462799495586,0.8375884382355113,47.28525144266929
342-U1410C,"342-U1410C-20X-5,34",342,U1410,C,20,X,5,34,181.94,208.21,26.27,,210.5,227.11,2190765,320120,6.84,,45.6482783,26271.0,27625.0,1.0515397206044688,0.8350561017201162,47.19751864409343
342-U1410C,"342-U1410C-20X-5,36",342,U1410,C,20,X,5,36,181.96,208.23,26.27,,210.52,227.13,1954214,296422,6.59,,45.6486399,22291.0,24826.0,1.1137230272307208,0.8188854145940099,46.637285188609475
342-U1410C,"342-U1410C-20X-5,38",342,U1410,C,20,X,5,38,181.98,208.25,26.27,,210.54,227.15,2176775,317201,6.86,,45.6490014,23981.0,25631.0,1.0688044702055794,0.8363241157067517,47.241448988660416
342-U1410C,"342-U1410C-20X-5,40",342,U1410,C,20,X,5,40,182.0,208.27,26.27,,210.56,227.17,2242111,339430,6.61,,45.6493629,21259.0,26954.0,1.2678865421703749,0.8202014594856403,46.68287956388001
342-U1410C,"342-U1410C-20X-5,42",342,U1410,C,20,X,5,42,182.02,208.29,26.27,,210.59,227.2,2328602,289659,8.04,,45.6499052,20467.0,24812.0,1.2122929593980554,0.9052560487484512,49.629595808890095
342-U1410C,"342-U1410C-20X-5,44",342,U1410,C,20,X,5,44,182.04,208.31,26.27,,210.61,227.22,2318598,319388,7.26,,45.6502668,25364.0,27245.0,1.0741602270935184,0.8609366207000937,48.09414922415475
342-U1410C,"342-U1410C-20X-5,46",342,U1410,C,20,X,5,46,182.06,208.33,26.27,,210.63,227.24,2531438,294050,8.61,,45.6506283,23046.0,24952.0,1.0827041569035842,0.9350031514536548,50.66018418211188
342-U1410C,"342-U1410C-20X-5,48",342,U1410,C,20,X,5,48,182.08,208.35,26.27,,210.65,227.26,2406516,279903,8.6,,45.6509898,20953.0,26152.0,1.248126759891185,0.9344984512435677,50.642698843333406
342-U1410C,"342-U1410C-20X-5,50",342,U1410,C,20,X,5,50,182.1,208.37,26.27,,210.67,227.28,2394989,324748,7.37,,45.6513513,23409.0,24724.0,1.0561749754367977,0.8674674878590515,48.32041111687684
342-U1410C,"342-U1410C-20X-5,52",342,U1410,C,20,X,5,52,182.12,208.39,26.27,,210.69,227.3,2524938,313636,8.05,,45.6517129,25000.0,25545.0,1.0218,0.9057958803678685,49.64829827534481
342-U1410C,"342-U1410C-20X-5,54",342,U1410,C,20,X,5,54,182.14,208.41,26.27,,210.72,227.33,2506127,315517,7.94,,45.6522552,23902.0,25423.0,1.0636348422726132,0.8998205024270963,49.44128130658676
342-U1410C,"342-U1410C-20X-5,56",342,U1410,C,20,X,5,56,182.16,208.43,26.27,,210.74,227.35,2408297,299473,8.04,,45.6526167,22727.0,26049.0,1.1461697540370483,0.9052560487484512,49.629595808890095
342-U1410C,"342-U1410C-20X-5,58",342,U1410,C,20,X,5,58,182.18,208.45,26.27,,210.76,227.37,2359668,302858,7.79,,45.6529782,24480.0,26327.0,1.0754493464052288,0.8915374576725644,49.154315221066
342-U1410C,"342-U1410C-20X-5,60",342,U1410,C,20,X,5,60,182.2,208.47,26.27,,210.78,227.39,2419306,312394,7.74,,45.6533398,24334.0,26765.0,1.0999013725651352,0.8887409606828927,49.057430582858814
342-U1410C,"342-U1410C-20X-5,62",342,U1410,C,20,X,5,62,182.22,208.49,26.27,,210.8,227.41,1919533,265606,7.23,,45.6537013,19429.0,22807.0,1.1738638118276803,0.8591382972945308,48.03184630976902
342-U1410C,"342-U1410C-20X-5,64",342,U1410,C,20,X,5,64,182.24,208.51,26.27,,210.82,227.43,2163985,295367,7.33,,45.6540628,23300.0,25690.0,1.1025751072961374,0.865103974641128,48.23852720144188
342-U1410C,"342-U1410C-20X-5,66",342,U1410,C,20,X,5,66,182.26,208.53,26.27,,210.85,227.46,1821005,257468,7.07,,45.6546051,16382.0,22045.0,1.3456842876327677,0.8494194137968994,47.69513559099359
342-U1410C,"342-U1410C-20X-5,68",342,U1410,C,20,X,5,68,182.28,208.55,26.27,,210.87,227.48,1257003,184563,6.81,,45.6549666,9824.0,13578.0,1.3821254071661238,0.8331471119127851,47.13138169221844
342-U1410C,"342-U1410C-20X-5,74",342,U1410,C,20,X,5,74,182.34,208.61,26.27,,210.93,227.54,1778278,288393,6.17,,45.6560512,18578.0,22989.0,1.2374313704381525,0.7902851640332417,45.64642950793166
342-U1410C,"342-U1410C-20X-5,80",342,U1410,C,20,X,5,80,182.4,208.67,26.27,,211.0,227.61,1331070,220698,6.03,,45.6573166,13635.0,17021.0,1.2483314998166484,0.7803173121401513,45.30109327909554
342-U1410C,"342-U1410C-20X-5,82",342,U1410,C,20,X,5,82,182.42,208.69,26.27,,211.02,227.63,1768312,282247,6.27,,45.6576781,19341.0,22446.0,1.1605397859469522,0.7972675408307164,45.888333952080174
342-U1410C,"342-U1410C-20X-5,84",342,U1410,C,20,X,5,84,182.44,208.71,26.27,,211.04,227.65,2018149,311104,6.49,,45.6580397,22914.0,26284.0,1.1470716592476216,0.8122446968003693,46.4072175206488
342-U1410C,"342-U1410C-20X-5,86",342,U1410,C,20,X,5,86,182.46,208.73,26.27,,211.06,227.67,1992848,314947,6.33,,45.6584012,24233.0,25987.0,1.072380637973012,0.8014037100173551,46.03163153355127
342-U1410C,"342-U1410C-20X-5,88",342,U1410,C,20,X,5,88,182.48,208.75,26.27,,211.09,227.7,1833643,352034,5.21,,45.6589435,18370.0,24551.0,1.3364725095264018,0.7168377232995244,43.10184292371203
342-U1410C,"342-U1410C-20X-5,90",342,U1410,C,20,X,5,90,182.5,208.77,26.27,,211.11,227.72,1591895,563928,2.82,,45.659305,17701.0,22719.0,1.2834868086548783,0.45024910831936105,33.865880357724265
342-U1410C,"342-U1410C-20X-5,92",342,U1410,C,20,X,5,92,182.52,208.79,26.27,,211.13,227.74,1764599,642015,2.75,,45.6596665,20721.0,26418.0,1.2749384682206457,0.43933269383026263,33.48768117774945
342-U1410C,"342-U1410C-20X-5,94",342,U1410,C,20,X,5,94,182.54,208.81,26.27,,211.15,227.76,1912485,527435,3.63,,45.6600281,21866.0,28212.0,1.2902222628738682,0.5599066250361125,37.664965024376116
342-U1410C,"342-U1410C-20X-5,96",342,U1410,C,20,X,5,96,182.56,208.83,26.27,,211.17,227.78,1981650,472490,4.19,,45.6603896,23306.0,29252.0,1.2551274349952801,0.6222140229662954,39.8236048256673
342-U1410C,"342-U1410C-20X-5,98",342,U1410,C,20,X,5,98,182.58,208.85,26.27,,211.19,227.8,2082567,356022,5.85,,45.6607511,20022.0,28584.0,1.427629607431825,0.7671558660821804,44.845114980417144
342-U1410C,"342-U1410C-20X-5,100",342,U1410,C,20,X,5,100,182.6,208.87,26.27,,211.22,227.83,1440401,319976,4.5,,45.6612934,14722.0,19714.0,1.3390843635375629,0.6532125137753437,40.89754753974678
342-U1410C,"342-U1410C-20X-5,102",342,U1410,C,20,X,5,102,182.62,208.89,26.27,,211.24,227.85,1945981,310799,6.26,,45.661655,23270.0,27493.0,1.1814782982380747,0.7965743332104297,45.86431777407534
342-U1410C,"342-U1410C-20X-5,104",342,U1410,C,20,X,5,104,182.64,208.91,26.27,,211.26,227.87,1758401,305918,5.75,,45.6620165,20658.0,25723.0,1.2451834640333044,0.7596678446896304,44.585692479272254
342-U1410C,"342-U1410C-20X-5,110",342,U1410,C,20,X,5,110,182.7,208.97,26.27,,211.32,227.93,1115264,201594,5.53,,45.6631011,12154.0,15243.0,1.254155010696067,0.7427251313046983,43.99871217405128
342-U1410C,"342-U1410C-20X-5,112",342,U1410,C,20,X,5,112,182.72,208.99,26.27,,211.35,227.96,2094734,349790,5.99,,45.6636434,23216.0,28229.0,1.2159286698828393,0.7774268223893114,45.2009522616777
342-U1410C,"342-U1410C-20X-5,114",342,U1410,C,20,X,5,114,182.74,209.01,26.27,,211.37,227.98,1816548,318375,5.71,,45.6640049,24629.0,26517.0,1.0766575987656828,0.756636108245848,44.480657970177404
342-U1410C,"342-U1410C-20X-5,116",342,U1410,C,20,X,5,116,182.76,209.03,26.27,,211.39,228.0,1661576,292205,5.69,,45.6643664,18500.0,23773.0,1.285027027027027,0.7551122663950712,44.427864469257244
342-U1410C,"342-U1410C-20X-5,118",342,U1410,C,20,X,5,118,182.78,209.05,26.27,,211.41,228.02,1652343,321047,5.15,,45.664728,21087.0,25677.0,1.2176696542893726,0.7118072290411911,42.92756145013207
342-U1410C,"342-U1410C-20X-5,120",342,U1410,C,20,X,5,120,182.8,209.07,26.27,,211.43,228.04,1804389,391979,4.6,,45.6650895,21834.0,29784.0,1.3641110195108546,0.6627578316815741,41.22824507860814
342-U1410C,"342-U1410C-20X-5,122",342,U1410,C,20,X,5,122,182.82,209.09,26.27,,211.46,228.07,1988583,375480,5.3,,45.6656318,24002.0,29566.0,1.2318140154987085,0.724275869600789,43.35953750231934
342-U1410C,"342-U1410C-20X-5,124",342,U1410,C,20,X,5,124,182.84,209.11,26.27,,211.48,228.09,1952503,345067,5.66,,45.6659933,24261.0,29314.0,1.2082766580107993,0.7528164311882715,44.34832525851766
342-U1410C,"342-U1410C-20X-5,126",342,U1410,C,20,X,5,126,182.86,209.13,26.27,,211.5,228.11,1917433,345759,5.55,,45.6663549,26541.0,28864.0,1.0875249613805056,0.7442929831226762,44.053030400285124
342-U1410C,"342-U1410C-20X-5,128",342,U1410,C,20,X,5,128,182.88,209.15,26.27,,211.52,228.13,1961628,354036,5.54,,45.6667164,27008.0,29261.0,1.0834197274881516,0.7435097647284298,44.02589579901645
342-U1410C,"342-U1410C-20X-5,130",342,U1410,C,20,X,5,130,182.9,209.17,26.27,,211.54,228.15,1805697,418923,4.31,,45.6670779,25947.0,28592.0,1.1019385670790458,0.6344772701607315,40.24846502471854
342-U1410C,"342-U1410C-20X-5,132",342,U1410,C,20,X,5,132,182.92,209.19,26.27,,211.56,228.17,1840823,338281,5.44,,45.6674395,25172.0,27451.0,1.0905371047195296,0.7355988996981799,43.751823880043446
342-U1410C,"342-U1410C-20X-5,134",342,U1410,C,20,X,5,134,182.94,209.21,26.27,,211.59,228.2,1862192,335537,5.55,,45.6679818,26226.0,27228.0,1.0382063601006635,0.7442929831226762,44.053030400285124
342-U1410C,"342-U1410C-20X-5,136",342,U1410,C,20,X,5,136,182.96,209.23,26.27,,211.61,228.22,1848385,340073,5.44,,45.6683433,25233.0,26597.0,1.0540561962509412,0.7355988996981799,43.751823880043446
342-U1410C,"342-U1410C-20X-5,138",342,U1410,C,20,X,5,138,182.98,209.25,26.27,,211.63,228.24,1880796,292017,6.44,,45.6687048,25975.0,27540.0,1.0602502406159768,0.8088858673598122,46.29085087468069
342-U1410C,"342-U1410C-20X-5,140",342,U1410,C,20,X,5,140,183.0,209.27,26.27,,211.65,228.26,1897398,293602,6.46,,45.6690663,24551.0,25626.0,1.043786403812472,0.8102325179950841,46.337505585939695
342-U1410C,"342-U1410C-20X-5,142",342,U1410,C,20,X,5,142,183.02,209.29,26.27,,211.67,228.28,1812324,301508,6.01,,45.6694279,23488.0,26606.0,1.1327486376021798,0.7788744720027395,45.25110608253492
342-U1410C,"342-U1410C-20X-5,144",342,U1410,C,20,X,5,144,183.04,209.31,26.27,,211.69,228.3,1774133,313341,5.66,,45.6697894,24910.0,27149.0,1.0898835808912084,0.7528164311882715,44.34832525851766
342-U1410C,"342-U1410C-20X-5,146",342,U1410,C,20,X,5,146,183.06,209.33,26.27,,211.72,228.33,1737592,300915,5.77,,45.6703317,26005.0,27221.0,1.0467602384156893,0.7611758131557314,44.63793604678031
342-U1410C,"342-U1410C-20X-5,148",342,U1410,C,20,X,5,148,183.08,209.35,26.27,,211.74,228.35,1768921,304286,5.81,,45.6706932,25937.0,26736.0,1.0308054131163975,0.7641761323903307,44.74188210666301
342-U1410C,"342-U1410C-20X-5,150",342,U1410,C,20,X,5,150,183.1,209.37,26.27,,211.76,228.37,1909538,315959,6.04,,45.6710548,26636.0,27530.0,1.0335635981378586,0.7810369386211319,45.326024738529114
342-U1410C,"342-U1410C-20X-6,2",342,U1410,C,20,X,6,2,183.12,209.39,26.27,,211.78,228.39,2053341,387751,5.3,,45.6714163,28039.0,30981.0,1.1049252826420344,0.724275869600789,43.35953750231934
342-U1410C,"342-U1410C-20X-6,4",342,U1410,C,20,X,6,4,183.14,209.41,26.27,,211.8,228.41,1960496,361751,5.42,,45.6717778,28245.0,31307.0,1.1084085678881217,0.7339992865383869,43.69640528212241
342-U1410C,"342-U1410C-20X-6,6",342,U1410,C,20,X,6,6,183.16,209.43,26.27,,211.82,228.43,2016129,357341,5.64,,45.6721394,22609.0,30464.0,1.3474280153921006,0.7512791039833423,44.2950645575029
342-U1410C,"342-U1410C-20X-6,8",342,U1410,C,20,X,6,8,183.18,209.45,26.27,,211.85,228.46,1809080,484943,3.73,,45.6726816,27245.0,31508.0,1.1564690768948431,0.5717088318086876,38.073852478011986
342-U1410C,"342-U1410C-20X-6,10",342,U1410,C,20,X,6,10,183.2,209.47,26.27,,211.87,228.48,1787527,521140,3.43,,45.6730432,26408.0,29789.0,1.128029385034838,0.5352941200427705,36.81226478888179
342-U1410C,"342-U1410C-20X-6,12",342,U1410,C,20,X,6,12,183.22,209.49,26.27,,211.89,228.5,1995493,337237,5.92,,45.6734047,24291.0,30810.0,1.268371001605533,0.7723217067229198,45.02408552941556
342-U1410C,"342-U1410C-20X-6,14",342,U1410,C,20,X,6,14,183.24,209.51,26.27,,211.92,228.53,2019724,349951,5.77,,45.673947,30490.0,31939.0,1.0475237782879632,0.7611758131557314,44.63793604678031
342-U1410C,"342-U1410C-20X-6,16",342,U1410,C,20,X,6,16,183.26,209.53,26.27,,211.94,228.55,1991353,342342,5.82,,45.6743085,26167.0,30577.0,1.168532884931402,0.7649229846498885,44.76775680319539
342-U1410C,"342-U1410C-20X-6,18",342,U1410,C,20,X,6,18,183.28,209.55,26.27,,211.96,228.57,1985766,361001,5.5,,45.6746701,27804.0,30512.0,1.0973960581211337,0.7403626894942439,43.91686537752808
342-U1410C,"342-U1410C-20X-6,20",342,U1410,C,20,X,6,20,183.3,209.57,26.27,,211.98,228.59,1975906,398985,4.95,,45.6750316,31023.0,33205.0,1.0703349128066273,0.6946051989335688,42.33159711705349
342-U1410C,"342-U1410C-20X-6,22",342,U1410,C,20,X,6,22,183.32,209.59,26.27,,212.01,228.62,2032143,383567,5.3,,45.6755739,25296.0,33145.0,1.310286211258697,0.724275869600789,43.35953750231934
342-U1410C,"342-U1410C-20X-6,24",342,U1410,C,20,X,6,24,183.34,209.61,26.27,,212.03,228.64,1992391,421866,4.72,,45.6759354,30375.0,33235.0,1.094156378600823,0.6739419986340878,41.61572054267798
342-U1410C,"342-U1410C-20X-6,26",342,U1410,C,20,X,6,26,183.36,209.63,26.27,,212.05,228.66,2008262,344937,5.82,,45.676297,25709.0,31387.0,1.2208565093935975,0.7649229846498885,44.76775680319539
342-U1410C,"342-U1410C-20X-6,28",342,U1410,C,20,X,6,28,183.38,209.65,26.27,,212.07,228.68,1975800,354086,5.58,,45.6766585,30857.0,33331.0,1.0801762971124866,0.7466341989375788,44.13414182219242
342-U1410C,"342-U1410C-20X-6,30",342,U1410,C,20,X,6,30,183.4,209.67,26.27,,212.1,228.71,1928700,343390,5.62,,45.6772008,24956.0,29550.0,1.1840839878185607,0.7497363155690611,44.24161465289012
342-U1410C,"342-U1410C-20X-6,38",342,U1410,C,20,X,6,38,183.48,209.75,26.27,,212.19,228.8,1649502,257966,6.39,,45.6788277,17853.0,24117.0,1.3508654007729792,0.8055008581584001,46.17357723089778
342-U1410C,"342-U1410C-20X-6,44",342,U1410,C,20,X,6,44,183.54,209.81,26.27,,212.25,228.86,1298190,216289,6.0,,45.6799123,11820.0,18877.0,1.5970389170896786,0.7781512503836436,45.22605006954134
342-U1410C,"342-U1410C-20X-6,46",342,U1410,C,20,X,6,46,183.56,209.83,26.27,,212.28,228.89,1363936,237656,5.74,,45.6804546,17975.0,21853.0,1.2157440890125173,0.7589118923979735,44.55950251212779
342-U1410C,"342-U1410C-20X-6,48",342,U1410,C,20,X,6,48,183.58,209.85,26.27,,212.3,228.91,1608611,285981,5.62,,45.6808161,20355.0,25277.0,1.2418079096045198,0.7497363155690611,44.24161465289012
342-U1410C,"342-U1410C-20X-6,50",342,U1410,C,20,X,6,50,183.6,209.87,26.27,,212.32,228.93,1643056,319232,5.15,,45.6811776,20067.0,26458.0,1.3184830816763842,0.7118072290411911,42.92756145013207
342-U1410C,"342-U1410C-20X-6,52",342,U1410,C,20,X,6,52,183.62,209.89,26.27,,212.34,228.95,1777947,336383,5.29,,45.6815391,26001.0,28189.0,1.0841506095919389,0.7234556720351858,43.33112175765901
342-U1410C,"342-U1410C-20X-6,54",342,U1410,C,20,X,6,54,183.64,209.91,26.27,,212.37,228.98,1754975,292457,6.0,,45.6820814,21881.0,27132.0,1.239979891229834,0.7781512503836436,45.22605006954134
342-U1410C,"342-U1410C-20X-6,56",342,U1410,C,20,X,6,56,183.66,209.93,26.27,,212.39,229.0,1791559,317344,5.65,,45.682443,27668.0,30324.0,1.0959953737169292,0.7520484478194386,44.321718474704454
342-U1410C,"342-U1410C-20X-6,58",342,U1410,C,20,X,6,58,183.68,209.95,26.27,,212.41,229.02,1821645,335553,5.43,,45.6828045,24378.0,30534.0,1.2525227664287473,0.7347998295888469,43.7241400961056
342-U1410C,"342-U1410C-20X-6,60",342,U1410,C,20,X,6,60,183.7,209.97,26.27,,212.44,229.05,1815752,378558,4.8,,45.6833468,26842.0,30394.0,1.1323299307056107,0.6812412373755872,41.868602668877216
342-U1410C,"342-U1410C-20X-6,62",342,U1410,C,20,X,6,62,183.72,209.99,26.27,,212.46,229.07,2064003,297951,6.93,,45.6837083,26493.0,29777.0,1.1239572717321558,0.8407332346118067,47.394202913126044
342-U1410C,"342-U1410C-20X-6,64",342,U1410,C,20,X,6,64,183.74,210.01,26.27,,212.48,229.09,1871636,339612,5.51,,45.6840699,24764.0,30968.0,1.2505249555806817,0.741151598851785,43.94419714222009
342-U1410C,"342-U1410C-20X-6,66",342,U1410,C,20,X,6,66,183.76,210.03,26.27,,212.5,229.11,1909672,318839,5.99,,45.6844314,26049.0,30580.0,1.173941418096664,0.7774268223893114,45.2009522616777
342-U1410C,"342-U1410C-20X-6,68",342,U1410,C,20,X,6,68,183.78,210.05,26.27,,212.53,229.14,1888472,331998,5.69,,45.6849737,25808.0,31066.0,1.203735275883447,0.7551122663950712,44.427864469257244
342-U1410C,"342-U1410C-20X-6,70",342,U1410,C,20,X,6,70,183.8,210.07,26.27,,212.55,229.16,1828263,319630,5.72,,45.6853352,26491.0,29666.0,1.119852025216111,0.7573960287930241,44.506985417534324
342-U1410C,"342-U1410C-20X-6,72",342,U1410,C,20,X,6,72,183.82,210.09,26.27,,212.57,229.18,1842478,324171,5.68,,45.6856967,28957.0,30770.0,1.06261007701074,0.7543483357110189,44.401398090708255
342-U1410C,"342-U1410C-20X-6,74",342,U1410,C,20,X,6,74,183.84,210.11,26.27,,212.59,229.2,1750134,339096,5.16,,45.6860583,22410.0,28924.0,1.290673806336457,0.7126497016272114,42.956748912874744
342-U1410C,"342-U1410C-20X-6,76",342,U1410,C,20,X,6,76,183.86,210.13,26.27,,212.62,229.23,1921210,305007,6.3,,45.6866006,26207.0,29949.0,1.1427862784752165,0.7993405494535817,45.96015333581934
342-U1410C,"342-U1410C-20X-6,78",342,U1410,C,20,X,6,78,183.88,210.15,26.27,,212.64,229.25,2053489,329583,6.23,,45.6869621,29015.0,31874.0,1.0985352403929003,0.7944880466591696,45.79203837650694
342-U1410C,"342-U1410C-20X-6,80",342,U1410,C,20,X,6,80,183.9,210.17,26.27,,212.66,229.27,1960201,326813,6.0,,45.6873236,24366.0,30769.0,1.2627842075022573,0.7781512503836436,45.22605006954134
342-U1410C,"342-U1410C-20X-6,82",342,U1410,C,20,X,6,82,183.92,210.19,26.27,,212.68,229.29,2072204,331151,6.26,,45.6876852,29272.0,31041.0,1.0604331784640613,0.7965743332104297,45.86431777407534
342-U1410C,"342-U1410C-20X-6,84",342,U1410,C,20,X,6,84,183.94,210.21,26.27,,212.71,229.32,2093268,333328,6.28,,45.6882274,27765.0,31537.0,1.1358544930668106,0.7979596437371962,45.912311857275164
342-U1410C,"342-U1410C-20X-6,86",342,U1410,C,20,X,6,86,183.96,210.23,26.27,,212.73,229.34,1870609,403647,4.63,,45.688589,22658.0,29426.0,1.29870244505252,0.6655809910179531,41.32605343381699
342-U1410C,"342-U1410C-20X-6,88",342,U1410,C,20,X,6,88,183.98,210.25,26.27,,212.75,229.36,2107975,322415,6.54,,45.6889505,28035.0,30586.0,1.0909934011057607,0.8155777483242672,46.52269109069424
342-U1410C,"342-U1410C-20X-6,90",342,U1410,C,20,X,6,90,184.0,210.27,26.27,,212.77,229.38,2000197,372737,5.37,,45.689312,26620.0,30772.0,1.1559729526671676,0.7299742856995556,43.55695912806111
342-U1410C,"342-U1410C-20X-6,92",342,U1410,C,20,X,6,92,184.02,210.29,26.27,,212.8,229.41,2034532,314601,6.47,,45.6898543,26495.0,29689.0,1.1205510473674278,0.8109042806687004,46.360778803767126
342-U1410C,"342-U1410C-20X-6,94",342,U1410,C,20,X,6,94,184.04,210.31,26.27,,212.82,229.43,2076042,326542,6.36,,45.6902159,27426.0,31899.0,1.163093415007657,0.8034571156484139,46.102771771639304
342-U1410C,"342-U1410C-20X-6,96",342,U1410,C,20,X,6,96,184.06,210.33,26.27,,212.84,229.45,2111498,341182,6.19,,45.6905774,28159.0,31791.0,1.1289818530487588,0.791690649020118,45.69512253530199
342-U1410C,"342-U1410C-20X-6,98",342,U1410,C,20,X,6,98,184.08,210.35,26.27,,212.87,229.48,2094884,331137,6.33,,45.6911197,27203.0,30824.0,1.1331103187148477,0.8014037100173551,46.03163153355127
342-U1410C,"342-U1410C-20X-6,100",342,U1410,C,20,X,6,100,184.1,210.37,26.27,,212.89,229.5,2002627,308045,6.5,,45.6914812,24644.0,29892.0,1.212952442785262,0.8129133566428556,46.43038324089173
342-U1410C,"342-U1410C-20X-6,102",342,U1410,C,20,X,6,102,184.12,210.39,26.27,,212.91,229.52,2026280,328913,6.16,,45.6918427,22615.0,29111.0,1.2872429803227945,0.7895807121644255,45.62202377293652
342-U1410C,"342-U1410C-20X-6,104",342,U1410,C,20,X,6,104,184.14,210.41,26.27,,212.93,229.54,2041094,359395,5.68,,45.6922043,29348.0,31725.0,1.080993594112035,0.7543483357110189,44.401398090708255
342-U1410C,"342-U1410C-20X-6,106",342,U1410,C,20,X,6,106,184.16,210.43,26.27,,212.96,229.57,2130752,336404,6.33,,45.6927466,26849.0,30722.0,1.1442511825393868,0.8014037100173551,46.03163153355127
342-U1410C,"342-U1410C-20X-6,108",342,U1410,C,20,X,6,108,184.18,210.45,26.27,,212.98,229.59,2170026,325037,6.68,,45.6931081,25713.0,30062.0,1.1691362345895073,0.8247764624755457,46.84138054246529
342-U1410C,"342-U1410C-20X-6,110",342,U1410,C,20,X,6,110,184.2,210.47,26.27,,213.0,229.61,2119828,315154,6.73,,45.6934696,25246.0,28711.0,1.1372494652618237,0.8280150642239769,46.95358190003968
342-U1410C,"342-U1410C-20X-6,112",342,U1410,C,20,X,6,112,184.22,210.49,26.27,,213.02,229.63,2125498,341667,6.22,,45.6938312,28462.0,30726.0,1.079544656032605,0.7937903846908186,45.76786787761341
342-U1410C,"342-U1410C-20X-6,114",342,U1410,C,20,X,6,114,184.24,210.51,26.27,,213.05,229.66,1983359,314819,6.3,,45.6943735,23578.0,28506.0,1.2090083976588346,0.7993405494535817,45.96015333581934
342-U1410C,"342-U1410C-20X-6,116",342,U1410,C,20,X,6,116,184.26,210.53,26.27,,213.07,229.68,1957497,319957,6.12,,45.694735,28742.0,30086.0,1.046760837798344,0.7867514221455612,45.52400302023297
342-U1410C,"342-U1410C-20X-6,118",342,U1410,C,20,X,6,118,184.28,210.55,26.27,,213.09,229.7,1947688,312338,6.24,,45.6950965,23354.0,29513.0,1.2637235591333391,0.795184589682424,45.816170109547585
342-U1410C,"342-U1410C-20X-6,120",342,U1410,C,20,X,6,120,184.3,210.57,26.27,,213.11,229.72,1821082,383623,4.75,,45.6954581,27093.0,28639.0,1.057062709925073,0.6766936096248666,41.71105010545351
342-U1410C,"342-U1410C-20X-6,122",342,U1410,C,20,X,6,122,184.32,210.59,26.27,,213.14,229.75,1820463,404444,4.5,,45.6960003,26732.0,28770.0,1.0762382163698938,0.6532125137753437,40.89754753974678
342-U1410C,"342-U1410C-20X-6,124",342,U1410,C,20,X,6,124,184.34,210.61,26.27,,213.16,229.77,1882858,312446,6.03,,45.6963619,26470.0,29217.0,1.1037778617302607,0.7803173121401513,45.30109327909554
342-U1410C,"342-U1410C-20X-6,126",342,U1410,C,20,X,6,126,184.36,210.63,26.27,,213.18,229.79,1843839,294462,6.26,,45.6967234,25357.0,26685.0,1.0523721260401466,0.7965743332104297,45.86431777407534
342-U1410C,"342-U1410C-20X-6,128",342,U1410,C,20,X,6,128,184.38,210.65,26.27,,213.2,229.81,1866753,297528,6.27,,45.6970849,27910.0,28460.0,1.019706198495163,0.7972675408307164,45.888333952080174
342-U1410C,"342-U1410C-20X-6,130",342,U1410,C,20,X,6,130,184.4,210.67,26.27,,213.23,229.84,1862827,299578,6.22,,45.6976272,23297.0,27765.0,1.1917843499162983,0.7937903846908186,45.76786787761341
342-U1410C,"342-U1410C-20X-6,132",342,U1410,C,20,X,6,132,184.42,210.69,26.27,,213.25,229.86,1733767,290859,5.96,,45.6979888,27310.0,27646.0,1.0123031856462834,0.7752462597402364,45.12540666870049
342-U1410C,"342-U1410C-20X-6,134",342,U1410,C,20,X,6,134,184.44,210.71,26.27,,213.27,229.88,1653138,284842,5.8,,45.6983503,21529.0,27373.0,1.2714478145756887,0.7634279935629372,44.71596283698796
342-U1410C,"342-U1410C-20X-6,136",342,U1410,C,20,X,6,136,184.46,210.73,26.27,,213.29,229.9,1721087,389033,4.42,,45.6987118,27865.0,28670.0,1.0288892876368203,0.6454222693490919,40.62765452159929
342-U1410C,"342-U1410C-20X-6,138",342,U1410,C,20,X,6,138,184.48,210.75,26.27,,213.32,229.93,1680946,349762,4.81,,45.6992541,27160.0,29593.0,1.089580265095729,0.6821450763738317,41.8999161709714
342-U1410C,"342-U1410C-20X-6,140",342,U1410,C,20,X,6,140,184.5,210.77,26.27,,213.34,229.95,1845018,317752,5.81,,45.6996156,26555.0,27816.0,1.047486349086801,0.7641761323903307,44.74188210666301
342-U1410C,"342-U1410C-20X-7,2",342,U1410,C,20,X,7,2,184.52,210.79,26.27,,213.36,229.97,2101201,364358,5.77,,45.6999772,27197.0,31971.0,1.1755340662573077,0.7611758131557314,44.63793604678031
342-U1410C,"342-U1410C-20X-7,4",342,U1410,C,20,X,7,4,184.54,210.81,26.27,,213.39,230.0,2274466,318846,7.13,,45.7005195,29798.0,29477.0,0.9892274649305323,0.8530895298518656,47.82228676171789
342-U1410C,"342-U1410C-20X-7,6",342,U1410,C,20,X,7,6,184.56,210.83,26.27,,213.41,230.02,2111480,350974,6.02,,45.700881,30159.0,31553.0,1.0462216917006533,0.7795964912578245,45.276120439627334
342-U1410C,"342-U1410C-20X-7,8",342,U1410,C,20,X,7,8,184.58,210.85,26.27,,213.43,230.04,2061552,335386,6.15,,45.7012425,29506.0,32160.0,1.089947807225649,0.7888751157754168,45.59757838603932
342-U1410C,"342-U1410C-20X-7,10",342,U1410,C,20,X,7,10,184.6,210.87,26.27,,213.45,230.06,2158623,312232,6.91,,45.7016041,28710.0,29667.0,1.0333333333333334,0.8394780473741984,47.35071695127911
342-U1410C,"342-U1410C-20X-7,12",342,U1410,C,20,X,7,12,184.62,210.89,26.27,,213.48,230.09,1977674,314883,6.28,,45.7021464,27284.0,28791.0,1.0552338366808385,0.7979596437371962,45.912311857275164
342-U1410C,"342-U1410C-20X-7,14",342,U1410,C,20,X,7,14,184.64,210.91,26.27,,213.5,230.11,2200907,335144,6.57,,45.7025079,29047.0,28712.0,0.9884669673288119,0.8175653695597808,46.591552228398605
342-U1410C,"342-U1410C-20X-7,16",342,U1410,C,20,X,7,16,184.66,210.93,26.27,,213.52,230.13,2370779,316065,7.5,,45.7028694,27302.0,28339.0,1.0379825653798256,0.8750612633917001,48.58349747020545
342-U1410C,"342-U1410C-20X-7,18",342,U1410,C,20,X,7,18,184.68,210.95,26.27,,213.54,230.15,2294142,300117,7.64,,45.703231,29682.0,29797.0,1.0038744019944748,0.8830933585756899,48.86176940785478
342-U1410C,"342-U1410C-20X-7,20",342,U1410,C,20,X,7,20,184.7,210.97,26.27,,213.57,230.18,2311567,298319,7.75,,45.7037732,27968.0,28249.0,1.0100471967963387,0.8893017025063102,49.076857483331125
342-U1410C,"342-U1410C-20X-7,22",342,U1410,C,20,X,7,22,184.72,210.99,26.27,,213.59,230.2,2446627,290857,8.41,,45.7041348,23580.0,25898.0,1.098303647158609,0.9247959957979122,50.306557274418665
342-U1410C,"342-U1410C-20X-7,24",342,U1410,C,20,X,7,24,184.74,211.01,26.27,,213.61,230.22,2450973,297132,8.25,,45.7044963,28555.0,26475.0,0.9271581159166521,0.9164539485499251,50.01754704751216
342-U1410C,"342-U1410C-20X-7,26",342,U1410,C,20,X,7,26,184.76,211.03,26.27,,213.63,230.24,2327324,283303,8.21,,45.7048578,22432.0,24843.0,1.1074803851640513,0.9143431571194408,49.944418678403025
342-U1410C,"342-U1410C-20X-7,28",342,U1410,C,20,X,7,28,184.78,211.05,26.27,,213.66,230.27,2485787,297938,8.34,,45.7054001,27200.0,26897.0,0.9888602941176471,0.9211660506377387,50.18079782434446
342-U1410C,"342-U1410C-20X-7,30",342,U1410,C,20,X,7,30,184.8,211.07,26.27,,213.68,230.29,2493596,293342,8.5,,45.7057617,24691.0,26240.0,1.06273540966344,0.9294189257142927,50.466718681371674
342-U1410C,"342-U1410C-20X-7,32",342,U1410,C,20,X,7,32,184.82,211.09,26.27,,213.7,230.31,2539013,295930,8.58,,45.7061232,27116.0,26988.0,0.9952795397551262,0.9334872878487055,50.60766708751841
342-U1410C,"342-U1410C-20X-7,34",342,U1410,C,20,X,7,34,184.84,211.11,26.27,,213.72,230.33,2456504,286540,8.57,,45.7064847,23827.0,24274.0,1.0187602299911864,0.9329808219231982,50.5901205755292
342-U1410C,"342-U1410C-20X-7,36",342,U1410,C,20,X,7,36,184.86,211.13,26.27,,213.75,230.36,2326868,307551,7.57,,45.707027,25883.0,26394.0,1.0197426882509755,0.8790958795000727,48.72327674528002
342-U1410C,"342-U1410C-21X-2,52",342,U1410,C,21,X,2,52,187.22,211.27,24.05,,213.77,230.38,2704046,273903,9.87,,45.7073886,26007.0,23959.0,0.9212519706232938,0.9943171526696367,52.71511775423957
342-U1410C,"342-U1410C-21X-2,54",342,U1410,C,21,X,2,54,187.24,211.29,24.05,,213.79,230.4,2596123,273073,9.51,,45.7077501,23305.0,24315.0,1.0433383394121434,0.9781805169374139,52.15606400929671
342-U1410C,"342-U1410C-21X-2,56",342,U1410,C,21,X,2,56,187.26,211.31,24.05,,213.82,230.43,2663689,266723,9.99,,45.7082924,22110.0,21892.0,0.9901402080506558,0.9995654882259823,52.896946339589164
342-U1410C,"342-U1410C-21X-2,58",342,U1410,C,21,X,2,58,187.28,211.33,24.05,,213.84,230.45,2711790,254132,10.67,,45.7086539,21723.0,21841.0,1.0054320305666804,1.02816441942447,53.88775631096077
342-U1410C,"342-U1410C-21X-2,60",342,U1410,C,21,X,2,60,187.3,211.35,24.05,,213.86,230.47,2647346,261711,10.12,,45.7090154,23489.0,22835.0,0.9721571799565755,1.0051805125037803,53.09147885569347
342-U1410C,"342-U1410C-21X-2,62",342,U1410,C,21,X,2,62,187.32,211.37,24.05,,213.88,230.49,2595321,255692,10.15,,45.709377,21525.0,21506.0,0.9991173054587689,1.0064660422492318,53.13601603372463
342-U1410C,"342-U1410C-21X-2,64",342,U1410,C,21,X,2,64,187.34,211.39,24.05,,213.91,230.52,2589354,263216,9.84,,45.7099193,23595.0,22975.0,0.9737232464505192,0.9929950984313415,52.669315185153835
342-U1410C,"342-U1410C-21X-2,66",342,U1410,C,21,X,2,66,187.36,211.41,24.05,,213.93,230.54,2515620,252546,9.96,,45.7102808,22353.0,22119.0,0.9895316064957724,0.9982593384236987,52.85169477968904
342-U1410C,"342-U1410C-21X-2,68",342,U1410,C,21,X,2,68,187.38,211.43,24.05,,213.95,230.56,2487689,273233,9.1,,45.7106423,23291.0,23260.0,0.9986690137821476,0.9590413923210935,51.49298903696429
342-U1410C,"342-U1410C-21X-2,70",342,U1410,C,21,X,2,70,187.4,211.45,24.05,,213.98,230.59,2504936,280981,8.91,,45.7111846,25349.0,23086.0,0.9107262613909819,0.9498777040368748,51.17551305635753
342-U1410C,"342-U1410C-21X-2,72",342,U1410,C,21,X,2,72,187.42,211.47,24.05,,214.0,230.61,2395152,299858,7.99,,45.7115462,26349.0,25166.0,0.9551026604425216,0.9025467793139914,49.535733169333234
342-U1410C,"342-U1410C-21X-2,74",342,U1410,C,21,X,2,74,187.44,211.49,24.05,,214.02,230.63,2399774,317302,7.56,,45.7119077,24614.0,25484.0,1.0353457381977735,0.8785217955012065,48.7033876051393
342-U1410C,"342-U1410C-21X-2,76",342,U1410,C,21,X,2,76,187.46,211.51,24.05,,214.04,230.65,2357179,312083,7.55,,45.7122692,26112.0,26639.0,1.0201822916666667,0.8779469516291882,48.68347213919323
342-U1410C,"342-U1410C-21X-2,78",342,U1410,C,21,X,2,78,187.48,211.53,24.05,,214.07,230.68,2334869,320714,7.28,,45.7128115,23412.0,25564.0,1.091918674184179,0.8621313793130372,48.135541636300175
342-U1410C,"342-U1410C-21X-2,80",342,U1410,C,21,X,2,80,187.5,211.55,24.05,,214.09,230.7,2272275,332398,6.84,,45.713173,26590.0,27620.0,1.038736367055284,0.8350561017201162,47.19751864409343
342-U1410C,"342-U1410C-21X-2,82",342,U1410,C,21,X,2,82,187.52,211.57,24.05,,214.11,230.72,2315934,349873,6.62,,45.7135346,25682.0,27350.0,1.064948212756016,0.8208579894396999,46.7056250441384
342-U1410C,"342-U1410C-21X-2,84",342,U1410,C,21,X,2,84,187.54,211.59,24.05,,214.13,230.74,2167254,436350,4.97,,45.7138961,23646.0,27990.0,1.1837097183455976,0.696356388733332,42.39226708766629
342-U1410C,"342-U1410C-21X-2,86",342,U1410,C,21,X,2,86,187.56,211.61,24.05,,214.16,230.77,2142718,458986,4.67,,45.7144384,28380.0,30353.0,1.0695207892882312,0.6693168805661122,41.45548332721296
342-U1410C,"342-U1410C-21X-2,88",342,U1410,C,21,X,2,88,187.58,211.63,24.05,,214.18,230.79,2139527,450481,4.75,,45.7147999,27516.0,29212.0,1.061636865823521,0.6766936096248666,41.71105010545351
342-U1410C,"342-U1410C-21X-2,90",342,U1410,C,21,X,2,90,187.6,211.65,24.05,,214.2,230.81,2323023,318211,7.3,,45.7151615,31006.0,29868.0,0.9632974263045863,0.8633228601204559,48.1768204888732
342-U1410C,"342-U1410C-21X-2,92",342,U1410,C,21,X,2,92,187.62,211.67,24.05,,214.22,230.83,2235433,327847,6.82,,45.715523,28608.0,29159.0,1.019260346756152,0.8337843746564789,47.15345965997371
342-U1410C,"342-U1410C-21X-2,94",342,U1410,C,21,X,2,94,187.64,211.69,24.05,,214.25,230.86,2067200,333264,6.2,,45.7160653,27709.0,29333.0,1.0586091161716409,0.7923916894982539,45.71941008266701
342-U1410C,"342-U1410C-21X-2,96",342,U1410,C,21,X,2,96,187.66,211.71,24.05,,214.27,230.88,2054579,330964,6.21,,45.7164268,29511.0,29316.0,0.9933922943986988,0.7930916001765802,45.743658488117624
342-U1410C,"342-U1410C-21X-2,98",342,U1410,C,21,X,2,98,187.68,211.73,24.05,,214.29,230.9,1955254,392276,4.98,,45.7167884,26215.0,28836.0,1.0999809269502194,0.6972293427597176,42.42251057991042
342-U1410C,"342-U1410C-21X-2,100",342,U1410,C,21,X,2,100,187.7,211.75,24.05,,214.31,230.92,1842970,497005,3.71,,45.7171499,27766.0,28570.0,1.0289562774616436,0.5693739096150459,37.99295909861327
342-U1410C,"342-U1410C-21X-2,102",342,U1410,C,21,X,2,102,187.72,211.77,24.05,,214.34,230.95,1974495,424679,4.65,,45.7176922,24242.0,26965.0,1.1123257157000248,0.667452952889954,41.390907552872456
342-U1410C,"342-U1410C-21X-2,104",342,U1410,C,21,X,2,104,187.74,211.79,24.05,,214.36,230.97,2187015,299139,7.31,,45.7180537,26057.0,26882.0,1.0316613577925318,0.8639173769578604,48.197417524705074
342-U1410C,"342-U1410C-21X-2,106",342,U1410,C,21,X,2,106,187.76,211.81,24.05,,214.38,230.99,2164375,303166,7.14,,45.7184152,26492.0,26557.0,1.0024535708893252,0.8536982117761743,47.84337454698556
342-U1410C,"342-U1410C-21X-2,108",342,U1410,C,21,X,2,108,187.78,211.83,24.05,,214.41,231.02,2047119,330576,6.19,,45.7189575,26607.0,27548.0,1.0353666328409816,0.791690649020118,45.69512253530199
342-U1410C,"342-U1410C-21X-2,110",342,U1410,C,21,X,2,110,187.8,211.85,24.05,,214.43,231.04,2024870,350322,5.78,,45.7193191,28168.0,28801.0,1.022472309003124,0.761927838420529,44.66398996207923
342-U1410C,"342-U1410C-21X-2,112",342,U1410,C,21,X,2,112,187.82,211.87,24.05,,214.45,231.06,2102322,330137,6.37,,45.7196806,27708.0,27512.0,0.992926230691497,0.8041394323353505,46.12641063325822
342-U1410C,"342-U1410C-21X-2,114",342,U1410,C,21,X,2,114,187.84,211.89,24.05,,214.47,231.08,2183591,319825,6.83,,45.7200421,27776.0,27392.0,0.9861751152073732,0.8344207036815325,47.175505279046696
342-U1410C,"342-U1410C-21X-2,116",342,U1410,C,21,X,2,116,187.86,211.91,24.05,,214.5,231.11,2137806,330289,6.47,,45.7205844,28434.0,27323.0,0.9609270591545334,0.8109042806687004,46.360778803767126
342-U1410C,"342-U1410C-21X-2,118",342,U1410,C,21,X,2,118,187.88,211.93,24.05,,214.52,231.13,2104152,372432,5.65,,45.720946,27702.0,27539.0,0.9941159483069815,0.7520484478194386,44.321718474704454
342-U1410C,"342-U1410C-21X-2,120",342,U1410,C,21,X,2,120,187.9,211.95,24.05,,214.54,231.15,2167717,374048,5.8,,45.7213075,28633.0,27911.0,0.9747843397478434,0.7634279935629372,44.71596283698796
342-U1410C,"342-U1410C-21X-2,122",342,U1410,C,21,X,2,122,187.92,211.97,24.05,,214.56,231.17,2285085,341736,6.69,,45.721669,30142.0,28658.0,0.9507663725034835,0.8254261177678232,46.863887850066234
342-U1410C,"342-U1410C-21X-2,124",342,U1410,C,21,X,2,124,187.94,211.99,24.05,,214.59,231.2,2279091,336363,6.78,,45.7222113,25160.0,28169.0,1.1195945945945946,0.8312296938670634,47.06495274402441
342-U1410C,"342-U1410C-21X-2,126",342,U1410,C,21,X,2,126,187.96,212.01,24.05,,214.61,231.22,2158119,346909,6.22,,45.7225728,28501.0,28853.0,1.0123504438440756,0.7937903846908186,45.76786787761341
342-U1410C,"342-U1410C-21X-2,128",342,U1410,C,21,X,2,128,187.98,212.03,24.05,,214.63,231.24,2186351,329045,6.64,,45.7229344,26210.0,27618.0,1.053719954215948,0.8221680793680175,46.75101310970497
342-U1410C,"342-U1410C-21X-2,130",342,U1410,C,21,X,2,130,188.0,212.05,24.05,,214.65,231.26,2139535,329669,6.49,,45.7232959,26099.0,27451.0,1.051802751063259,0.8122446968003693,46.4072175206488
342-U1410C,"342-U1410C-21X-2,132",342,U1410,C,21,X,2,132,188.02,212.07,24.05,,214.68,231.29,1986617,352950,5.63,,45.7238382,27719.0,28720.0,1.0361124138677442,0.7505083948513462,44.26836333962489
342-U1410C,"342-U1410C-21X-2,134",342,U1410,C,21,X,2,134,188.04,212.09,24.05,,214.7,231.31,2009842,337276,5.96,,45.7241997,24293.0,25987.0,1.0697320215699997,0.7752462597402364,45.12540666870049
342-U1410C,"342-U1410C-21X-2,136",342,U1410,C,21,X,2,136,188.06,212.11,24.05,,214.72,231.33,1869115,310222,6.03,,45.7245613,28798.0,27327.0,0.948920063893326,0.7803173121401513,45.30109327909554
342-U1410C,"342-U1410C-21X-2,138",342,U1410,C,21,X,2,138,188.08,212.13,24.05,,214.74,231.35,1835475,301405,6.09,,45.7249228,24104.0,27350.0,1.1346664454032527,0.7846172926328754,45.45006610326597
342-U1410C,"342-U1410C-21X-2,140",342,U1410,C,21,X,2,140,188.1,212.15,24.05,,214.77,231.38,1652356,302697,5.46,,45.7254651,25764.0,26323.0,1.021696941468716,0.7371926427047373,43.80703910650563
342-U1410C,"342-U1410C-21X-2,142",342,U1410,C,21,X,2,142,188.12,212.17,24.05,,214.79,231.4,1655270,286950,5.77,,45.7258266,23615.0,25215.0,1.0677535464746983,0.7611758131557314,44.63793604678031
342-U1410C,"342-U1410C-21X-2,144",342,U1410,C,21,X,2,144,188.14,212.19,24.05,,214.81,231.42,1743953,292724,5.96,,45.7261881,24430.0,24899.0,1.0191977077363896,0.7752462597402364,45.12540666870049
342-U1410C,"342-U1410C-21X-2,146",342,U1410,C,21,X,2,146,188.16,212.21,24.05,,214.83,231.44,1675462,337732,4.96,,45.7265497,25188.0,27487.0,1.0912736223598538,0.6954816764901974,42.3619626820029
342-U1410C,"342-U1410C-21X-2,148",342,U1410,C,21,X,2,148,188.18,212.23,24.05,,214.86,231.47,1775429,397538,4.47,,45.727092,29987.0,29831.0,0.994797745689799,0.6503075231319364,40.79690413890594
342-U1410C,"342-U1410C-21X-2,150",342,U1410,C,21,X,2,150,188.2,212.25,24.05,,214.88,231.49,1825038,374167,4.88,,45.7274535,31469.0,31564.0,1.003018843941657,0.6884198220027106,42.11730473328391
342-U1410C,"342-U1410C-21X-3,2",342,U1410,C,21,X,3,2,188.22,212.27,24.05,,214.9,231.51,1971640,396806,4.97,,45.727815,30953.0,33231.0,1.0735954511678998,0.696356388733332,42.39226708766629
342-U1410C,"342-U1410C-21X-3,4",342,U1410,C,21,X,3,4,188.24,212.29,24.05,,214.93,231.54,2089271,375820,5.56,,45.7283573,31561.0,32930.0,1.0433763188745604,0.7450747915820575,44.08011615436038
342-U1410C,"342-U1410C-21X-3,6",342,U1410,C,21,X,3,6,188.26,212.31,24.05,,214.95,231.56,1999180,371128,5.39,,45.7287188,29266.0,31339.0,1.070833048588806,0.7315887651867387,43.61289276989456
342-U1410C,"342-U1410C-21X-3,8",342,U1410,C,21,X,3,8,188.28,212.33,24.05,,214.97,231.58,1949105,376619,5.18,,45.7290804,31279.0,33313.0,1.0650276543367754,0.714329759745233,43.0149545263736
342-U1410C,"342-U1410C-21X-3,10",342,U1410,C,21,X,3,10,188.3,212.35,24.05,,214.99,231.6,1977252,373444,5.29,,45.7294419,30407.0,31867.0,1.048015259644161,0.7234556720351858,43.33112175765901
342-U1410C,"342-U1410C-21X-3,12",342,U1410,C,21,X,3,12,188.32,212.37,24.05,,215.02,231.63,2050888,354934,5.78,,45.7299842,28531.0,32703.0,1.146226911079177,0.761927838420529,44.66398996207923
342-U1410C,"342-U1410C-21X-3,14",342,U1410,C,21,X,3,14,188.34,212.39,24.05,,215.04,231.65,1970763,378310,5.21,,45.7303457,30607.0,32220.0,1.052700362662136,0.7168377232995244,43.10184292371203
342-U1410C,"342-U1410C-21X-3,16",342,U1410,C,21,X,3,16,188.36,212.41,24.05,,215.06,231.67,1992292,391021,5.1,,45.7307073,28366.0,30689.0,1.0818938165409293,0.7075701760979364,42.78076875091301
342-U1410C,"342-U1410C-21X-3,18",342,U1410,C,21,X,3,18,188.38,212.43,24.05,,215.08,231.69,1940464,337006,5.76,,45.7310688,27804.0,30394.0,1.093152064451158,0.7604224834232121,44.611836938197186
342-U1410C,"342-U1410C-21X-3,20",342,U1410,C,21,X,3,20,188.4,212.45,24.05,,215.11,231.72,1999130,345859,5.78,,45.7316111,27170.0,30396.0,1.1187338976812662,0.761927838420529,44.66398996207923
342-U1410C,"342-U1410C-21X-3,22",342,U1410,C,21,X,3,22,188.42,212.47,24.05,,215.13,231.74,2040009,344287,5.93,,45.7319726,29432.0,31234.0,1.0612258765969014,0.7730546933642626,45.04947985160488
342-U1410C,"342-U1410C-21X-3,24",342,U1410,C,21,X,3,24,188.44,212.49,24.05,,215.15,231.76,1976053,353721,5.59,,45.7323341,29915.0,32449.0,1.0847066688952032,0.7474118078864233,44.161082084225136
342-U1410C,"342-U1410C-21X-3,26",342,U1410,C,21,X,3,26,188.46,212.51,24.05,,215.17,231.78,1956204,336613,5.81,,45.7326957,29625.0,31655.0,1.0685232067510548,0.7641761323903307,44.74188210666301
342-U1410C,"342-U1410C-21X-3,28",342,U1410,C,21,X,3,28,188.48,212.53,24.05,,215.2,231.81,1966573,335554,5.86,,45.733238,29778.0,30335.0,1.0187050842904157,0.7678976160180907,44.87081290694675
342-U1410C,"342-U1410C-21X-3,30",342,U1410,C,21,X,3,30,188.5,212.55,24.05,,215.22,231.83,1960662,333269,5.88,,45.7335995,26544.0,30353.0,1.1434975889089813,0.7693773260761385,44.92207746190782
342-U1410C,"342-U1410C-21X-3,32",342,U1410,C,21,X,3,32,188.52,212.57,24.05,,215.24,231.85,1999858,340550,5.87,,45.733961,29646.0,31193.0,1.0521824192133846,0.7686381012476144,44.89646701772361
342-U1410C,"342-U1410C-21X-3,34",342,U1410,C,21,X,3,34,188.54,212.59,24.05,,215.26,231.87,2045360,370077,5.53,,45.7343226,29230.0,31215.0,1.0679096818337324,0.7427251313046983,43.99871217405128
342-U1410C,"342-U1410C-21X-3,36",342,U1410,C,21,X,3,36,188.56,212.61,24.05,,215.29,231.9,2050722,375356,5.46,,45.7348649,27034.0,31579.0,1.168121624620848,0.7371926427047373,43.80703910650563
342-U1410C,"342-U1410C-21X-3,38",342,U1410,C,21,X,3,38,188.58,212.63,24.05,,215.31,231.92,2038843,366473,5.56,,45.7352264,26756.0,31711.0,1.1851921064434146,0.7450747915820575,44.08011615436038
342-U1410C,"342-U1410C-21X-3,40",342,U1410,C,21,X,3,40,188.6,212.65,24.05,,215.33,231.94,1997717,376261,5.31,,45.7355879,29990.0,32488.0,1.083294431477159,0.725094521081469,43.3878996828675
342-U1410C,"342-U1410C-21X-3,42",342,U1410,C,21,X,3,42,188.62,212.67,24.05,,215.36,231.97,2021981,380142,5.32,,45.7361302,28020.0,31582.0,1.1271234832262669,0.7259116322950482,43.41620850086194
342-U1410C,"342-U1410C-21X-3,44",342,U1410,C,21,X,3,44,188.64,212.69,24.05,,215.38,231.99,2117580,359166,5.9,,45.7364917,27735.0,31611.0,1.1397512168739858,0.7708520116421442,44.97316794334209
342-U1410C,"342-U1410C-21X-3,46",342,U1410,C,21,X,3,46,188.66,212.71,24.05,,215.4,232.01,2180139,356107,6.12,,45.7368533,30496.0,31765.0,1.0416120146904513,0.7867514221455612,45.52400302023297
342-U1410C,"342-U1410C-21X-3,48",342,U1410,C,21,X,3,48,188.68,212.73,24.05,,215.42,232.03,2174074,341610,6.36,,45.7372148,28622.0,29875.0,1.043777513800573,0.8034571156484139,46.102771771639304
342-U1410C,"342-U1410C-21X-3,50",342,U1410,C,21,X,3,50,188.7,212.75,24.05,,215.45,232.06,2140367,347986,6.15,,45.7377571,30309.0,30699.0,1.0128674651093734,0.7888751157754168,45.59757838603932
342-U1410C,"342-U1410C-21X-3,52",342,U1410,C,21,X,3,52,188.72,212.77,24.05,,215.47,232.08,2131112,338626,6.29,,45.7381186,29303.0,30732.0,1.0487663379176193,0.798650645445269,45.93625161145135
342-U1410C,"342-U1410C-21X-3,54",342,U1410,C,21,X,3,54,188.74,212.79,24.05,,215.49,232.1,2135477,359213,5.94,,45.7384802,29361.0,30548.0,1.040427778345424,0.7737864449811935,45.07483138637345
342-U1410C,"342-U1410C-21X-3,56",342,U1410,C,21,X,3,56,188.76,212.81,24.05,,215.51,232.12,2139703,348826,6.13,,45.7388417,29610.0,29785.0,1.0059101654846336,0.787460474518415,45.54856813969049
342-U1410C,"342-U1410C-21X-3,58",342,U1410,C,21,X,3,58,188.78,212.83,24.05,,215.54,232.15,2092936,343164,6.1,,45.739384,25493.0,29292.0,1.1490212999646963,0.785329835010767,45.47475213394803
342-U1410C,"342-U1410C-21X-3,60",342,U1410,C,21,X,3,60,188.8,212.85,24.05,,215.56,232.17,2092183,340693,6.14,,45.7397455,29180.0,28978.0,0.9930774503084304,0.7881683711411677,45.57309321818576
342-U1410C,"342-U1410C-21X-3,62",342,U1410,C,21,X,3,62,188.82,212.87,24.05,,215.58,232.19,2128778,318211,6.69,,45.7401071,25323.0,27216.0,1.0747541760454922,0.8254261177678232,46.863887850066234
342-U1410C,"342-U1410C-21X-3,64",342,U1410,C,21,X,3,64,188.84,212.89,24.05,,215.6,232.21,2176497,318605,6.83,,45.7404686,26320.0,27391.0,1.040691489361702,0.8344207036815325,47.175505279046696
342-U1410C,"342-U1410C-21X-3,66",342,U1410,C,21,X,3,66,188.86,212.91,24.05,,215.63,232.24,2200343,316781,6.95,,45.7410109,27643.0,27302.0,0.9876641464385197,0.8419848045901139,47.4375635550245
342-U1410C,"342-U1410C-21X-3,68",342,U1410,C,21,X,3,68,188.88,212.93,24.05,,215.65,232.26,2295469,301070,7.62,,45.7413724,24464.0,25435.0,1.0396909744931329,0.8819549713396005,48.82232998206047
342-U1410C,"342-U1410C-21X-3,70",342,U1410,C,21,X,3,70,188.9,212.95,24.05,,215.67,232.28,2406359,280361,8.58,,45.7417339,25493.0,24569.0,0.9637547562075864,0.9334872878487055,50.60766708751841
342-U1410C,"342-U1410C-21X-3,72",342,U1410,C,21,X,3,72,188.92,212.97,24.05,,215.69,232.3,2520553,260032,9.69,,45.7420955,23593.0,23170.0,0.982070953248845,0.9863237770507653,52.438187255923765
342-U1410C,"342-U1410C-21X-3,74",342,U1410,C,21,X,3,74,188.94,212.99,24.05,,215.72,232.33,2468782,264802,9.32,,45.7426378,22916.0,22537.0,0.983461337057078,0.9694159123539814,51.85241428350369
342-U1410C,"342-U1410C-21X-3,76",342,U1410,C,21,X,3,76,188.96,213.01,24.05,,215.74,232.35,2547954,256502,9.93,,45.7429993,22866.0,21986.0,0.9615149129712236,0.9969492484953811,52.806306714122485
342-U1410C,"342-U1410C-21X-3,78",342,U1410,C,21,X,3,78,188.98,213.03,24.05,,215.76,232.37,2551014,260794,9.78,,45.7433608,21035.0,21792.0,1.0359876396482053,0.9903388547876014,52.57728962411646
342-U1410C,"342-U1410C-21X-3,80",342,U1410,C,21,X,3,80,189.0,213.05,24.05,,215.79,232.4,2535170,260734,9.72,,45.7439031,22821.0,22349.0,0.9793172954734675,0.9876662649262746,52.48469774837079
342-U1410C,"342-U1410C-21X-3,82",342,U1410,C,21,X,3,82,189.02,213.07,24.05,,215.81,232.42,2614542,265830,9.84,,45.7442646,22053.0,22077.0,1.0010882873078493,0.9929950984313415,52.669315185153835
342-U1410C,"342-U1410C-21X-3,84",342,U1410,C,21,X,3,84,189.04,213.09,24.05,,215.83,232.44,2601080,269975,9.63,,45.7446262,21552.0,21641.0,1.0041295471417966,0.9836262871245346,52.34473271742951
342-U1410C,"342-U1410C-21X-3,86",342,U1410,C,21,X,3,86,189.06,213.11,24.05,,215.86,232.47,2623378,268691,9.76,,45.7451685,22428.0,21908.0,0.9768146959158195,0.9894498176666918,52.546488933062534
342-U1410C,"342-U1410C-21X-3,88",342,U1410,C,21,X,3,88,189.08,213.13,24.05,,215.88,232.49,2462617,292069,8.43,,45.74553,23733.0,23467.0,0.9887919774154131,0.9258275746247423,50.342296322874205
342-U1410C,"342-U1410C-21X-3,90",342,U1410,C,21,X,3,90,189.1,213.15,24.05,,215.9,232.51,2477274,285813,8.67,,45.7458915,23408.0,22042.0,0.9416438824333562,0.9380190974762103,50.76467163206331
342-U1410C,"342-U1410C-21X-3,92",342,U1410,C,21,X,3,92,189.12,213.17,24.05,,215.93,232.54,2426539,297595,8.15,,45.7464338,24137.0,24116.0,0.9991299664415627,0.9111576087399766,49.83405535479649
342-U1410C,"342-U1410C-21X-3,94",342,U1410,C,21,X,3,94,189.14,213.19,24.05,,215.95,232.56,2393804,311071,7.7,,45.7467954,23887.0,24422.0,1.022397119772261,0.8864907251724818,48.979471173600636
342-U1410C,"342-U1410C-21X-3,96",342,U1410,C,21,X,3,96,189.16,213.21,24.05,,215.97,232.58,2352754,318473,7.39,,45.7471569,25162.0,25666.0,1.0200302042762897,0.8686444383948257,48.36118656818874
342-U1410C,"342-U1410C-21X-3,98",342,U1410,C,21,X,3,98,189.18,213.23,24.05,,216.0,232.61,2194482,336228,6.53,,45.7476992,26908.0,27716.0,1.030028244388286,0.814913181275074,46.49966716527494
342-U1410C,"342-U1410C-21X-3,100",342,U1410,C,21,X,3,100,189.2,213.25,24.05,,216.02,232.63,2173900,331761,6.55,,45.7480607,24342.0,26706.0,1.0971160956371704,0.8162412999917831,46.54567983821533
342-U1410C,"342-U1410C-21X-3,102",342,U1410,C,21,X,3,102,189.22,213.27,24.05,,216.04,232.65,2085755,334562,6.23,,45.7484222,27454.0,28773.0,1.0480440008741896,0.7944880466591696,45.79203837650694
342-U1410C,"342-U1410C-21X-3,104",342,U1410,C,21,X,3,104,189.24,213.29,24.05,,216.07,232.68,2142535,327057,6.55,,45.7489645,25183.0,28006.0,1.1120994321566136,0.8162412999917831,46.54567983821533
342-U1410C,"342-U1410C-21X-3,106",342,U1410,C,21,X,3,106,189.26,213.31,24.05,,216.09,232.7,1933279,473989,4.08,,45.7493261,26385.0,27825.0,1.054576463899943,0.6106601630898799,39.42332135024889
342-U1410C,"342-U1410C-21X-3,108",342,U1410,C,21,X,3,108,189.28,213.33,24.05,,216.11,232.72,1833916,332324,5.52,,45.7496876,25724.0,28385.0,1.103444254392785,0.7419390777291989,43.971479347928096
342-U1410C,"342-U1410C-21X-3,110",342,U1410,C,21,X,3,110,189.3,213.35,24.05,,216.14,232.75,1821054,523012,3.48,,45.7502299,24031.0,26541.0,1.104448420789813,0.541579243946581,37.030012906529294
342-U1410C,"342-U1410C-21X-3,112",342,U1410,C,21,X,3,112,189.32,213.37,24.05,,216.16,232.77,1975176,425235,4.64,,45.7505914,24764.0,25553.0,1.0318607656275238,0.6665179805548809,41.35851543632385
342-U1410C,"342-U1410C-21X-3,114",342,U1410,C,21,X,3,114,189.34,213.39,24.05,,216.19,232.8,2206679,311192,7.09,,45.7511337,25423.0,26055.0,1.0248593793022067,0.8506462351830665,47.73763881791734
342-U1410C,"342-U1410C-21X-3,116",342,U1410,C,21,X,3,116,189.36,213.41,24.05,,216.21,232.82,2038923,377632,5.4,,45.7514953,25286.0,27141.0,1.073360752985842,0.7323937598229685,43.640781809066745
342-U1410C,"342-U1410C-21X-3,118",342,U1410,C,21,X,3,118,189.38,213.43,24.05,,216.23,232.84,2117225,393859,5.38,,45.7518568,25945.0,27180.0,1.047600693775294,0.7307822756663892,43.584951940462055
342-U1410C,"342-U1410C-21X-3,120",342,U1410,C,21,X,3,120,189.4,213.45,24.05,,216.26,232.87,2334856,322294,7.24,,45.7523991,26788.0,26306.0,0.9820068687472002,0.859738566197147,48.05264262590016
342-U1410C,"342-U1410C-21X-3,122",342,U1410,C,21,X,3,122,189.42,213.47,24.05,,216.28,232.89,2292343,311648,7.36,,45.7527606,23427.0,25156.0,1.0738037307380373,0.8668778143374989,48.29998187772265
342-U1410C,"342-U1410C-21X-3,124",342,U1410,C,21,X,3,124,189.44,213.49,24.05,,216.3,232.91,2190560,333709,6.56,,45.7531222,26537.0,26922.0,1.0145080453706146,0.8169038393756602,46.56863351516975
342-U1410C,"342-U1410C-21X-3,126",342,U1410,C,21,X,3,126,189.46,213.51,24.05,,216.33,232.94,2230400,338888,6.58,,45.7536644,25172.0,26872.0,1.0675353567455903,0.8182258936139555,46.61443608425549
342-U1410C,"342-U1410C-21X-3,128",342,U1410,C,21,X,3,128,189.48,213.53,24.05,,216.35,232.96,2196907,337329,6.51,,45.754026,26433.0,26309.0,0.9953088941852987,0.8135809885681919,46.45351334894501
342-U1410C,"342-U1410C-21X-3,130",342,U1410,C,21,X,3,130,189.5,213.55,24.05,,216.37,232.98,2322006,309637,7.5,,45.7543875,25026.0,24987.0,0.998441620714457,0.8750612633917001,48.58349747020545
342-U1410C,"342-U1410C-21X-3,132",342,U1410,C,21,X,3,132,189.52,213.57,24.05,,216.4,233.01,2056036,339645,6.05,,45.7549298,25496.0,25923.0,1.0167477251333543,0.7817553746524689,45.35091495483479
342-U1410C,"342-U1410C-21X-3,134",342,U1410,C,21,X,3,134,189.54,213.59,24.05,,216.42,233.03,2124014,313608,6.77,,45.7552913,25775.0,25146.0,0.9755965082444229,0.8305886686851442,47.042744426596826
342-U1410C,"342-U1410C-21X-3,136",342,U1410,C,21,X,3,136,189.56,213.61,24.05,,216.44,233.05,2075057,302211,6.87,,45.7556529,23421.0,24505.0,1.0462832500747192,0.8369567370595504,47.26336615542813
342-U1410C,"342-U1410C-21X-3,138",342,U1410,C,21,X,3,138,189.58,213.63,24.05,,216.47,233.08,2019773,274004,7.37,,45.7561952,23239.0,22231.0,0.9566246396144412,0.8674674878590515,48.32041111687684
342-U1410C,"342-U1410C-21X-3,140",342,U1410,C,21,X,3,140,189.6,213.65,24.05,,216.49,233.1,1989852,274935,7.24,,45.7565567,21984.0,21722.0,0.9880822416302766,0.859738566197147,48.05264262590016
342-U1410C,"342-U1410C-21X-3,142",342,U1410,C,21,X,3,142,189.62,213.67,24.05,,216.51,233.12,2038112,276691,7.37,,45.7569182,22694.0,22017.0,0.9701683264298934,0.8674674878590515,48.32041111687684
342-U1410C,"342-U1410C-21X-3,144",342,U1410,C,21,X,3,144,189.64,213.69,24.05,,216.54,233.15,2141512,306764,6.98,,45.7574605,25465.0,24917.0,0.9784802670331828,0.8438554226231612,47.50237111677942
342-U1410C,"342-U1410C-21X-3,146",342,U1410,C,21,X,3,146,189.66,213.71,24.05,,216.56,233.17,2279348,299829,7.6,,45.757822,22417.0,23787.0,1.0611143328723736,0.8808135922807914,48.78278690456802
342-U1410C,"342-U1410C-21X-3,148",342,U1410,C,21,X,3,148,189.68,213.73,24.05,,216.58,233.19,2471409,281806,8.77,,45.7581836,23764.0,23318.0,0.9812321158054199,0.9429995933660404,50.93722091216647
342-U1410C,"342-U1410C-21X-3,150",342,U1410,C,21,X,3,150,189.7,213.75,24.05,,216.61,233.22,2278771,335888,6.78,,45.7587259,26729.0,24337.0,0.9105091847805754,0.8312296938670634,47.06495274402441
342-U1410C,"342-U1410C-21X-4,2",342,U1410,C,21,X,4,2,189.72,213.77,24.05,,216.63,233.24,2027526,290490,6.98,,45.7590874,20735.0,23488.0,1.1327706775982638,0.8438554226231612,47.50237111677942
342-U1410C,"342-U1410C-21X-4,4",342,U1410,C,21,X,4,4,189.74,213.79,24.05,,216.65,233.26,1351852,183408,7.37,,45.7594489,11506.0,13944.0,1.2118894489831393,0.8674674878590515,48.32041111687684
342-U1410C,"342-U1410C-21X-4,6",342,U1410,C,21,X,4,6,189.76,213.81,24.05,,216.68,233.29,1158669,162549,7.13,,45.7599912,9100.0,11778.0,1.2942857142857143,0.8530895298518656,47.82228676171789
342-U1410C,"342-U1410C-21X-4,8",342,U1410,C,21,X,4,8,189.78,213.83,24.05,,216.7,233.31,1140579,166446,6.85,,45.7603528,8181.0,11895.0,1.453978731206454,0.8356905714924255,47.21949984935509
342-U1410C,"342-U1410C-21X-4,10",342,U1410,C,21,X,4,10,189.8,213.85,24.05,,216.73,233.34,1199953,185638,6.46,,45.7608951,9621.0,13315.0,1.3839517721650556,0.8102325179950841,46.337505585939695
342-U1410C,"342-U1410C-21X-4,12",342,U1410,C,21,X,4,12,189.82,213.87,24.05,,216.75,233.36,1432935,229515,6.24,,45.7612566,14856.0,18013.0,1.2125067312870221,0.795184589682424,45.816170109547585
342-U1410C,"342-U1410C-21X-4,14",342,U1410,C,21,X,4,14,189.84,213.89,24.05,,216.77,233.38,1849000,308081,6.0,,45.7616181,20791.0,22848.0,1.0989370400654128,0.7781512503836436,45.22605006954134
342-U1410C,"342-U1410C-21X-4,16",342,U1410,C,21,X,4,16,189.86,213.91,24.05,,216.8,233.41,2053099,280363,7.32,,45.7621604,19629.0,23826.0,1.2138162922206939,0.8645110810583919,48.217986403267986
342-U1410C,"342-U1410C-21X-4,18",342,U1410,C,21,X,4,18,189.88,213.93,24.05,,216.82,233.43,1959497,294857,6.65,,45.7625219,22926.0,26459.0,1.1541045101631335,0.8228216453031046,46.77365590152606
342-U1410C,"342-U1410C-21X-4,20",342,U1410,C,21,X,4,20,189.9,213.95,24.05,,216.84,233.45,1863640,300650,6.2,,45.7628835,23961.0,25717.0,1.0732857560201996,0.7923916894982539,45.71941008266701
342-U1410C,"342-U1410C-21X-4,22",342,U1410,C,21,X,4,22,189.92,213.97,24.05,,216.87,233.48,1810979,309829,5.85,,45.7634258,23218.0,26982.0,1.162115599965544,0.7671558660821804,44.845114980417144
342-U1410C,"342-U1410C-21X-4,24",342,U1410,C,21,X,4,24,189.94,213.99,24.05,,216.89,233.5,1884790,320314,5.88,,45.7637873,24011.0,26965.0,1.123026945983091,0.7693773260761385,44.92207746190782
342-U1410C,"342-U1410C-21X-4,26",342,U1410,C,21,X,4,26,189.96,214.01,24.05,,216.91,233.52,1861643,328372,5.67,,45.7641488,21568.0,27279.0,1.2647904302670623,0.7535830588929066,44.37488507534475
342-U1410C,"342-U1410C-21X-4,28",342,U1410,C,21,X,4,28,189.98,214.03,24.05,,216.94,233.55,1763926,423916,4.16,,45.7646911,23683.0,27175.0,1.1474475362074061,0.6190933306267428,39.7154884395635
342-U1410C,"342-U1410C-21X-4,30",342,U1410,C,21,X,4,30,190.0,214.05,24.05,,216.96,233.57,1799354,350966,5.13,,45.7650527,22073.0,28260.0,1.2802971956689169,0.7101173651118162,42.86901611429887
342-U1410C,"342-U1410C-21X-4,32",342,U1410,C,21,X,4,32,190.02,214.07,24.05,,216.98,233.59,1736699,334662,5.19,,45.7654142,22436.0,27754.0,1.237029773578178,0.7151673578484579,43.04397311265983
342-U1410C,"342-U1410C-21X-4,34",342,U1410,C,21,X,4,34,190.04,214.09,24.05,,217.01,233.62,1812546,327657,5.53,,45.7659565,24776.0,27634.0,1.1153535679690023,0.7427251313046983,43.99871217405128
342-U1410C,"342-U1410C-21X-4,36",342,U1410,C,21,X,4,36,190.06,214.11,24.05,,217.03,233.64,1674840,424819,3.94,,45.766318,20344.0,26545.0,1.3048073141958316,0.5954962218255742,38.89796660514702
342-U1410C,"342-U1410C-21X-4,38",342,U1410,C,21,X,4,38,190.08,214.13,24.05,,217.05,233.66,1781351,335886,5.3,,45.7666795,25700.0,28155.0,1.0955252918287939,0.724275869600789,43.35953750231934
342-U1410C,"342-U1410C-21X-4,40",342,U1410,C,21,X,4,40,190.1,214.15,24.05,,217.08,233.69,1843041,345939,5.33,,45.7672218,23168.0,28664.0,1.2372237569060773,0.7267272090265723,43.4444641567256
342-U1410C,"342-U1410C-21X-4,42",342,U1410,C,21,X,4,42,190.12,214.17,24.05,,217.1,233.71,1790544,371598,4.82,,45.7675834,23533.0,27643.0,1.174648366124166,0.6830470382388496,41.931164639784946
342-U1410C,"342-U1410C-21X-4,44",342,U1410,C,21,X,4,44,190.14,214.19,24.05,,217.12,233.73,1892180,352539,5.37,,45.7679449,26087.0,28767.0,1.1027331621113965,0.7299742856995556,43.55695912806111
342-U1410C,"342-U1410C-21X-4,46",342,U1410,C,21,X,4,46,190.16,214.21,24.05,,217.15,233.76,1856793,341553,5.44,,45.7684872,22676.0,28066.0,1.2376962427235845,0.7355988996981799,43.751823880043446
342-U1410C,"342-U1410C-21X-4,48",342,U1410,C,21,X,4,48,190.18,214.23,24.05,,217.17,233.78,1909748,331789,5.76,,45.7688487,25901.0,27427.0,1.0589166441450137,0.7604224834232121,44.611836938197186
342-U1410C,"342-U1410C-21X-4,50",342,U1410,C,21,X,4,50,190.2,214.25,24.05,,217.19,233.8,1935013,336284,5.75,,45.7692103,23522.0,28143.0,1.1964543831306862,0.7596678446896304,44.585692479272254
342-U1410C,"342-U1410C-21X-4,52",342,U1410,C,21,X,4,52,190.22,214.27,24.05,,217.22,233.83,1987582,326280,6.09,,45.7697525,25100.0,28518.0,1.1361752988047809,0.7846172926328754,45.45006610326597
342-U1410C,"342-U1410C-21X-4,54",342,U1410,C,21,X,4,54,190.24,214.29,24.05,,217.24,233.85,2001415,308043,6.5,,45.7701141,21845.0,25633.0,1.1734035248340582,0.8129133566428556,46.43038324089173
342-U1410C,"342-U1410C-21X-4,56",342,U1410,C,21,X,4,56,190.26,214.31,24.05,,217.27,233.88,1906008,307818,6.19,,45.7706564,20608.0,25829.0,1.2533482142857142,0.791690649020118,45.69512253530199
342-U1410C,"342-U1410C-21X-4,58",342,U1410,C,21,X,4,58,190.28,214.33,24.05,,217.29,233.9,1936673,317007,6.11,,45.7710179,24102.0,26372.0,1.0941830553481038,0.7860412102425542,45.499397728853296
342-U1410C,"342-U1410C-21X-4,60",342,U1410,C,21,X,4,60,190.3,214.35,24.05,,217.31,233.92,1946465,307533,6.33,,45.7713794,22326.0,26296.0,1.177819582549494,0.8014037100173551,46.03163153355127
342-U1410C,"342-U1410C-21X-4,62",342,U1410,C,21,X,4,62,190.32,214.37,24.05,,217.34,233.95,1966110,321210,6.12,,45.7719217,24657.0,27654.0,1.1215476335320598,0.7867514221455612,45.52400302023297
342-U1410C,"342-U1410C-21X-4,64",342,U1410,C,21,X,4,64,190.34,214.39,24.05,,217.36,233.97,1995433,331017,6.03,,45.7722833,24713.0,27874.0,1.127908388297657,0.7803173121401513,45.30109327909554
342-U1410C,"342-U1410C-21X-4,66",342,U1410,C,21,X,4,66,190.36,214.41,24.05,,217.38,233.99,2138179,320297,6.68,,45.7726448,22319.0,26088.0,1.1688695730095435,0.8247764624755457,46.84138054246529
342-U1410C,"342-U1410C-21X-4,68",342,U1410,C,21,X,4,68,190.38,214.43,24.05,,217.41,234.02,2150321,318533,6.75,,45.7731871,26378.0,27911.0,1.0581166123284556,0.829303772831025,46.998229209730866
342-U1410C,"342-U1410C-21X-4,70",342,U1410,C,21,X,4,70,190.4,214.45,24.05,,217.43,234.04,2069965,314283,6.59,,45.7735486,22029.0,26576.0,1.206409732625176,0.8188854145940099,46.637285188609475
342-U1410C,"342-U1410C-21X-4,72",342,U1410,C,21,X,4,72,190.42,214.47,24.05,,217.45,234.06,2173490,315379,6.89,,45.7739101,25803.0,26467.0,1.0257334418478472,0.8382192219076258,47.307104942989696
342-U1410C,"342-U1410C-21X-4,74",342,U1410,C,21,X,4,74,190.44,214.49,24.05,,217.48,234.09,2193421,308006,7.12,,45.7744524,24262.0,26775.0,1.1035776110790536,0.8524799936368563,47.801169379548895
342-U1410C,"342-U1410C-21X-4,76",342,U1410,C,21,X,4,76,190.46,214.51,24.05,,217.5,234.11,2263873,312826,7.24,,45.774814,21376.0,25655.0,1.2001777694610778,0.859738566197147,48.05264262590016
342-U1410C,"342-U1410C-21X-4,78",342,U1410,C,21,X,4,78,190.48,214.53,24.05,,217.52,234.13,2367879,306984,7.71,,45.7751755,26412.0,27830.0,1.053687717704074,0.887054378050957,48.99899892757541
342-U1410C,"342-U1410C-21X-4,80",342,U1410,C,21,X,4,80,190.5,214.55,24.05,,217.55,234.16,2211297,289353,7.64,,45.7757178,19302.0,24429.0,1.2656201429903637,0.8830933585756899,48.86176940785478
342-U1410C,"342-U1410C-21X-4,82",342,U1410,C,21,X,4,82,190.52,214.57,24.05,,217.57,234.18,2275129,294916,7.71,,45.7760793,24694.0,24739.0,1.0018223050133637,0.887054378050957,48.99899892757541
342-U1410C,"342-U1410C-21X-4,84",342,U1410,C,21,X,4,84,190.54,214.59,24.05,,217.59,234.2,2276845,274776,8.29,,45.7764409,20730.0,24085.0,1.1618427399903521,0.9185545305502735,50.090321710914225
342-U1410C,"342-U1410C-21X-4,86",342,U1410,C,21,X,4,86,190.56,214.61,24.05,,217.62,234.23,2228323,261095,8.53,,45.7769831,21504.0,23139.0,1.0760323660714286,0.930949031167523,50.519729184798834
342-U1410C,"342-U1410C-21X-4,88",342,U1410,C,21,X,4,88,190.58,214.63,24.05,,217.64,234.25,2307993,266598,8.66,,45.7773447,22704.0,24442.0,1.0765503875968991,0.9375178920173467,50.74730736894098
342-U1410C,"342-U1410C-21X-4,90",342,U1410,C,21,X,4,90,190.6,214.65,24.05,,217.66,234.27,2429758,272301,8.92,,45.7777062,20726.0,24036.0,1.1597027887677314,0.9503648543761231,51.19239037986078
342-U1410C,"342-U1410C-21X-4,92",342,U1410,C,21,X,4,92,190.62,214.67,24.05,,217.69,234.3,2428539,275299,8.82,,45.7782485,22112.0,24377.0,1.1024330680173662,0.9454685851318197,51.0227591318919
342-U1410C,"342-U1410C-21X-4,94",342,U1410,C,21,X,4,94,190.64,214.69,24.05,,217.71,234.32,2442834,312441,7.82,,45.77861,23114.0,24888.0,1.0767500216319115,0.893206753059848,49.21214795975844
342-U1410C,"342-U1410C-21X-4,96",342,U1410,C,21,X,4,96,190.66,214.71,24.05,,217.73,234.34,2476019,279424,8.86,,45.7789716,24337.0,24009.0,0.9865225787894975,0.9474337218870508,51.09084129477688
342-U1410C,"342-U1410C-21X-4,98",342,U1410,C,21,X,4,98,190.68,214.73,24.05,,217.76,234.37,2239980,292116,7.67,,45.7795139,21853.0,25283.0,1.156957854756784,0.884795363948981,48.920735384012445
342-U1410C,"342-U1410C-21X-4,100",342,U1410,C,21,X,4,100,190.7,214.75,24.05,,217.78,234.39,2052195,284317,7.22,,45.7798754,23290.0,26146.0,1.1226277372262774,0.8585371975696391,48.01102120980015
342-U1410C,"342-U1410C-21X-4,102",342,U1410,C,21,X,4,102,190.72,214.77,24.05,,217.81,234.42,2143147,287582,7.45,,45.7804177,24853.0,25419.0,1.0227739105942943,0.8721562727482929,48.482854069364606
342-U1410C,"342-U1410C-21X-4,104",342,U1410,C,21,X,4,104,190.74,214.79,24.05,,217.83,234.44,2092077,311426,6.72,,45.7807792,23082.0,27174.0,1.1772809981804002,0.8273692730538252,46.931208464949776
342-U1410C,"342-U1410C-21X-4,106",342,U1410,C,21,X,4,106,190.76,214.81,24.05,,217.85,234.46,1781530,435742,4.09,,45.7811407,24094.0,25460.0,1.0566946127666639,0.6117233080073418,39.46015400591436
342-U1410C,"342-U1410C-21X-4,108",342,U1410,C,21,X,4,108,190.78,214.83,24.05,,217.88,234.49,1839988,370138,4.97,,45.781683,21317.0,26479.0,1.2421541492705352,0.696356388733332,42.39226708766629
342-U1410C,"342-U1410C-21X-4,110",342,U1410,C,21,X,4,110,190.8,214.85,24.05,,217.9,234.51,1877161,292041,6.43,,45.7820446,23380.0,25723.0,1.1002138579982892,0.8082109729242221,46.26746915695968
342-U1410C,"342-U1410C-21X-4,112",342,U1410,C,21,X,4,112,190.82,214.87,24.05,,217.92,234.53,1800501,271777,6.62,,45.7824061,19401.0,24127.0,1.2435956909437658,0.8208579894396999,46.7056250441384
342-U1410C,"342-U1410C-21X-4,114",342,U1410,C,21,X,4,114,190.84,214.89,24.05,,217.95,234.56,1770781,274160,6.46,,45.7829484,21750.0,23888.0,1.0982988505747127,0.8102325179950841,46.337505585939695
342-U1410C,"342-U1410C-21X-4,116",342,U1410,C,21,X,4,116,190.86,214.91,24.05,,217.97,234.58,1978167,275964,7.17,,45.7833099,21759.0,24424.0,1.1224780550576774,0.8555191556678001,47.906461148110935
342-U1410C,"342-U1410C-21X-4,118",342,U1410,C,21,X,4,118,190.88,214.93,24.05,,217.99,234.6,1731725,415133,4.17,,45.7836715,22849.0,25545.0,1.1179920346623484,0.6201360549737575,39.75161362456583
342-U1410C,"342-U1410C-21X-4,120",342,U1410,C,21,X,4,120,190.9,214.95,24.05,,218.02,234.63,2082305,354039,5.88,,45.7842138,26784.0,28385.0,1.0597744922341696,0.7693773260761385,44.92207746190782
342-U1410C,"342-U1410C-21X-4,122",342,U1410,C,21,X,4,122,190.92,214.97,24.05,,218.04,234.65,2096546,348826,6.01,,45.7845753,25547.0,29292.0,1.1465925548988138,0.7788744720027395,45.25110608253492
342-U1410C,"342-U1410C-21X-4,124",342,U1410,C,21,X,4,124,190.94,214.99,24.05,,218.06,234.67,2055138,365247,5.63,,45.7849368,24720.0,29667.0,1.2001213592233009,0.7505083948513462,44.26836333962489
342-U1410C,"342-U1410C-21X-4,126",342,U1410,C,21,X,4,126,190.96,215.01,24.05,,218.09,234.7,2067471,364196,5.68,,45.7854791,27322.0,29543.0,1.0812898030890856,0.7543483357110189,44.401398090708255
342-U1410C,"342-U1410C-21X-4,128",342,U1410,C,21,X,4,128,190.98,215.03,24.05,,218.11,234.72,2019178,365747,5.52,,45.7858406,24544.0,28965.0,1.1801254889178618,0.7419390777291989,43.971479347928096
342-U1410C,"342-U1410C-21X-4,130",342,U1410,C,21,X,4,130,191.0,215.05,24.05,,218.13,234.74,2111634,349066,6.05,,45.7862022,26442.0,28783.0,1.0885333938431283,0.7817553746524689,45.35091495483479
342-U1410C,"342-U1410C-21X-4,132",342,U1410,C,21,X,4,132,191.02,215.07,24.05,,218.16,234.77,2067976,350310,5.9,,45.7867445,21981.0,27567.0,1.254128565579364,0.7708520116421442,44.97316794334209
342-U1410C,"342-U1410C-21X-4,134",342,U1410,C,21,X,4,134,191.04,215.09,24.05,,218.18,234.79,1973734,366506,5.39,,45.787106,25289.0,28938.0,1.144291984657361,0.7315887651867387,43.61289276989456
342-U1410C,"342-U1410C-21X-4,136",342,U1410,C,21,X,4,136,191.06,215.11,24.05,,218.2,234.81,2060088,371949,5.54,,45.7874675,25332.0,29933.0,1.181627980420022,0.7435097647284298,44.02589579901645
342-U1410C,"342-U1410C-21X-4,138",342,U1410,C,21,X,4,138,191.08,215.13,24.05,,218.23,234.84,2137451,337977,6.32,,45.7880098,25812.0,28147.0,1.0904618007128468,0.800717078282385,46.007843177093235
342-U1410C,"342-U1410C-21X-4,140",342,U1410,C,21,X,4,140,191.1,215.15,24.05,,218.25,234.86,2015230,336293,5.99,,45.7883714,24796.0,27030.0,1.0900951766413938,0.7774268223893114,45.2009522616777
342-U1410C,"342-U1410C-21X-4,142",342,U1410,C,21,X,4,142,191.12,215.17,24.05,,218.28,234.89,1845320,313399,5.89,,45.7889136,20563.0,24631.0,1.1978310557797986,0.7701152947871016,44.94764438789914
342-U1410C,"342-U1410C-21X-4,144",342,U1410,C,21,X,4,144,191.14,215.19,24.05,,218.3,234.91,1940333,292712,6.63,,45.7892752,21769.0,24076.0,1.1059763884422804,0.8215135284047731,46.72833619158337
342-U1410C,"342-U1410C-21X-4,146",342,U1410,C,21,X,4,146,191.16,215.21,24.05,,218.32,234.93,2016475,328216,6.14,,45.7896367,25628.0,26745.0,1.0435851412517558,0.7881683711411677,45.57309321818576
342-U1410C,"342-U1410C-21X-4,148",342,U1410,C,21,X,4,148,191.18,215.23,24.05,,218.35,234.96,2103854,337119,6.24,,45.790179,25958.0,25761.0,0.9924108174743816,0.795184589682424,45.816170109547585
342-U1410C,"342-U1410C-21X-4,150",342,U1410,C,21,X,4,150,191.2,215.25,24.05,,218.37,234.98,2339740,354015,6.61,,45.7905405,26600.0,27384.0,1.0294736842105263,0.8202014594856403,46.68287956388001
342-U1410C,"342-U1410C-21X-5,4",342,U1410,C,21,X,5,4,191.24,215.29,24.05,,218.42,235.03,1767754,260041,6.8,,45.7914444,15347.0,19988.0,1.302404378705936,0.8325089127062363,47.10927128070756
342-U1410C,"342-U1410C-21X-5,6",342,U1410,C,21,X,5,6,191.26,215.31,24.05,,218.44,235.05,2179901,312603,6.97,,45.7918059,20903.0,24216.0,1.1584939960771181,0.8432327780980095,47.48079959720554
342-U1410C,"342-U1410C-21X-5,8",342,U1410,C,21,X,5,8,191.28,215.33,24.05,,218.46,235.07,1511665,246733,6.13,,45.7921674,15447.0,18573.0,1.2023693921149738,0.787460474518415,45.54856813969049
342-U1410C,"342-U1410C-21X-5,10",342,U1410,C,21,X,5,10,191.3,215.35,24.05,,218.49,235.1,1435961,220022,6.53,,45.7927097,12808.0,15645.0,1.2215021861336666,0.814913181275074,46.49966716527494
342-U1410C,"342-U1410C-21X-5,12",342,U1410,C,21,X,5,12,191.32,215.37,24.05,,218.51,235.12,1645120,230179,7.15,,45.7930712,15810.0,17744.0,1.1223276407337128,0.8543060418010806,47.86443281819844
342-U1410C,"342-U1410C-21X-5,14",342,U1410,C,21,X,5,14,191.34,215.39,24.05,,218.53,235.14,1850064,256811,7.2,,45.7934328,17461.0,21202.0,1.214248897543096,0.8573324964312685,47.9692843388613
342-U1410C,"342-U1410C-21X-5,16",342,U1410,C,21,X,5,16,191.36,215.41,24.05,,218.56,235.17,2089719,295833,7.06,,45.7939751,19812.0,24528.0,1.2380375529981829,0.8488047010518037,47.67383886793974
342-U1410C,"342-U1410C-21X-5,18",342,U1410,C,21,X,5,18,191.38,215.43,24.05,,218.58,235.19,2213273,313598,7.06,,45.7943366,24569.0,25382.0,1.0330904798730107,0.8488047010518037,47.67383886793974
342-U1410C,"342-U1410C-21X-5,20",342,U1410,C,21,X,5,20,191.4,215.45,24.05,,218.6,235.21,1833373,250247,7.33,,45.7946981,17221.0,20320.0,1.1799547064630393,0.865103974641128,48.23852720144188
342-U1410C,"342-U1410C-21X-5,24",342,U1410,C,21,X,5,24,191.44,215.49,24.05,,218.65,235.26,2220127,325246,6.83,,45.795602,23970.0,25829.0,1.077555277430121,0.8344207036815325,47.175505279046696
342-U1410C,"342-U1410C-21X-5,26",342,U1410,C,21,X,5,26,191.46,215.51,24.05,,218.67,235.28,2293983,302860,7.57,,45.7959635,23042.0,24685.0,1.071304574255707,0.8790958795000727,48.72327674528002
342-U1410C,"342-U1410C-21X-5,28",342,U1410,C,21,X,5,28,191.48,215.53,24.05,,218.7,235.31,2360667,288339,8.19,,45.7965058,23528.0,25108.0,1.0671540292417545,0.9132839017604184,49.9077207764897
342-U1410C,"342-U1410C-21X-5,30",342,U1410,C,21,X,5,30,191.5,215.55,24.05,,218.72,235.33,2129173,289259,7.36,,45.7968673,22231.0,25263.0,1.1363861274796456,0.8668778143374989,48.29998187772265
342-U1410C,"342-U1410C-21X-5,32",342,U1410,C,21,X,5,32,191.52,215.57,24.05,,218.74,235.35,2140410,301608,7.1,,45.7972289,21913.0,25725.0,1.1739606626203622,0.8512583487190752,47.75884549137236
342-U1410C,"342-U1410C-21X-5,34",342,U1410,C,21,X,5,34,191.54,215.59,24.05,,218.77,235.38,2109602,338479,6.23,,45.7977712,25517.0,28423.0,1.11388486107301,0.7944880466591696,45.79203837650694
342-U1410C,"342-U1410C-21X-5,36",342,U1410,C,21,X,5,36,191.56,215.61,24.05,,218.79,235.4,2090380,337977,6.18,,45.7981327,23972.0,26806.0,1.1182212581344901,0.7909884750888159,45.67079571945203
342-U1410C,"342-U1410C-21X-5,38",342,U1410,C,21,X,5,38,191.58,215.63,24.05,,218.82,235.43,2138303,361344,5.92,,45.798675,27290.0,29960.0,1.09783803591059,0.7723217067229198,45.02408552941556
342-U1410C,"342-U1410C-21X-5,40",342,U1410,C,21,X,5,40,191.6,215.65,24.05,,218.84,235.45,1976444,340495,5.8,,45.7990365,23646.0,27389.0,1.158293157405058,0.7634279935629372,44.71596283698796
342-U1410C,"342-U1410C-21X-5,42",342,U1410,C,21,X,5,42,191.62,215.67,24.05,,218.86,235.47,1906672,340749,5.6,,45.799398,23394.0,28259.0,1.2079593058049072,0.7481880270062004,44.18797419562981
342-U1410C,"342-U1410C-21X-5,44",342,U1410,C,21,X,5,44,191.64,215.69,24.05,,218.89,235.5,1865819,340470,5.48,,45.7999403,24829.0,28415.0,1.1444278867453381,0.7387805584843692,43.862052448690974
342-U1410C,"342-U1410C-21X-5,46",342,U1410,C,21,X,5,46,191.66,215.71,24.05,,218.91,235.52,1742345,357342,4.88,,45.8003019,22588.0,26639.0,1.179343013989729,0.6884198220027106,42.11730473328391
342-U1410C,"342-U1410C-21X-5,48",342,U1410,C,21,X,5,48,191.68,215.73,24.05,,218.93,235.54,1980895,360848,5.49,,45.8006634,26338.0,29877.0,1.134368592907586,0.7395723444500919,43.88948387347344
342-U1410C,"342-U1410C-21X-5,50",342,U1410,C,21,X,5,50,191.7,215.75,24.05,,218.96,235.57,2006212,349357,5.74,,45.8012057,23996.0,28349.0,1.1814052342057009,0.7589118923979735,44.55950251212779
342-U1410C,"342-U1410C-21X-5,52",342,U1410,C,21,X,5,52,191.72,215.77,24.05,,218.98,235.59,2183349,344555,6.34,,45.8015672,26351.0,28506.0,1.0817805775871883,0.8020892578817327,46.05538233931263
342-U1410C,"342-U1410C-21X-5,54",342,U1410,C,21,X,5,54,191.74,215.79,24.05,,219.0,235.61,2138017,334344,6.39,,45.8019288,20533.0,26638.0,1.2973262552963523,0.8055008581584001,46.17357723089778
342-U1410C,"342-U1410C-21X-5,56",342,U1410,C,21,X,5,56,191.76,215.81,24.05,,219.03,235.64,2054430,331404,6.2,,45.802471,22695.0,27039.0,1.191407799074686,0.7923916894982539,45.71941008266701
342-U1410C,"342-U1410C-21X-5,64",342,U1410,C,21,X,5,64,191.84,215.89,24.05,,219.12,235.73,2106553,345953,6.09,,45.8040979,24796.0,28194.0,1.1370382319728989,0.7846172926328754,45.45006610326597
342-U1410C,"342-U1410C-21X-5,66",342,U1410,C,21,X,5,66,191.86,215.91,24.05,,219.14,235.75,1968532,319811,6.16,,45.8044595,23412.0,26921.0,1.149880403212028,0.7895807121644255,45.62202377293652
342-U1410C,"342-U1410C-21X-5,68",342,U1410,C,21,X,5,68,191.88,215.93,24.05,,219.17,235.78,1557698,253414,6.15,,45.8050018,16599.0,19893.0,1.1984456894993674,0.7888751157754168,45.59757838603932
342-U1410C,"342-U1410C-21X-5,70",342,U1410,C,21,X,5,70,191.9,215.95,24.05,,219.19,235.8,1324895,307676,4.31,,45.8053633,13727.0,18777.0,1.3678881037371604,0.6344772701607315,40.24846502471854
342-U1410C,"342-U1410C-21X-5,72",342,U1410,C,21,X,5,72,191.92,215.97,24.05,,219.21,235.82,1597743,244398,6.54,,45.8057248,17074.0,20125.0,1.1786927492093242,0.8155777483242672,46.52269109069424
342-U1410C,"342-U1410C-21X-5,74",342,U1410,C,21,X,5,74,191.94,215.99,24.05,,219.24,235.85,1302516,195727,6.65,,45.8062671,10864.0,15248.0,1.4035346097201766,0.8228216453031046,46.77365590152606
342-U1410C,"342-U1410C-21X-5,78",342,U1410,C,21,X,5,78,191.98,216.03,24.05,,219.28,235.89,2130234,308553,6.9,,45.8069902,23261.0,26824.0,1.1531748420102317,0.8388490907372553,47.32892674859221
342-U1410C,"342-U1410C-21X-5,80",342,U1410,C,21,X,5,80,192.0,216.05,24.05,,219.31,235.92,1761330,270401,6.51,,45.8075325,19785.0,22134.0,1.1187263078089462,0.8135809885681919,46.45351334894501
342-U1410C,"342-U1410C-21X-5,82",342,U1410,C,21,X,5,82,192.02,216.07,24.05,,219.33,235.94,1736900,258476,6.72,,45.807894,19621.0,22315.0,1.1373018704449314,0.8273692730538252,46.931208464949776
342-U1410C,"342-U1410C-21X-5,84",342,U1410,C,21,X,5,84,192.04,216.09,24.05,,219.36,235.97,1901520,277791,6.85,,45.8084363,19025.0,23404.0,1.2301708278580814,0.8356905714924255,47.21949984935509
342-U1410C,"342-U1410C-21X-5,86",342,U1410,C,21,X,5,86,192.06,216.11,24.05,,219.38,235.99,2056602,303482,6.78,,45.8087978,23254.0,25912.0,1.114302915627419,0.8312296938670634,47.06495274402441
342-U1410C,"342-U1410C-21X-5,88",342,U1410,C,21,X,5,88,192.08,216.13,24.05,,219.4,236.01,2229159,308779,7.22,,45.8091594,24833.0,25694.0,1.0346716063302863,0.8585371975696391,48.01102120980015
342-U1410C,"342-U1410C-21X-5,90",342,U1410,C,21,X,5,90,192.1,216.15,24.05,,219.43,236.04,2257849,313631,7.2,,45.8097017,22675.0,25550.0,1.1267916207276736,0.8573324964312685,47.9692843388613
342-U1410C,"342-U1410C-21X-5,92",342,U1410,C,21,X,5,92,192.12,216.17,24.05,,219.45,236.06,2277373,309859,7.35,,45.8100632,22409.0,25664.0,1.145254138962024,0.8662873390841949,48.27952486257193
342-U1410C,"342-U1410C-21X-5,94",342,U1410,C,21,X,5,94,192.14,216.19,24.05,,219.47,236.08,2125763,289065,7.35,,45.8104247,17997.0,24354.0,1.3532255375895983,0.8662873390841949,48.27952486257193
342-U1410C,"342-U1410C-21X-5,96",342,U1410,C,21,X,5,96,192.16,216.21,24.05,,219.5,236.11,2106275,269080,7.83,,45.810967,20137.0,22628.0,1.1237026369369816,0.8937617620579434,49.231376246497454
342-U1410C,"342-U1410C-21X-5,98",342,U1410,C,21,X,5,98,192.18,216.23,24.05,,219.52,236.13,2192897,269396,8.14,,45.8113285,20370.0,22916.0,1.1249877270495827,0.9106244048892013,49.81558250738638
342-U1410C,"342-U1410C-21X-5,100",342,U1410,C,21,X,5,100,192.2,216.25,24.05,,219.54,236.15,2255519,290268,7.77,,45.8116901,22332.0,24957.0,1.117544331004836,0.8904210188009143,49.11563619635768
342-U1410C,"342-U1410C-21X-5,102",342,U1410,C,21,X,5,102,192.22,216.27,24.05,,219.57,236.18,2484718,279418,8.89,,45.8122324,22872.0,24559.0,1.0737583071003847,0.9489017609702137,51.14170150881306
342-U1410C,"342-U1410C-21X-5,104",342,U1410,C,21,X,5,104,192.24,216.29,24.05,,219.59,236.2,2546077,282163,9.02,,45.8125939,19815.0,23470.0,1.1844562200353268,0.9552065375419417,51.36013049314057
342-U1410C,"342-U1410C-21X-5,106",342,U1410,C,21,X,5,106,192.26,216.31,24.05,,219.61,236.22,2586183,286222,9.04,,45.8129554,21302.0,23930.0,1.123368697774857,0.9561684304753633,51.39345527381896
342-U1410C,"342-U1410C-21X-5,108",342,U1410,C,21,X,5,108,192.28,216.33,24.05,,219.64,236.25,2718663,277037,9.81,,45.8134977,22002.0,22884.0,1.0400872647941097,0.9916690073799486,52.62337276067832
342-U1410C,"342-U1410C-21X-5,110",342,U1410,C,21,X,5,110,192.3,216.35,24.05,,219.66,236.27,2675803,258451,10.35,,45.8138593,20329.0,22044.0,1.0843622411333562,1.0149403497929366,53.429608418576294
342-U1410C,"342-U1410C-21X-5,112",342,U1410,C,21,X,5,112,192.32,216.37,24.05,,219.68,236.29,2446221,261651,9.35,,45.8142208,17664.0,21293.0,1.2054461050724639,0.9708116108725178,51.90076825867838
342-U1410C,"342-U1410C-21X-5,114",342,U1410,C,21,X,5,114,192.34,216.39,24.05,,219.71,236.32,2539399,274940,9.24,,45.8147631,21731.0,22513.0,1.035985458561502,0.9656719712201067,51.7227054429206
342-U1410C,"342-U1410C-21X-5,116",342,U1410,C,21,X,5,116,192.36,216.41,24.05,,219.73,236.34,2508703,286657,8.75,,45.8151246,16817.0,23151.0,1.376642682999346,0.9420080530223133,50.90286899695805
342-U1410C,"342-U1410C-21X-5,118",342,U1410,C,21,X,5,118,192.38,216.43,24.05,,219.75,236.36,2597543,291079,8.92,,45.8154861,23153.0,23142.0,0.9995248995810478,0.9503648543761231,51.19239037986078
342-U1410C,"342-U1410C-21X-5,120",342,U1410,C,21,X,5,120,192.4,216.45,24.05,,219.78,236.39,2666152,288231,9.25,,45.8160284,22359.0,23386.0,1.0459322867749006,0.9661417327390326,51.738980330743786
342-U1410C,"342-U1410C-21X-5,122",342,U1410,C,21,X,5,122,192.42,216.47,24.05,,219.8,236.41,2548779,281361,9.06,,45.81639,21210.0,22159.0,1.0447430457331448,0.9571281976768131,51.4267064085132
342-U1410C,"342-U1410C-21X-5,124",342,U1410,C,21,X,5,124,192.44,216.49,24.05,,219.82,236.43,2431330,270585,8.99,,45.8167515,21148.0,21212.0,1.003026290902213,0.9537596917332288,51.31000452009772
342-U1410C,"342-U1410C-21X-5,126",342,U1410,C,21,X,5,126,192.46,216.51,24.05,,219.85,236.46,2385529,283444,8.42,,45.8172938,22971.0,22947.0,0.9989552043881416,0.9253120914996495,50.32443741000536
342-U1410C,"342-U1410C-21X-5,128",342,U1410,C,21,X,5,128,192.48,216.53,24.05,,219.87,236.48,2126217,286726,7.42,,45.8176553,21052.0,24408.0,1.1594147824434733,0.8704039052790271,48.4221432983919
342-U1410C,"342-U1410C-21X-5,130",342,U1410,C,21,X,5,130,192.5,216.55,24.05,,219.9,236.51,1938738,272417,7.12,,45.8181976,20353.0,22679.0,1.1142829066968014,0.8524799936368563,47.801169379548895
342-U1410C,"342-U1410C-21X-5,132",342,U1410,C,21,X,5,132,192.52,216.57,24.05,,219.92,236.53,2014439,295365,6.82,,45.8185591,21349.0,23672.0,1.108810717129608,0.8337843746564789,47.15345965997371
342-U1410C,"342-U1410C-21X-5,134",342,U1410,C,21,X,5,134,192.54,216.59,24.05,,219.94,236.55,1995559,311120,6.41,,45.8189207,22469.0,24337.0,1.0831367662112243,0.8068580295188175,46.22059643267943
342-U1410C,"342-U1410C-21X-5,136",342,U1410,C,21,X,5,136,192.56,216.61,24.05,,219.97,236.58,1890161,313827,6.02,,45.819463,22720.0,25367.0,1.1165052816901408,0.7795964912578245,45.276120439627334
342-U1410C,"342-U1410C-21X-5,138",342,U1410,C,21,X,5,138,192.58,216.63,24.05,,219.99,236.6,1852903,308067,6.01,,45.8198245,22200.0,24598.0,1.108018018018018,0.7788744720027395,45.25110608253492
342-U1410C,"342-U1410C-21X-5,140",342,U1410,C,21,X,5,140,192.6,216.65,24.05,,220.01,236.62,1857894,305807,6.08,,45.820186,22767.0,23861.0,1.0480520050950939,0.7839035792727349,45.4253395039039
342-U1410C,"342-U1410C-21X-5,142",342,U1410,C,21,X,5,142,192.62,216.67,24.05,,220.04,236.65,1868960,318468,5.87,,45.8207283,22898.0,24560.0,1.0725827583195038,0.7686381012476144,44.89646701772361
342-U1410C,"342-U1410C-21X-5,144",342,U1410,C,21,X,5,144,192.64,216.69,24.05,,220.06,236.67,1884006,319485,5.9,,45.8210899,22353.0,23596.0,1.055607748400662,0.7708520116421442,44.97316794334209
342-U1410C,"342-U1410C-21X-5,146",342,U1410,C,21,X,5,146,192.66,216.71,24.05,,220.08,236.69,1975575,332532,5.94,,45.8214514,23730.0,24985.0,1.0528866413822167,0.7737864449811935,45.07483138637345
342-U1410C,"342-U1410C-21X-5,148",342,U1410,C,21,X,5,148,192.68,216.73,24.05,,220.11,236.72,2081771,343267,6.06,,45.8219937,25105.0,26760.0,1.0659231228838877,0.7824726241662862,45.37576406424098
342-U1410C,"342-U1410C-21X-5,150",342,U1410,C,21,X,5,150,192.7,216.75,24.05,,220.13,236.74,1962192,320865,6.12,,45.8223552,22688.0,24219.0,1.0674806064880114,0.7867514221455612,45.52400302023297
342-U1410C,"342-U1410C-21X-6,2",342,U1410,C,21,X,6,2,192.72,216.77,24.05,,220.15,236.76,2058331,319298,6.45,,45.8227167,22478.0,24996.0,1.112020642405908,0.8095597146352678,46.31419631353886
342-U1410C,"342-U1410C-21X-6,4",342,U1410,C,21,X,6,4,192.74,216.79,24.05,,220.18,236.79,2037658,307851,6.62,,45.823259,19123.0,24023.0,1.2562359462427444,0.8208579894396999,46.7056250441384
342-U1410C,"342-U1410C-21X-6,6",342,U1410,C,21,X,6,6,192.76,216.81,24.05,,220.2,236.81,1777357,498163,3.57,,45.8236206,19852.0,22952.0,1.156155551077977,0.5526682161121932,37.41419034720693
342-U1410C,"342-U1410C-21X-6,8",342,U1410,C,21,X,6,8,192.78,216.83,24.05,,220.22,236.83,2060527,321162,6.42,,45.8239821,20202.0,25734.0,1.2738342738342738,0.8075350280688532,46.244051047445424
342-U1410C,"342-U1410C-21X-6,10",342,U1410,C,21,X,6,10,192.8,216.85,24.05,,220.25,236.86,2167553,328956,6.59,,45.8245244,22116.0,24268.0,1.0973051184662688,0.8188854145940099,46.637285188609475
342-U1410C,"342-U1410C-21X-6,12",342,U1410,C,21,X,6,12,192.82,216.87,24.05,,220.27,236.88,2146516,339970,6.31,,45.8248859,21670.0,24768.0,1.14296262113521,0.8000293592441343,45.984017151013035
342-U1410C,"342-U1410C-21X-6,14",342,U1410,C,21,X,6,14,192.84,216.89,24.05,,220.29,236.9,2206033,339068,6.51,,45.8252475,20994.0,23967.0,1.1416118891111746,0.8135809885681919,46.45351334894501
342-U1410C,"342-U1410C-21X-6,16",342,U1410,C,21,X,6,16,192.86,216.91,24.05,,220.32,236.93,2317265,346214,6.69,,45.8257897,23606.0,25361.0,1.0743455053799882,0.8254261177678232,46.863887850066234
342-U1410C,"342-U1410C-21X-6,18",342,U1410,C,21,X,6,18,192.88,216.93,24.05,,220.34,236.95,2352530,339981,6.92,,45.8261513,22806.0,25006.0,1.096465842322196,0.8401060944567578,47.372475642454376
342-U1410C,"342-U1410C-21X-6,20",342,U1410,C,21,X,6,20,192.9,216.95,24.05,,220.36,236.97,2277990,406376,5.61,,45.8265128,19149.0,24343.0,1.2712413180844953,0.7489628612561614,44.214818328219714
342-U1410C,"342-U1410C-21X-6,22",342,U1410,C,21,X,6,22,192.92,216.97,24.05,,220.39,237.0,2469879,369040,6.69,,45.8270551,25025.0,25686.0,1.0264135864135864,0.8254261177678232,46.863887850066234
342-U1410C,"342-U1410C-21X-6,24",342,U1410,C,21,X,6,24,192.94,216.99,24.05,,220.41,237.02,2400977,322338,7.45,,45.8274166,23163.0,23254.0,1.003928679359323,0.8721562727482929,48.482854069364606
342-U1410C,"342-U1410C-21X-6,26",342,U1410,C,21,X,6,26,192.96,217.01,24.05,,220.44,237.05,2451342,330556,7.42,,45.8279589,22066.0,23420.0,1.061361370434152,0.8704039052790271,48.4221432983919
342-U1410C,"342-U1410C-21X-6,28",342,U1410,C,21,X,6,28,192.98,217.03,24.05,,220.46,237.07,2643313,312536,8.46,,45.8283205,23317.0,22909.0,0.982502037140284,0.9273703630390235,50.39574622748697
342-U1410C,"342-U1410C-21X-6,30",342,U1410,C,21,X,6,30,193.0,217.05,24.05,,220.48,237.09,2519231,301355,8.36,,45.828682,21850.0,21819.0,0.9985812356979406,0.9222062774390164,50.21683648187472
342-U1410C,"342-U1410C-21X-6,32",342,U1410,C,21,X,6,32,193.02,217.07,24.05,,220.51,237.12,2130928,259233,8.22,,45.8292243,18999.0,18990.0,0.9995262908574135,0.9148718175400504,49.962734118675044
342-U1410C,"342-U1410C-21X-6,34",342,U1410,C,21,X,6,34,193.04,217.09,24.05,,220.53,237.14,2130343,274390,7.76,,45.8295858,20008.0,21227.0,1.0609256297481007,0.8898617212581884,49.096259332989945
342-U1410C,"342-U1410C-21X-6,36",342,U1410,C,21,X,6,36,193.06,217.11,24.05,,220.55,237.16,2395434,313710,7.64,,45.8299473,21525.0,22531.0,1.0467363530778164,0.8830933585756899,48.86176940785478
342-U1410C,"342-U1410C-21X-6,38",342,U1410,C,21,X,6,38,193.08,217.13,24.05,,220.58,237.19,2418426,318245,7.6,,45.8304896,22330.0,22694.0,1.0163009404388714,0.8808135922807914,48.78278690456802
342-U1410C,"342-U1410C-21X-6,40",342,U1410,C,21,X,6,40,193.1,217.15,24.05,,220.6,237.21,2504082,324720,7.71,,45.8308512,23186.0,24884.0,1.0732338480117312,0.887054378050957,48.99899892757541
342-U1410C,"342-U1410C-21X-6,42",342,U1410,C,21,X,6,42,193.12,217.17,24.05,,220.62,237.23,2407042,333998,7.21,,45.8312127,24219.0,24460.0,1.0099508650233289,0.857935264719429,47.99016724620462
342-U1410C,"342-U1410C-21X-6,44",342,U1410,C,21,X,6,44,193.14,217.19,24.05,,220.65,237.26,2400971,354334,6.78,,45.831755,25843.0,27455.0,1.062376659056611,0.8312296938670634,47.06495274402441
342-U1410C,"342-U1410C-21X-6,46",342,U1410,C,21,X,6,46,193.16,217.21,24.05,,220.67,237.28,2105428,313287,6.72,,45.8321165,22685.0,24286.0,1.0705752700022042,0.8273692730538252,46.931208464949776
342-U1410C,"342-U1410C-21X-6,48",342,U1410,C,21,X,6,48,193.18,217.23,24.05,,220.69,237.3,1421599,221195,6.43,,45.8324781,11743.0,15849.0,1.3496551136847483,0.8082109729242221,46.26746915695968
342-U1410C,"342-U1410C-21X-6,52",342,U1410,C,21,X,6,52,193.22,217.27,24.05,,220.74,237.35,2210936,331240,6.67,,45.8333819,23664.0,25722.0,1.0869675456389452,0.8241258339165489,46.818839516038835
342-U1410C,"342-U1410C-21X-6,54",342,U1410,C,21,X,6,54,193.24,217.29,24.05,,220.76,237.37,1468579,231470,6.34,,45.8337434,14449.0,16526.0,1.1437469721087965,0.8020892578817327,46.05538233931263
342-U1410C,"342-U1410C-21X-6,60",342,U1410,C,21,X,6,60,193.3,217.35,24.05,,220.83,237.44,1970691,341075,5.78,,45.8350088,22270.0,26335.0,1.1825325550067356,0.761927838420529,44.66398996207923
342-U1410C,"342-U1410C-21X-6,62",342,U1410,C,21,X,6,62,193.32,217.37,24.05,,220.86,237.47,1358618,274022,4.96,,45.8355511,15480.0,20250.0,1.308139534883721,0.6954816764901974,42.3619626820029
342-U1410C,"342-U1410C-21X-6,66",342,U1410,C,21,X,6,66,193.36,217.41,24.05,,220.9,237.51,1554459,327315,4.75,,45.8362741,19616.0,24425.0,1.2451570146818924,0.6766936096248666,41.71105010545351
342-U1410C,"342-U1410C-21X-6,68",342,U1410,C,21,X,6,68,193.38,217.43,24.05,,220.93,237.54,1393590,300468,4.64,,45.8368164,18612.0,23923.0,1.2853535353535352,0.6665179805548809,41.35851543632385
342-U1410C,"342-U1410C-21X-6,70",342,U1410,C,21,X,6,70,193.4,217.45,24.05,,220.95,237.56,1609898,344634,4.67,,45.837178,22202.0,27011.0,1.2166021079182057,0.6693168805661122,41.45548332721296
342-U1410C,"342-U1410C-21X-6,72",342,U1410,C,21,X,6,72,193.42,217.47,24.05,,220.97,237.58,1677913,342833,4.89,,45.8375395,22215.0,26698.0,1.2018005851901867,0.6893088591236202,42.14810542433782
342-U1410C,"342-U1410C-21X-6,74",342,U1410,C,21,X,6,74,193.44,217.49,24.05,,221.0,237.61,486005,105617,4.6,,45.8380818,3366.0,7133.0,2.1191325014854425,0.6627578316815741,41.22824507860814
342-U1410C,"342-U1410C-21X-6,82",342,U1410,C,21,X,6,82,193.52,217.57,24.05,,221.09,237.7,1482621,263346,5.63,,45.8397087,15449.0,20052.0,1.2979480872548386,0.7505083948513462,44.26836333962489
342-U1410C,"342-U1410C-21X-6,84",342,U1410,C,21,X,6,84,193.54,217.59,24.05,,221.12,237.73,1469674,244427,6.01,,45.840251,16672.0,20753.0,1.244781669865643,0.7788744720027395,45.25110608253492
342-U1410C,"342-U1410C-21X-6,86",342,U1410,C,21,X,6,86,193.56,217.61,24.05,,221.14,237.75,1576691,256935,6.14,,45.8406125,15722.0,21174.0,1.3467752194377305,0.7881683711411677,45.57309321818576
342-U1410C,"342-U1410C-21X-6,88",342,U1410,C,21,X,6,88,193.58,217.63,24.05,,221.16,237.77,1719733,268132,6.41,,45.840974,20582.0,21249.0,1.0324069575357109,0.8068580295188175,46.22059643267943
342-U1410C,"342-U1410C-21X-6,90",342,U1410,C,21,X,6,90,193.6,217.65,24.05,,221.19,237.8,1957179,293831,6.66,,45.8415163,24042.0,25009.0,1.0402212794276682,0.8234742291703011,46.79626466960508
342-U1410C,"342-U1410C-21X-6,92",342,U1410,C,21,X,6,92,193.62,217.67,24.05,,221.21,237.82,2120293,301986,7.02,,45.8418779,23649.0,25741.0,1.088460400016914,0.8463371121298052,47.58834924973711
342-U1410C,"342-U1410C-21X-6,94",342,U1410,C,21,X,6,94,193.64,217.69,24.05,,221.23,237.84,2007818,286340,7.01,,45.8422394,22428.0,24444.0,1.0898876404494382,0.8457180179666587,47.5669007324549
342-U1410C,"342-U1410C-21X-6,96",342,U1410,C,21,X,6,96,193.66,217.71,24.05,,221.26,237.87,2076399,292515,7.1,,45.8427817,22125.0,23805.0,1.0759322033898304,0.8512583487190752,47.75884549137236
342-U1410C,"342-U1410C-21X-6,98",342,U1410,C,21,X,6,98,193.68,217.73,24.05,,221.28,237.89,2298673,318026,7.23,,45.8431432,23694.0,24745.0,1.0443572212374441,0.8591382972945308,48.03184630976902
342-U1410C,"342-U1410C-21X-6,100",342,U1410,C,21,X,6,100,193.7,217.75,24.05,,221.3,237.91,2112037,283301,7.46,,45.8435047,21827.0,23097.0,1.058184816969808,0.8727388274726688,48.50303667779062
342-U1410C,"342-U1410C-21X-6,102",342,U1410,C,21,X,6,102,193.72,217.77,24.05,,221.33,237.94,2178494,291923,7.46,,45.844047,22385.0,23877.0,1.0666517757426848,0.8727388274726688,48.50303667779062
342-U1410C,"342-U1410C-21X-6,104",342,U1410,C,21,X,6,104,193.74,217.79,24.05,,221.35,237.96,2318693,308399,7.52,,45.8444086,23417.0,24304.0,1.0378784643634966,0.8762178405916422,48.623567087297445
342-U1410C,"342-U1410C-21X-6,106",342,U1410,C,21,X,6,106,193.76,217.81,24.05,,221.37,237.98,2300565,297761,7.73,,45.8447701,21344.0,23381.0,1.0954366566716642,0.888179493918325,49.03797856680037
342-U1410C,"342-U1410C-21X-6,108",342,U1410,C,21,X,6,108,193.78,217.83,24.05,,221.4,238.01,2327358,280621,8.29,,45.8453124,21972.0,23568.0,1.0726379027853632,0.9185545305502735,50.090321710914225
342-U1410C,"342-U1410C-21X-6,110",342,U1410,C,21,X,6,110,193.8,217.85,24.05,,221.42,238.03,2453582,281969,8.7,,45.8456739,22894.0,23482.0,1.0256835852188346,0.9395192526186185,50.81664450697204
342-U1410C,"342-U1410C-21X-6,112",342,U1410,C,21,X,6,112,193.82,217.87,24.05,,221.44,238.05,2379575,262817,9.05,,45.8460355,20034.0,20781.0,1.037286612758311,0.9566485792052033,51.410090026564276
342-U1410C,"342-U1410C-21X-6,114",342,U1410,C,21,X,6,114,193.84,217.89,24.05,,221.47,238.08,2525029,289312,8.73,,45.8465778,23873.0,23356.0,0.978343735600888,0.9410142437055697,50.86843847317947
342-U1410C,"342-U1410C-21X-6,116",342,U1410,C,21,X,6,116,193.86,217.91,24.05,,221.49,238.1,2453608,292712,8.38,,45.8469393,23057.0,23622.0,1.0245044888753958,0.9232440186302765,50.252789025445935
342-U1410C,"342-U1410C-21X-6,118",342,U1410,C,21,X,6,118,193.88,217.93,24.05,,221.51,238.12,2338836,298180,7.84,,45.8473008,21992.0,24309.0,1.1053564932702802,0.8943160626844384,49.25057999170237
342-U1410C,"342-U1410C-21X-6,120",342,U1410,C,21,X,6,120,193.9,217.95,24.05,,221.54,238.15,2416876,296598,8.15,,45.8478431,22142.0,23309.0,1.0527052660102971,0.9111576087399766,49.83405535479649
342-U1410C,"342-U1410C-21X-6,122",342,U1410,C,21,X,6,122,193.92,217.97,24.05,,221.56,238.17,2321186,305336,7.6,,45.8482046,20900.0,23095.0,1.1050239234449761,0.8808135922807914,48.78278690456802
342-U1410C,"342-U1410C-21X-6,124",342,U1410,C,21,X,6,124,193.94,217.99,24.05,,221.59,238.2,2373978,313254,7.58,,45.8487469,22728.0,24541.0,1.079769447377684,0.8796692056320535,48.743139629122496
342-U1410C,"342-U1410C-21X-6,126",342,U1410,C,21,X,6,126,193.96,218.01,24.05,,221.61,238.22,2071753,271649,7.63,,45.8491085,19948.0,21750.0,1.0903348706637257,0.8825245379548805,48.84206261744684
342-U1410C,"342-U1410C-21X-6,128",342,U1410,C,21,X,6,128,193.98,218.03,24.05,,221.63,238.24,1735019,250658,6.92,,45.84947,11923.0,18831.0,1.5793843831250525,0.8401060944567578,47.372475642454376
342-U1410B,"342-U1410B-23X-2,58",342,U1410,B,23,X,2,58,189.68,218.15,28.47,,221.77,238.38,2223194,284361,7.82,,45.8520007,20554.0,23245.0,1.130923421231877,0.893206753059848,49.21214795975844
342-U1410B,"342-U1410B-23X-2,60",342,U1410,B,23,X,2,60,189.7,218.17,28.47,,221.8,238.41,2210860,339454,6.51,,45.852543,22279.0,23749.0,1.0659814174783429,0.8135809885681919,46.45351334894501
342-U1410B,"342-U1410B-23X-2,62",342,U1410,B,23,X,2,62,189.72,218.19,28.47,,221.82,238.43,2231848,303679,7.35,,45.8529045,23309.0,23611.0,1.0129563687845897,0.8662873390841949,48.27952486257193
342-U1410B,"342-U1410B-23X-2,64",342,U1410,B,23,X,2,64,189.74,218.21,28.47,,221.84,238.45,2313816,304404,7.6,,45.8532661,23005.0,23376.0,1.0161269289284938,0.8808135922807914,48.78278690456802
342-U1410B,"342-U1410B-23X-2,66",342,U1410,B,23,X,2,66,189.76,218.23,28.47,,221.87,238.48,2184010,339186,6.44,,45.8538084,21681.0,24379.0,1.1244407545777408,0.8088858673598122,46.29085087468069
342-U1410B,"342-U1410B-23X-2,68",342,U1410,B,23,X,2,68,189.78,218.25,28.47,,221.89,238.5,2195591,334036,6.57,,45.8541699,23593.0,25314.0,1.0729453651506804,0.8175653695597808,46.591552228398605
342-U1410B,"342-U1410B-23X-2,70",342,U1410,B,23,X,2,70,189.8,218.27,28.47,,221.91,238.52,2182699,339679,6.43,,45.8545314,26666.0,26938.0,1.0102002550063751,0.8082109729242221,46.26746915695968
342-U1410B,"342-U1410B-23X-2,72",342,U1410,B,23,X,2,72,189.82,218.29,28.47,,221.94,238.55,2220994,340561,6.52,,45.8550737,22906.0,27448.0,1.1982886579935388,0.8142475957319202,46.476607954132376
342-U1410B,"342-U1410B-23X-2,74",342,U1410,B,23,X,2,74,189.84,218.31,28.47,,221.96,238.57,2195826,331736,6.62,,45.8554352,25555.0,27056.0,1.0587360594795538,0.8208579894396999,46.7056250441384
342-U1410B,"342-U1410B-23X-2,76",342,U1410,B,23,X,2,76,189.86,218.33,28.47,,221.99,238.6,2158000,336449,6.41,,45.8559775,26784.0,27835.0,1.039239844683393,0.8068580295188175,46.22059643267943
342-U1410B,"342-U1410B-23X-2,78",342,U1410,B,23,X,2,78,189.88,218.35,28.47,,222.01,238.62,2325328,288473,8.06,,45.8563391,21291.0,24099.0,1.1318867126955052,0.9063350418050907,49.666977523337366
342-U1410B,"342-U1410B-23X-2,80",342,U1410,B,23,X,2,80,189.9,218.37,28.47,,222.03,238.64,2141819,347399,6.17,,45.8567006,28572.0,28644.0,1.002519949601008,0.7902851640332417,45.64642950793166
342-U1410B,"342-U1410B-23X-2,82",342,U1410,B,23,X,2,82,189.92,218.39,28.47,,222.06,238.67,2054326,342657,6.0,,45.8572429,25399.0,27813.0,1.0950431119335406,0.7781512503836436,45.22605006954134
342-U1410B,"342-U1410B-23X-2,84",342,U1410,B,23,X,2,84,189.94,218.41,28.47,,222.08,238.69,2108557,337635,6.25,,45.8576044,26560.0,27646.0,1.0408885542168675,0.7958800173440752,45.84026320088549
342-U1410B,"342-U1410B-23X-2,86",342,U1410,B,23,X,2,86,189.96,218.43,28.47,,222.1,238.71,2089144,357268,5.85,,45.857966,26256.0,28179.0,1.0732404021937842,0.7671558660821804,44.845114980417144
342-U1410B,"342-U1410B-23X-2,88",342,U1410,B,23,X,2,88,189.98,218.45,28.47,,222.13,238.74,1975728,377464,5.23,,45.8585082,25166.0,27785.0,1.104068981959787,0.7185016888672743,43.15949101080672
342-U1410B,"342-U1410B-23X-2,90",342,U1410,B,23,X,2,90,190.0,218.47,28.47,,222.15,238.76,1949871,362431,5.38,,45.8588698,27233.0,26929.0,0.9888370726691881,0.7307822756663892,43.584951940462055
342-U1410B,"342-U1410B-23X-2,92",342,U1410,B,23,X,2,92,190.02,218.49,28.47,,222.17,238.78,1991637,357538,5.57,,45.8592313,22831.0,27591.0,1.2084884586746092,0.7458551951737289,44.107153236793835
342-U1410B,"342-U1410B-23X-2,94",342,U1410,B,23,X,2,94,190.04,218.51,28.47,,222.2,238.81,2027467,367921,5.51,,45.8597736,22970.0,28206.0,1.2279494993469744,0.741151598851785,43.94419714222009
342-U1410B,"342-U1410B-23X-2,96",342,U1410,B,23,X,2,96,190.06,218.53,28.47,,222.22,238.83,2072263,354968,5.84,,45.8601351,27677.0,28961.0,1.046392311305416,0.7664128471123994,44.819373088209076
342-U1410B,"342-U1410B-23X-2,98",342,U1410,B,23,X,2,98,190.08,218.55,28.47,,222.24,238.85,2138050,353130,6.05,,45.8604967,23634.0,27600.0,1.1678090886011678,0.7817553746524689,45.35091495483479
342-U1410B,"342-U1410B-23X-2,100",342,U1410,B,23,X,2,100,190.1,218.57,28.47,,222.27,238.88,2077782,366853,5.66,,45.861039,25510.0,27866.0,1.0923559388475108,0.7528164311882715,44.34832525851766
342-U1410B,"342-U1410B-23X-2,102",342,U1410,B,23,X,2,102,190.12,218.59,28.47,,222.29,238.9,2107124,361374,5.83,,45.8614005,24815.0,26893.0,1.0837396735845255,0.7656685547590141,44.79358707962604
342-U1410B,"342-U1410B-23X-2,104",342,U1410,B,23,X,2,104,190.14,218.61,28.47,,222.31,238.92,2020454,363009,5.57,,45.861762,28239.0,28702.0,1.0163957647225468,0.7458551951737289,44.107153236793835
342-U1410B,"342-U1410B-23X-2,106",342,U1410,B,23,X,2,106,190.16,218.63,28.47,,222.34,238.95,2092940,373702,5.6,,45.8623043,28803.0,29984.0,1.041002673332639,0.7481880270062004,44.18797419562981
342-U1410B,"342-U1410B-23X-2,108",342,U1410,B,23,X,2,108,190.18,218.65,28.47,,222.36,238.97,2067916,398259,5.19,,45.8626658,26730.0,28482.0,1.065544332210999,0.7151673578484579,43.04397311265983
342-U1410B,"342-U1410B-23X-2,110",342,U1410,B,23,X,2,110,190.2,218.67,28.47,,222.38,238.99,2095808,349614,5.99,,45.8630274,26475.0,28035.0,1.0589235127478753,0.7774268223893114,45.2009522616777
342-U1410B,"342-U1410B-23X-2,112",342,U1410,B,23,X,2,112,190.22,218.69,28.47,,222.41,239.02,2013796,363239,5.54,,45.8635697,28284.0,29677.0,1.0492504596238157,0.7435097647284298,44.02589579901645
342-U1410B,"342-U1410B-23X-2,114",342,U1410,B,23,X,2,114,190.24,218.71,28.47,,222.43,239.04,2065320,353352,5.84,,45.8639312,26853.0,30057.0,1.1193162775108927,0.7664128471123994,44.819373088209076
342-U1410B,"342-U1410B-23X-2,116",342,U1410,B,23,X,2,116,190.26,218.73,28.47,,222.45,239.06,2120877,342002,6.2,,45.8642927,24555.0,27244.0,1.1095092649154958,0.7923916894982539,45.71941008266701
342-U1410B,"342-U1410B-23X-2,118",342,U1410,B,23,X,2,118,190.28,218.75,28.47,,222.48,239.09,1862545,402832,4.62,,45.864835,31094.0,31636.0,1.017431015630025,0.6646419755561255,41.29352124314197
342-U1410B,"342-U1410B-23X-2,120",342,U1410,B,23,X,2,120,190.3,218.77,28.47,,222.5,239.11,1957720,404940,4.83,,45.8651966,28536.0,31213.0,1.093811326044295,0.6839471307515121,41.96234834488614
342-U1410B,"342-U1410B-23X-2,122",342,U1410,B,23,X,2,122,190.32,218.79,28.47,,222.53,239.14,1939715,398257,4.87,,45.8657389,27080.0,30905.0,1.141248153618907,0.6875289612146344,42.086440861281005
342-U1410B,"342-U1410B-23X-2,124",342,U1410,B,23,X,2,124,190.34,218.81,28.47,,222.55,239.16,1945420,380768,5.11,,45.8661004,29205.0,30576.0,1.046944016435542,0.7084209001347127,42.81024208516712
342-U1410B,"342-U1410B-23X-2,126",342,U1410,B,23,X,2,126,190.36,218.83,28.47,,222.57,239.18,2061750,362015,5.7,,45.8664619,27614.0,28382.0,1.0278119794307234,0.7558748556724915,44.454284374773465
342-U1410B,"342-U1410B-23X-2,128",342,U1410,B,23,X,2,128,190.38,218.85,28.47,,222.6,239.21,1881690,393731,4.78,,45.8670042,26719.0,30035.0,1.124106441109323,0.6794278966121189,41.805779478126865
342-U1410B,"342-U1410B-23X-2,130",342,U1410,B,23,X,2,130,190.4,218.87,28.47,,222.62,239.23,1932616,397894,4.86,,45.8673657,26128.0,30333.0,1.160938456827924,0.6866362692622934,42.05551354859216
342-U1410B,"342-U1410B-23X-2,132",342,U1410,B,23,X,2,132,190.42,218.89,28.47,,222.64,239.25,1878361,408328,4.6,,45.8677273,30851.0,30808.0,0.9986062040128358,0.6627578316815741,41.22824507860814
342-U1410B,"342-U1410B-23X-2,134",342,U1410,B,23,X,2,134,190.44,218.91,28.47,,222.67,239.28,1973950,375268,5.26,,45.8682696,24740.0,28739.0,1.1616410670978172,0.7209857441537391,43.24555110620629
342-U1410B,"342-U1410B-23X-2,136",342,U1410,B,23,X,2,136,190.46,218.93,28.47,,222.69,239.3,1902629,358023,5.31,,45.8686311,27544.0,27665.0,1.0043929712460065,0.725094521081469,43.3878996828675
342-U1410B,"342-U1410B-23X-2,138",342,U1410,B,23,X,2,138,190.48,218.95,28.47,,222.71,239.32,1894459,345008,5.49,,45.8689926,23485.0,26865.0,1.1439216521183735,0.7395723444500919,43.88948387347344
342-U1410B,"342-U1410B-23X-2,140",342,U1410,B,23,X,2,140,190.5,218.97,28.47,,222.74,239.35,1847629,341864,5.4,,45.8695349,26988.0,27734.0,1.027641914925152,0.7323937598229685,43.640781809066745
342-U1410B,"342-U1410B-23X-2,142",342,U1410,B,23,X,2,142,190.52,218.99,28.47,,222.76,239.37,1842751,340763,5.41,,45.8698964,26282.0,27078.0,1.0302868883646603,0.7331972651065695,43.6686192496171
342-U1410B,"342-U1410B-23X-2,144",342,U1410,B,23,X,2,144,190.54,219.01,28.47,,222.78,239.39,1877140,336381,5.58,,45.870258,24109.0,26832.0,1.1129453730971837,0.7466341989375788,44.13414182219242
342-U1410B,"342-U1410B-23X-2,146",342,U1410,B,23,X,2,146,190.56,219.03,28.47,,222.81,239.42,1936625,354210,5.47,,45.8708003,28496.0,29137.0,1.0224943851768669,0.7379873263334308,43.83457092082171
342-U1410B,"342-U1410B-23X-2,148",342,U1410,B,23,X,2,148,190.58,219.05,28.47,,222.83,239.44,2062402,364604,5.66,,45.8711618,25761.0,29307.0,1.1376499359496914,0.7528164311882715,44.34832525851766
342-U1410B,"342-U1410B-23X-2,150",342,U1410,B,23,X,2,150,190.6,219.07,28.47,,222.85,239.46,2075745,406381,5.11,,45.8715233,30752.0,30417.0,0.9891063995837669,0.7084209001347127,42.81024208516712
342-U1410B,"342-U1410B-23X-3,2",342,U1410,B,23,X,3,2,190.62,219.09,28.47,,222.88,239.49,1807950,368213,4.91,,45.8720656,23480.0,27930.0,1.1895229982964224,0.6910814921229684,42.209518294600244
342-U1410B,"342-U1410B-23X-3,4",342,U1410,B,23,X,3,4,190.64,219.11,28.47,,222.9,239.51,1727365,342250,5.05,,45.8724272,23859.0,25610.0,1.0733894966260111,0.7032913781186614,42.63252979492103
342-U1410B,"342-U1410B-23X-3,6",342,U1410,B,23,X,3,6,190.66,219.13,28.47,,222.92,239.53,1833290,366416,5.0,,45.8727887,27636.0,27662.0,1.000940801852656,0.6989700043360189,42.482815800221374
342-U1410B,"342-U1410B-23X-3,8",342,U1410,B,23,X,3,8,190.68,219.15,28.47,,222.95,239.56,1776306,332647,5.34,,45.873331,20223.0,24942.0,1.2333481679276073,0.7275412570285564,43.47266684975434
342-U1410B,"342-U1410B-23X-3,10",342,U1410,B,23,X,3,10,190.7,219.17,28.47,,222.97,239.58,755549,167082,4.52,,45.8736925,6457.0,11690.0,1.8104382840328326,0.6551384348113821,40.96427107404034
342-U1410B,"342-U1410B-23X-3,14",342,U1410,B,23,X,3,14,190.74,219.21,28.47,,223.02,239.63,1867759,374591,4.99,,45.8745963,24774.0,28067.0,1.1329216113667555,0.69810054562339,42.452693403122346
342-U1410B,"342-U1410B-23X-3,16",342,U1410,B,23,X,3,16,190.76,219.23,28.47,,223.04,239.65,1649569,301230,5.48,,45.8749579,20685.0,23391.0,1.1308194343727338,0.7387805584843692,43.862052448690974
342-U1410B,"342-U1410B-23X-3,18",342,U1410,B,23,X,3,18,190.78,219.25,28.47,,223.07,239.68,1638675,294013,5.57,,45.8755002,21505.0,24224.0,1.1264357126249709,0.7458551951737289,44.107153236793835
342-U1410B,"342-U1410B-23X-3,20",342,U1410,B,23,X,3,20,190.8,219.27,28.47,,223.09,239.7,1733997,297479,5.83,,45.8758617,24012.0,24330.0,1.0132433783108445,0.7656685547590141,44.79358707962604
342-U1410B,"342-U1410B-23X-3,22",342,U1410,B,23,X,3,22,190.82,219.29,28.47,,223.11,239.72,1842348,316477,5.82,,45.8762232,20825.0,25071.0,1.203889555822329,0.7649229846498885,44.76775680319539
342-U1410B,"342-U1410B-23X-3,24",342,U1410,B,23,X,3,24,190.84,219.31,28.47,,223.14,239.75,1841120,334021,5.51,,45.8767655,25861.0,25661.0,0.9922663470090097,0.741151598851785,43.94419714222009
342-U1410B,"342-U1410B-23X-3,26",342,U1410,B,23,X,3,26,190.86,219.33,28.47,,223.16,239.77,1983397,335146,5.92,,45.8771271,25168.0,26730.0,1.062062937062937,0.7723217067229198,45.02408552941556
342-U1410B,"342-U1410B-23X-3,28",342,U1410,B,23,X,3,28,190.88,219.35,28.47,,223.18,239.79,1679534,320319,5.24,,45.8774886,21035.0,24782.0,1.1781316852864274,0.7193312869837266,43.18823243755121
342-U1410B,"342-U1410B-23X-3,30",342,U1410,B,23,X,3,30,190.9,219.37,28.47,,223.21,239.82,1888463,322452,5.86,,45.8780309,25261.0,26014.0,1.029808796168006,0.7678976160180907,44.87081290694675
342-U1410B,"342-U1410B-23X-3,32",342,U1410,B,23,X,3,32,190.92,219.39,28.47,,223.23,239.84,1873676,337964,5.54,,45.8783924,21668.0,26110.0,1.2050027690603655,0.7435097647284298,44.02589579901645
342-U1410B,"342-U1410B-23X-3,34",342,U1410,B,23,X,3,34,190.94,219.41,28.47,,223.25,239.86,1839009,333180,5.52,,45.8787539,24243.0,26853.0,1.1076599430763518,0.7419390777291989,43.971479347928096
342-U1410B,"342-U1410B-23X-3,36",342,U1410,B,23,X,3,36,190.96,219.43,28.47,,223.28,239.89,1913628,328514,5.83,,45.8792962,22900.0,26619.0,1.1624017467248908,0.7656685547590141,44.79358707962604
342-U1410B,"342-U1410B-23X-3,38",342,U1410,B,23,X,3,38,190.98,219.45,28.47,,223.3,239.91,1719062,330614,5.2,,45.8796578,21606.0,26447.0,1.2240581320003703,0.7160033436347992,43.07293584022762
342-U1410B,"342-U1410B-23X-3,40",342,U1410,B,23,X,3,40,191.0,219.47,28.47,,223.32,239.93,1876570,351959,5.33,,45.8800193,26294.0,27857.0,1.0594432189853198,0.7267272090265723,43.4444641567256
342-U1410B,"342-U1410B-23X-3,42",342,U1410,B,23,X,3,42,191.02,219.49,28.47,,223.35,239.96,1856698,336326,5.52,,45.8805616,22853.0,27239.0,1.191922285914322,0.7419390777291989,43.971479347928096
342-U1410B,"342-U1410B-23X-3,44",342,U1410,B,23,X,3,44,191.04,219.51,28.47,,223.37,239.98,1733685,339575,5.11,,45.8809231,25425.0,26988.0,1.0614749262536873,0.7084209001347127,42.81024208516712
342-U1410B,"342-U1410B-23X-3,46",342,U1410,B,23,X,3,46,191.06,219.53,28.47,,223.39,240.0,1748835,337310,5.18,,45.8812847,25126.0,26683.0,1.0619676828782934,0.714329759745233,43.0149545263736
342-U1410B,"342-U1410B-23X-3,48",342,U1410,B,23,X,3,48,191.08,219.55,28.47,,223.42,240.03,1510405,338710,4.46,,45.881827,22312.0,26612.0,1.1927214055216924,0.6493348587121419,40.76320618008216
342-U1410B,"342-U1410B-23X-3,50",342,U1410,B,23,X,3,50,191.1,219.57,28.47,,223.44,240.05,1550447,321825,4.82,,45.8821885,22747.0,25855.0,1.1366334022068845,0.6830470382388496,41.931164639784946
342-U1410B,"342-U1410B-23X-3,52",342,U1410,B,23,X,3,52,191.12,219.59,28.47,,223.46,240.07,1540870,336071,4.58,,45.88255,24842.0,27266.0,1.0975766846469688,0.6608654780038692,41.162684485444046
342-U1410B,"342-U1410B-23X-3,54",342,U1410,B,23,X,3,54,191.14,219.61,28.47,,223.49,240.1,1462166,310280,4.71,,45.8830923,20570.0,24370.0,1.1847350510452115,0.6730209071288962,41.58380932748061
342-U1410B,"342-U1410B-23X-3,62",342,U1410,B,23,X,3,62,191.22,219.69,28.47,,223.58,240.19,1564784,367134,4.26,,45.8847192,24314.0,27972.0,1.1504483013901456,0.6294095991027189,40.07289556091369
342-U1410B,"342-U1410B-23X-3,64",342,U1410,B,23,X,3,64,191.24,219.71,28.47,,223.61,240.22,1511230,351607,4.3,,45.8852615,24967.0,27815.0,1.1140705731565668,0.6334684555795865,40.213514643554774
342-U1410B,"342-U1410B-23X-3,66",342,U1410,B,23,X,3,66,191.26,219.73,28.47,,223.63,240.24,1250101,283953,4.4,,45.885623,16057.0,21445.0,1.33555458678458,0.6434526764861874,40.55941797686397
342-U1410B,"342-U1410B-23X-3,70",342,U1410,B,23,X,3,70,191.3,219.77,28.47,,223.68,240.29,1442838,328817,4.39,,45.8865269,20529.0,25351.0,1.2348872326952116,0.6424645202421213,40.525183303788296
342-U1410B,"342-U1410B-23X-3,72",342,U1410,B,23,X,3,72,191.32,219.79,28.47,,223.7,240.31,1643298,416832,3.94,,45.8868884,22358.0,27432.0,1.2269433759728061,0.5954962218255742,38.89796660514702
342-U1410B,"342-U1410B-23X-3,76",342,U1410,B,23,X,3,76,191.36,219.83,28.47,,223.75,240.36,605661,135540,4.47,,45.8877922,4522.0,9035.0,1.9980097302078725,0.6503075231319364,40.79690413890594
342-U1410B,"342-U1410B-23X-3,78",342,U1410,B,23,X,3,78,191.38,219.85,28.47,,223.77,240.38,1866799,362567,5.15,,45.8881537,26705.0,28735.0,1.0760157273918742,0.7118072290411911,42.92756145013207
342-U1410B,"342-U1410B-23X-3,80",342,U1410,B,23,X,3,80,191.4,219.87,28.47,,223.79,240.4,1904489,369498,5.15,,45.8885153,27415.0,29525.0,1.0769651650556264,0.7118072290411911,42.92756145013207
342-U1410B,"342-U1410B-23X-3,82",342,U1410,B,23,X,3,82,191.42,219.89,28.47,,223.82,240.43,1893661,350739,5.4,,45.8890576,23358.0,28799.0,1.2329394639952052,0.7323937598229685,43.640781809066745
342-U1410B,"342-U1410B-23X-3,84",342,U1410,B,23,X,3,84,191.44,219.91,28.47,,223.84,240.45,1992996,353584,5.64,,45.8894191,25433.0,27245.0,1.0712460189517556,0.7512791039833423,44.2950645575029
342-U1410B,"342-U1410B-23X-3,86",342,U1410,B,23,X,3,86,191.46,219.93,28.47,,223.86,240.47,1963404,345086,5.69,,45.8897806,25791.0,26678.0,1.0343918421154665,0.7551122663950712,44.427864469257244
342-U1410B,"342-U1410B-23X-3,88",342,U1410,B,23,X,3,88,191.48,219.95,28.47,,223.89,240.5,2054605,340394,6.04,,45.8903229,24350.0,27155.0,1.1151950718685832,0.7810369386211319,45.326024738529114
342-U1410B,"342-U1410B-23X-3,90",342,U1410,B,23,X,3,90,191.5,219.97,28.47,,223.91,240.52,2003033,355619,5.63,,45.8906845,24281.0,27514.0,1.133149376055352,0.7505083948513462,44.26836333962489
342-U1410B,"342-U1410B-23X-3,92",342,U1410,B,23,X,3,92,191.52,219.99,28.47,,223.93,240.54,2118559,336779,6.29,,45.891046,24612.0,25837.0,1.0497724687144483,0.798650645445269,45.93625161145135
342-U1410B,"342-U1410B-23X-3,94",342,U1410,B,23,X,3,94,191.54,220.01,28.47,,223.96,240.57,2120338,335498,6.32,,45.8915883,22475.0,26242.0,1.1676084538375973,0.800717078282385,46.007843177093235
342-U1410B,"342-U1410B-23X-3,96",342,U1410,B,23,X,3,96,191.56,220.03,28.47,,223.98,240.59,1996229,331047,6.03,,45.8919498,24463.0,26454.0,1.0813882189428934,0.7803173121401513,45.30109327909554
342-U1410B,"342-U1410B-23X-3,98",342,U1410,B,23,X,3,98,191.58,220.05,28.47,,224.0,240.61,2151874,342065,6.29,,45.8923113,25727.0,26331.0,1.0234772806778871,0.798650645445269,45.93625161145135
342-U1410B,"342-U1410B-23X-3,100",342,U1410,B,23,X,3,100,191.6,220.07,28.47,,224.03,240.64,2157740,338782,6.37,,45.8928536,25791.0,26320.0,1.0205110309797991,0.8041394323353505,46.12641063325822
342-U1410B,"342-U1410B-23X-3,102",342,U1410,B,23,X,3,102,191.62,220.09,28.47,,224.05,240.66,2096283,325397,6.44,,45.8932152,25454.0,25261.0,0.9924176946648857,0.8088858673598122,46.29085087468069
342-U1410B,"342-U1410B-23X-3,104",342,U1410,B,23,X,3,104,191.64,220.11,28.47,,224.08,240.69,2026877,309184,6.56,,45.8937575,23559.0,24752.0,1.0506388216817353,0.8169038393756602,46.56863351516975
342-U1410B,"342-U1410B-23X-3,106",342,U1410,B,23,X,3,106,191.66,220.13,28.47,,224.1,240.71,2170354,316930,6.85,,45.894119,23970.0,25219.0,1.0521068001668752,0.8356905714924255,47.21949984935509
342-U1410B,"342-U1410B-23X-3,108",342,U1410,B,23,X,3,108,191.68,220.15,28.47,,224.12,240.73,2176471,337083,6.46,,45.8944805,23582.0,26048.0,1.104571283182088,0.8102325179950841,46.337505585939695
342-U1410B,"342-U1410B-23X-3,110",342,U1410,B,23,X,3,110,191.7,220.17,28.47,,224.15,240.76,2131907,311560,6.84,,45.8950228,23309.0,24437.0,1.048393324466944,0.8350561017201162,47.19751864409343
342-U1410B,"342-U1410B-23X-3,112",342,U1410,B,23,X,3,112,191.72,220.19,28.47,,224.17,240.78,2192165,297304,7.37,,45.8953844,22165.0,23059.0,1.0403338596886984,0.8674674878590515,48.32041111687684
342-U1410B,"342-U1410B-23X-3,114",342,U1410,B,23,X,3,114,191.74,220.21,28.47,,224.19,240.8,2244795,322576,6.96,,45.8957459,25524.0,25687.0,1.006386146372042,0.8426092396105621,47.459197106307926
342-U1410B,"342-U1410B-23X-3,116",342,U1410,B,23,X,3,116,191.76,220.23,28.47,,224.22,240.83,2313720,333313,6.94,,45.8962882,26095.0,25805.0,0.9888867599156926,0.8413594704548549,47.41589885390845
342-U1410B,"342-U1410B-23X-3,118",342,U1410,B,23,X,3,118,191.78,220.25,28.47,,224.24,240.85,2335791,335293,6.97,,45.8966497,19035.0,26334.0,1.383451536643026,0.8432327780980095,47.48079959720554
342-U1410B,"342-U1410B-23X-3,120",342,U1410,B,23,X,3,120,191.8,220.27,28.47,,224.26,240.87,2221988,351182,6.33,,45.8970112,27192.0,27453.0,1.0095984112974403,0.8014037100173551,46.03163153355127
342-U1410B,"342-U1410B-23X-3,122",342,U1410,B,23,X,3,122,191.82,220.29,28.47,,224.29,240.9,2429886,312898,7.77,,45.8975535,23704.0,24829.0,1.047460344245697,0.8904210188009143,49.11563619635768
342-U1410B,"342-U1410B-23X-3,124",342,U1410,B,23,X,3,124,191.84,220.31,28.47,,224.31,240.92,2451795,313076,7.83,,45.8979151,23873.0,25041.0,1.0489255644451891,0.8937617620579434,49.231376246497454
342-U1410B,"342-U1410B-23X-3,126",342,U1410,B,23,X,3,126,191.86,220.33,28.47,,224.33,240.94,2342641,304841,7.68,,45.8982766,23226.0,25275.0,1.0882200981658485,0.885361220031512,48.940339467991734
342-U1410B,"342-U1410B-23X-3,128",342,U1410,B,23,X,3,128,191.88,220.35,28.47,,224.36,240.97,2360251,300586,7.85,,45.8988189,23877.0,24352.0,1.019893621476735,0.8948696567452525,49.26975925793928
342-U1410B,"342-U1410B-23X-3,130",342,U1410,B,23,X,3,130,191.9,220.37,28.47,,224.38,240.99,2331423,306182,7.61,,45.8991804,23971.0,24614.0,1.0268240790955738,0.8813846567705729,48.802571433816496
342-U1410B,"342-U1410B-23X-3,132",342,U1410,B,23,X,3,132,191.92,220.39,28.47,,224.4,241.01,2363354,305102,7.75,,45.8995419,20441.0,23512.0,1.1502372682354092,0.8893017025063102,49.076857483331125
342-U1410B,"342-U1410B-23X-3,134",342,U1410,B,23,X,3,134,191.94,220.41,28.47,,224.43,241.04,2276624,313021,7.27,,45.9000842,24478.0,24433.0,0.9981616145109895,0.8615344108590378,48.114859664211366
342-U1410B,"342-U1410B-23X-3,136",342,U1410,B,23,X,3,136,191.96,220.43,28.47,,224.45,241.06,2208478,316471,6.98,,45.9004458,23611.0,25277.0,1.0705603320486214,0.8438554226231612,47.50237111677942
342-U1410B,"342-U1410B-23X-3,138",342,U1410,B,23,X,3,138,191.98,220.45,28.47,,224.47,241.08,1998887,334229,5.98,,45.9008073,22566.0,27319.0,1.2106266063990074,0.7767011839884109,45.175812519278495
342-U1410B,"342-U1410B-23X-3,140",342,U1410,B,23,X,3,140,192.0,220.47,28.47,,224.5,241.11,1847924,383991,4.81,,45.9013496,25655.0,28240.0,1.1007600857532645,0.6821450763738317,41.8999161709714
342-U1410B,"342-U1410B-23X-3,142",342,U1410,B,23,X,3,142,192.02,220.49,28.47,,224.52,241.13,1875042,362959,5.17,,45.9017111,26208.0,28040.0,1.0699023199023199,0.7134905430939426,42.985879865489636
342-U1410B,"342-U1410B-23X-3,144",342,U1410,B,23,X,3,144,192.04,220.51,28.47,,224.54,241.15,1754387,365163,4.8,,45.9020727,24458.0,27107.0,1.1083081200425218,0.6812412373755872,41.868602668877216
342-U1410B,"342-U1410B-23X-3,146",342,U1410,B,23,X,3,146,192.06,220.53,28.47,,224.57,241.18,1756945,343561,5.11,,45.902615,24248.0,28086.0,1.15828109534807,0.7084209001347127,42.81024208516712
342-U1410B,"342-U1410B-23X-3,148",342,U1410,B,23,X,3,148,192.08,220.55,28.47,,224.59,241.2,1925263,369130,5.22,,45.9029765,27652.0,29485.0,1.0662881527556778,0.7176705030022621,43.13069457651337
342-U1410B,"342-U1410B-23X-3,150",342,U1410,B,23,X,3,150,192.1,220.57,28.47,,224.62,241.23,1866372,366426,5.09,,45.9035188,26692.0,29311.0,1.0981192866776561,0.7067177823367587,42.75123756905701
342-U1410B,"342-U1410B-23X-4,2",342,U1410,B,23,X,4,2,192.12,220.59,28.47,,224.64,241.25,1906535,371127,5.14,,45.9038803,27173.0,30068.0,1.106539579729879,0.7109631189952758,42.89831725759133
342-U1410B,"342-U1410B-23X-4,4",342,U1410,B,23,X,4,4,192.14,220.61,28.47,,224.66,241.27,1916160,356495,5.37,,45.9042418,22191.0,28635.0,1.290387995133162,0.7299742856995556,43.55695912806111
342-U1410B,"342-U1410B-23X-4,6",342,U1410,B,23,X,4,6,192.16,220.63,28.47,,224.69,241.3,1890355,361779,5.23,,45.9047841,23667.0,28612.0,1.2089407191448007,0.7185016888672743,43.15949101080672
342-U1410B,"342-U1410B-23X-4,8",342,U1410,B,23,X,4,8,192.18,220.65,28.47,,224.71,241.32,1950821,368275,5.3,,45.9051457,26223.0,28840.0,1.099797887350799,0.724275869600789,43.35953750231934
342-U1410B,"342-U1410B-23X-4,10",342,U1410,B,23,X,4,10,192.2,220.67,28.47,,224.73,241.34,1951450,416383,4.69,,45.9055072,21926.0,29054.0,1.3250934963057557,0.6711728427150833,41.51978313586406
342-U1410B,"342-U1410B-23X-4,12",342,U1410,B,23,X,4,12,192.22,220.69,28.47,,224.76,241.37,1917334,414607,4.62,,45.9060495,21129.0,29538.0,1.397983813715746,0.6646419755561255,41.29352124314197
342-U1410B,"342-U1410B-23X-4,14",342,U1410,B,23,X,4,14,192.24,220.71,28.47,,224.78,241.39,1930655,485466,3.98,,45.906411,22475.0,27347.0,1.2167741935483871,0.5998830720736879,39.04994903199292
342-U1410B,"342-U1410B-23X-4,16",342,U1410,B,23,X,4,16,192.26,220.73,28.47,,224.8,241.41,2061607,486186,4.24,,45.9067725,24214.0,27091.0,1.1188155612455604,0.6273658565927327,40.00209010165523
342-U1410B,"342-U1410B-23X-4,18",342,U1410,B,23,X,4,18,192.28,220.75,28.47,,224.83,241.44,2168199,408534,5.31,,45.9073148,23932.0,27253.0,1.1387681765000837,0.725094521081469,43.3878996828675
342-U1410B,"342-U1410B-23X-4,20",342,U1410,B,23,X,4,20,192.3,220.77,28.47,,224.85,241.46,2293951,358298,6.4,,45.9076764,24986.0,26522.0,1.06147442567838,0.8061799739838872,46.19710519867178
342-U1410B,"342-U1410B-23X-4,22",342,U1410,B,23,X,4,22,192.32,220.79,28.47,,224.87,241.48,2441795,353367,6.91,,45.9080379,26893.0,27005.0,1.004164652511806,0.8394780473741984,47.35071695127911
342-U1410B,"342-U1410B-23X-4,24",342,U1410,B,23,X,4,24,192.34,220.81,28.47,,224.9,241.51,2415836,355000,6.81,,45.9085802,21190.0,25610.0,1.2085889570552146,0.8331471119127851,47.13138169221844
342-U1410B,"342-U1410B-23X-4,26",342,U1410,B,23,X,4,26,192.36,220.83,28.47,,224.92,241.53,2342896,362264,6.47,,45.9089417,25994.0,26577.0,1.0224282526736939,0.8109042806687004,46.360778803767126
342-U1410B,"342-U1410B-23X-4,28",342,U1410,B,23,X,4,28,192.38,220.85,28.47,,224.94,241.55,2169869,368083,5.9,,45.9093033,25766.0,27980.0,1.0859271908716914,0.7708520116421442,44.97316794334209
342-U1410B,"342-U1410B-23X-4,30",342,U1410,B,23,X,4,30,192.4,220.87,28.47,,224.97,241.58,2184176,381791,5.72,,45.9098456,20077.0,26409.0,1.3153857648054987,0.7573960287930241,44.506985417534324
342-U1410B,"342-U1410B-23X-4,32",342,U1410,B,23,X,4,32,192.42,220.89,28.47,,224.99,241.6,2083234,370905,5.62,,45.9102071,24160.0,26796.0,1.1091059602649007,0.7497363155690611,44.24161465289012
342-U1410B,"342-U1410B-23X-4,34",342,U1410,B,23,X,4,34,192.44,220.91,28.47,,225.01,241.62,2024326,351563,5.76,,45.9105686,19938.0,25074.0,1.2575985555221185,0.7604224834232121,44.611836938197186
342-U1410B,"342-U1410B-23X-4,36",342,U1410,B,23,X,4,36,192.46,220.93,28.47,,225.04,241.65,2182059,356887,6.11,,45.9111109,25613.0,26003.0,1.0152266427204935,0.7860412102425542,45.499397728853296
342-U1410B,"342-U1410B-23X-4,38",342,U1410,B,23,X,4,38,192.48,220.95,28.47,,225.06,241.67,1292830,208829,6.19,,45.9114724,9201.0,13802.0,1.5000543419193566,0.791690649020118,45.69512253530199
342-U1410B,"342-U1410B-23X-4,44",342,U1410,B,23,X,4,44,192.54,221.01,28.47,,225.13,241.74,2076636,336389,6.17,,45.9127378,20843.0,24588.0,1.1796766300436596,0.7902851640332417,45.64642950793166
342-U1410B,"342-U1410B-23X-4,46",342,U1410,B,23,X,4,46,192.56,221.03,28.47,,225.16,241.77,2007553,310612,6.46,,45.9132801,19360.0,22706.0,1.1728305785123967,0.8102325179950841,46.337505585939695
342-U1410B,"342-U1410B-23X-4,48",342,U1410,B,23,X,4,48,192.58,221.05,28.47,,225.18,241.79,2077040,334250,6.21,,45.9136416,24063.0,24808.0,1.0309603956281428,0.7930916001765802,45.743658488117624
342-U1410B,"342-U1410B-23X-4,50",342,U1410,B,23,X,4,50,192.6,221.07,28.47,,225.2,241.81,2145778,309579,6.93,,45.9140032,21536.0,22649.0,1.0516809063893016,0.8407332346118067,47.394202913126044
342-U1410B,"342-U1410B-23X-4,52",342,U1410,B,23,X,4,52,192.62,221.09,28.47,,225.23,241.84,2033652,302429,6.72,,45.9145454,21265.0,22308.0,1.0490477310134023,0.8273692730538252,46.931208464949776
342-U1410B,"342-U1410B-23X-4,54",342,U1410,B,23,X,4,54,192.64,221.11,28.47,,225.25,241.86,2004621,296379,6.76,,45.914907,22809.0,23134.0,1.014248761453812,0.829946695941636,47.020503280897984
342-U1410B,"342-U1410B-23X-4,56",342,U1410,B,23,X,4,56,192.66,221.13,28.47,,225.27,241.88,1927326,299785,6.43,,45.9152685,18351.0,20725.0,1.1293662470710044,0.8082109729242221,46.26746915695968
342-U1410B,"342-U1410B-23X-4,58",342,U1410,B,23,X,4,58,192.68,221.15,28.47,,225.3,241.91,1874097,288337,6.5,,45.9158108,20006.0,20958.0,1.0475857242827151,0.8129133566428556,46.43038324089173
342-U1410B,"342-U1410B-23X-4,60",342,U1410,B,23,X,4,60,192.7,221.17,28.47,,225.32,241.93,1894071,292357,6.48,,45.9161723,20715.0,20834.0,1.0057446294955346,0.8115750058705934,46.38401607838671
342-U1410B,"342-U1410B-23X-4,68",342,U1410,B,23,X,4,68,192.78,221.25,28.47,,225.41,242.02,1516129,225851,6.71,,45.9177992,15514.0,16513.0,1.064393451076447,0.8267225201689921,46.90880171125473
342-U1410B,"342-U1410B-23X-4,70",342,U1410,B,23,X,4,70,192.8,221.27,28.47,,225.44,242.05,1937088,299027,6.48,,45.9183415,22734.0,22841.0,1.004706606844374,0.8115750058705934,46.38401607838671
342-U1410B,"342-U1410B-23X-4,72",342,U1410,B,23,X,4,72,192.82,221.29,28.47,,225.46,242.07,1348022,230320,5.85,,45.918703,11119.0,15650.0,1.40750067452109,0.7671558660821804,44.845114980417144
342-U1410B,"342-U1410B-23X-4,80",342,U1410,B,23,X,4,80,192.9,221.37,28.47,,225.55,242.16,1705080,329462,5.18,,45.9203299,18186.0,23872.0,1.3126580886396129,0.714329759745233,43.0149545263736
342-U1410B,"342-U1410B-23X-4,82",342,U1410,B,23,X,4,82,192.92,221.39,28.47,,225.58,242.19,1848936,336261,5.5,,45.9208722,19205.0,26273.0,1.3680291590731581,0.7403626894942439,43.91686537752808
342-U1410B,"342-U1410B-23X-4,84",342,U1410,B,23,X,4,84,192.94,221.41,28.47,,225.6,242.21,1775699,375448,4.73,,45.9212338,24828.0,28790.0,1.1595778959239569,0.6748611407378116,41.64756422086148
342-U1410B,"342-U1410B-23X-4,86",342,U1410,B,23,X,4,86,192.96,221.43,28.47,,225.63,242.24,1839807,381832,4.82,,45.9217761,24742.0,29906.0,1.2087139277342172,0.6830470382388496,41.931164639784946
342-U1410B,"342-U1410B-23X-4,88",342,U1410,B,23,X,4,88,192.98,221.45,28.47,,225.65,242.26,1869923,384699,4.86,,45.9221376,20345.0,28000.0,1.3762595232243795,0.6866362692622934,42.05551354859216
342-U1410B,"342-U1410B-23X-4,90",342,U1410,B,23,X,4,90,193.0,221.47,28.47,,225.67,242.28,1883519,380625,4.95,,45.9224991,21879.0,28964.0,1.3238265002970886,0.6946051989335688,42.33159711705349
342-U1410B,"342-U1410B-23X-4,92",342,U1410,B,23,X,4,92,193.02,221.49,28.47,,225.7,242.31,1889219,401563,4.7,,45.9230414,25782.0,30375.0,1.1781475447986967,0.6720978579357175,41.551830288182934
342-U1410B,"342-U1410B-23X-4,94",342,U1410,B,23,X,4,94,193.04,221.51,28.47,,225.72,242.33,1942110,415866,4.67,,45.923403,25772.0,31116.0,1.207356821356511,0.6693168805661122,41.45548332721296
342-U1410B,"342-U1410B-23X-4,96",342,U1410,B,23,X,4,96,193.06,221.53,28.47,,225.74,242.35,2016973,402125,5.02,,45.9237645,20951.0,29722.0,1.4186435015035082,0.7007037171450193,42.5428802804892
342-U1410B,"342-U1410B-23X-4,98",342,U1410,B,23,X,4,98,193.08,221.55,28.47,,225.77,242.38,1922063,405498,4.74,,45.9243068,21159.0,30735.0,1.452573373032752,0.6757783416740851,41.67934064729868
342-U1410B,"342-U1410B-23X-4,100",342,U1410,B,23,X,4,100,193.1,221.57,28.47,,225.79,242.4,1986214,421087,4.72,,45.9246683,27514.0,31905.0,1.1595914807007341,0.6739419986340878,41.61572054267798
342-U1410B,"342-U1410B-23X-4,102",342,U1410,B,23,X,4,102,193.12,221.59,28.47,,225.81,242.42,1986244,404009,4.92,,45.9250298,20255.0,29494.0,1.4561342878301653,0.6919651027673603,42.2401309853752
342-U1410B,"342-U1410B-23X-4,104",342,U1410,B,23,X,4,104,193.14,221.61,28.47,,225.84,242.45,1974950,404916,4.88,,45.9255721,25373.0,30684.0,1.2093169905017145,0.6884198220027106,42.11730473328391
342-U1410B,"342-U1410B-23X-4,106",342,U1410,B,23,X,4,106,193.16,221.63,28.47,,225.86,242.47,1911172,397886,4.8,,45.9259337,20851.0,27979.0,1.3418541077166564,0.6812412373755872,41.868602668877216
342-U1410B,"342-U1410B-23X-4,108",342,U1410,B,23,X,4,108,193.18,221.65,28.47,,225.88,242.49,1822696,371234,4.91,,45.9262952,19912.0,27768.0,1.3945359582161512,0.6910814921229684,42.209518294600244
342-U1410B,"342-U1410B-23X-4,110",342,U1410,B,23,X,4,110,193.2,221.67,28.47,,225.91,242.52,1753945,392068,4.47,,45.9268375,23413.0,29040.0,1.2403365651561098,0.6503075231319364,40.79690413890594
342-U1410B,"342-U1410B-23X-4,112",342,U1410,B,23,X,4,112,193.22,221.69,28.47,,225.93,242.54,1561793,381110,4.1,,45.927199,17339.0,25716.0,1.4831305150239344,0.6127838567197355,39.49689671605523
342-U1410B,"342-U1410B-23X-4,114",342,U1410,B,23,X,4,114,193.24,221.71,28.47,,225.95,242.56,1757803,445560,3.95,,45.9275606,23951.0,28930.0,1.2078827606362992,0.5965970956264602,38.93610637797872
342-U1410B,"342-U1410B-23X-4,116",342,U1410,B,23,X,4,116,193.26,221.73,28.47,,225.98,242.59,1925120,350008,5.5,,45.9281028,18644.0,27423.0,1.4708753486376314,0.7403626894942439,43.91686537752808
342-U1410B,"342-U1410B-23X-4,118",342,U1410,B,23,X,4,118,193.28,221.75,28.47,,226.0,242.61,1778855,381902,4.66,,45.9284644,24187.0,28530.0,1.1795592673750361,0.6683859166900001,41.42323008372506
342-U1410B,"342-U1410B-23X-4,120",342,U1410,B,23,X,4,120,193.3,221.77,28.47,,226.02,242.63,1813189,386308,4.69,,45.9288259,24919.0,28470.0,1.142501705525904,0.6711728427150833,41.51978313586406
342-U1410B,"342-U1410B-23X-4,122",342,U1410,B,23,X,4,122,193.32,221.79,28.47,,226.05,242.66,1594192,486174,3.28,,45.9293682,18452.0,24700.0,1.338608280945155,0.5158738437116791,36.13944931539112
342-U1410B,"342-U1410B-23X-4,124",342,U1410,B,23,X,4,124,193.34,221.81,28.47,,226.07,242.68,1874620,325189,5.76,,45.9297297,22443.0,24839.0,1.1067593458984983,0.7604224834232121,44.611836938197186
342-U1410B,"342-U1410B-23X-4,126",342,U1410,B,23,X,4,126,193.36,221.83,28.47,,226.09,242.7,1908252,324248,5.89,,45.9300913,20973.0,23702.0,1.1301196776808278,0.7701152947871016,44.94764438789914
342-U1410B,"342-U1410B-23X-4,128",342,U1410,B,23,X,4,128,193.38,221.85,28.47,,226.12,242.73,1905496,289978,6.57,,45.9306336,15155.0,21378.0,1.4106235565819862,0.8175653695597808,46.591552228398605
342-U1410B,"342-U1410B-23X-4,130",342,U1410,B,23,X,4,130,193.4,221.87,28.47,,226.14,242.75,1840498,266969,6.89,,45.9309951,17641.0,20302.0,1.1508417890142282,0.8382192219076258,47.307104942989696
342-U1410B,"342-U1410B-23X-4,132",342,U1410,B,23,X,4,132,193.42,221.89,28.47,,226.17,242.78,2039578,271998,7.5,,45.9315374,20003.0,20990.0,1.0493425986102085,0.8750612633917001,48.58349747020545
342-U1410B,"342-U1410B-23X-4,134",342,U1410,B,23,X,4,134,193.44,221.91,28.47,,226.19,242.8,2041651,282297,7.23,,45.9318989,22044.0,22695.0,1.0295318454001088,0.8591382972945308,48.03184630976902
342-U1410B,"342-U1410B-23X-4,136",342,U1410,B,23,X,4,136,193.46,221.93,28.47,,226.21,242.82,2055613,252865,8.13,,45.9322604,18274.0,19937.0,1.091003611688738,0.9100905455940682,49.7970869521065
342-U1410B,"342-U1410B-23X-4,138",342,U1410,B,23,X,4,138,193.48,221.95,28.47,,226.24,242.85,1976859,255255,7.74,,45.9328027,14480.0,19626.0,1.3553867403314916,0.8887409606828927,49.057430582858814
342-U1410B,"342-U1410B-23X-4,140",342,U1410,B,23,X,4,140,193.5,221.97,28.47,,226.26,242.87,1988054,255652,7.78,,45.9331643,19028.0,19864.0,1.0439352533109103,0.890979596989689,49.13498813770778
342-U1410B,"342-U1410B-23X-4,142",342,U1410,B,23,X,4,142,193.52,221.99,28.47,,226.28,242.89,2067583,254481,8.12,,45.9335258,20761.0,20291.0,0.9773613987765521,0.9095560292411753,49.778568633060516
342-U1410B,"342-U1410B-23X-4,144",342,U1410,B,23,X,4,144,193.54,222.01,28.47,,226.31,242.92,1994851,256974,7.76,,45.9340681,18482.0,19491.0,1.0545936586949465,0.8898617212581884,49.096259332989945
342-U1410B,"342-U1410B-23X-4,146",342,U1410,B,23,X,4,146,193.56,222.03,28.47,,226.33,242.94,1924049,263894,7.29,,45.9344296,18811.0,20205.0,1.074105576524374,0.8627275283179746,48.15619521857623
342-U1410B,"342-U1410B-23X-4,148",342,U1410,B,23,X,4,148,193.58,222.05,28.47,,226.35,242.96,1953181,257728,7.58,,45.9347912,16189.0,20255.0,1.2511581938353202,0.8796692056320535,48.743139629122496
342-U1410B,"342-U1410B-23X-4,150",342,U1410,B,23,X,4,150,193.6,222.07,28.47,,226.38,242.99,1943450,286442,6.78,,45.9353335,21158.0,21606.0,1.0211740240098308,0.8312296938670634,47.06495274402441
342-U1410B,"342-U1410B-23X-5,2",342,U1410,B,23,X,5,2,193.62,222.09,28.47,,226.4,243.01,2316399,363115,6.38,,45.935695,23699.0,25831.0,1.0899616017553484,0.8048206787211624,46.15001241429467
342-U1410B,"342-U1410B-23X-5,4",342,U1410,B,23,X,5,4,193.64,222.11,28.47,,226.42,243.03,2348050,348062,6.75,,45.9360565,26494.0,26222.0,0.9897335245716011,0.829303772831025,46.998229209730866
342-U1410B,"342-U1410B-23X-5,6",342,U1410,B,23,X,5,6,193.66,222.13,28.47,,226.45,243.06,2467233,345714,7.14,,45.9365988,23925.0,26642.0,1.1135632183908046,0.8536982117761743,47.84337454698556
342-U1410B,"342-U1410B-23X-5,8",342,U1410,B,23,X,5,8,193.68,222.15,28.47,,226.47,243.08,2413496,355310,6.79,,45.9369603,23237.0,25940.0,1.1163231053922624,0.8318697742805017,47.08712832994799
342-U1410B,"342-U1410B-23X-5,10",342,U1410,B,23,X,5,10,193.7,222.17,28.47,,226.49,243.1,2280636,347161,6.57,,45.9373219,25316.0,27415.0,1.0829119924158634,0.8175653695597808,46.591552228398605
342-U1410B,"342-U1410B-23X-5,12",342,U1410,B,23,X,5,12,193.72,222.19,28.47,,226.52,243.13,2317518,350386,6.61,,45.9378642,27190.0,27007.0,0.9932695844060316,0.8202014594856403,46.68287956388001
342-U1410B,"342-U1410B-23X-5,14",342,U1410,B,23,X,5,14,193.74,222.21,28.47,,226.54,243.15,2170323,370928,5.85,,45.9382257,22053.0,27478.0,1.2459982768784292,0.7671558660821804,44.845114980417144
342-U1410B,"342-U1410B-23X-5,16",342,U1410,B,23,X,5,16,193.76,222.23,28.47,,226.56,243.17,2108711,367337,5.74,,45.9385872,24595.0,27716.0,1.1268957105102664,0.7589118923979735,44.55950251212779
342-U1410B,"342-U1410B-23X-5,18",342,U1410,B,23,X,5,18,193.78,222.25,28.47,,226.59,243.2,2155114,345713,6.23,,45.9391295,24190.0,26442.0,1.0930963207937163,0.7944880466591696,45.79203837650694
342-U1410B,"342-U1410B-23X-5,20",342,U1410,B,23,X,5,20,193.8,222.27,28.47,,226.61,243.22,2081788,360795,5.77,,45.9394911,24256.0,27720.0,1.1428100263852243,0.7611758131557314,44.63793604678031
342-U1410B,"342-U1410B-23X-5,22",342,U1410,B,23,X,5,22,193.82,222.29,28.47,,226.63,243.24,2119314,366805,5.78,,45.9398526,24942.0,27750.0,1.1125811883569883,0.761927838420529,44.66398996207923
342-U1410B,"342-U1410B-23X-5,24",342,U1410,B,23,X,5,24,193.84,222.31,28.47,,226.66,243.27,2180245,387727,5.62,,45.9403949,23866.0,28957.0,1.2133160144138104,0.7497363155690611,44.24161465289012
342-U1410B,"342-U1410B-23X-5,26",342,U1410,B,23,X,5,26,193.86,222.33,28.47,,226.68,243.29,2137084,379140,5.64,,45.9407564,26317.0,27682.0,1.0518676140897518,0.7512791039833423,44.2950645575029
342-U1410B,"342-U1410B-23X-5,28",342,U1410,B,23,X,5,28,193.88,222.35,28.47,,226.71,243.32,2183538,393450,5.55,,45.9412987,28412.0,29167.0,1.026573278896241,0.7442929831226762,44.053030400285124
342-U1410B,"342-U1410B-23X-5,30",342,U1410,B,23,X,5,30,193.9,222.37,28.47,,226.73,243.34,2087670,394979,5.29,,45.9416602,25337.0,28715.0,1.133322808540869,0.7234556720351858,43.33112175765901
342-U1410B,"342-U1410B-23X-5,32",342,U1410,B,23,X,5,32,193.92,222.39,28.47,,226.75,243.36,2031313,371287,5.47,,45.9420218,23656.0,27176.0,1.1487994589110586,0.7379873263334308,43.83457092082171
342-U1410B,"342-U1410B-23X-5,34",342,U1410,B,23,X,5,34,193.94,222.41,28.47,,226.78,243.39,2032188,382105,5.32,,45.9425641,27115.0,28321.0,1.0444772266273281,0.7259116322950482,43.41620850086194
342-U1410B,"342-U1410B-23X-5,36",342,U1410,B,23,X,5,36,193.96,222.43,28.47,,226.8,243.41,1983307,379821,5.22,,45.9429256,23793.0,26174.0,1.1000714495860127,0.7176705030022621,43.13069457651337
342-U1410B,"342-U1410B-23X-5,38",342,U1410,B,23,X,5,38,193.98,222.45,28.47,,226.82,243.43,1931198,422499,4.57,,45.9432871,23020.0,26721.0,1.1607732406602953,0.6599162000698503,41.12979675141997
342-U1410B,"342-U1410B-23X-5,40",342,U1410,B,23,X,5,40,194.0,222.47,28.47,,226.85,243.46,2018322,445462,4.53,,45.9438294,26364.0,28467.0,1.0797678652708238,0.6560982020128319,40.997522208734566
342-U1410B,"342-U1410B-23X-5,42",342,U1410,B,23,X,5,42,194.02,222.49,28.47,,226.87,243.48,2017900,392613,5.14,,45.9441909,21880.0,28542.0,1.3044789762340037,0.7109631189952758,42.89831725759133
342-U1410B,"342-U1410B-23X-5,44",342,U1410,B,23,X,5,44,194.04,222.51,28.47,,226.89,243.5,1948074,391467,4.98,,45.9445525,26402.0,29066.0,1.1009014468600864,0.6972293427597176,42.42251057991042
342-U1410B,"342-U1410B-23X-5,46",342,U1410,B,23,X,5,46,194.06,222.53,28.47,,226.92,243.53,1966379,366208,5.37,,45.9450948,20326.0,26868.0,1.3218537833316935,0.7299742856995556,43.55695912806111
342-U1410B,"342-U1410B-23X-5,48",342,U1410,B,23,X,5,48,194.08,222.55,28.47,,226.94,243.55,1726234,404078,4.27,,45.9454563,21085.0,26183.0,1.2417832582404553,0.6304278750250238,40.10817373024195
342-U1410B,"342-U1410B-23X-5,50",342,U1410,B,23,X,5,50,194.1,222.57,28.47,,226.96,243.57,1799500,387611,4.64,,45.9458178,24081.0,25504.0,1.0590922303891035,0.6665179805548809,41.35851543632385
342-U1410B,"342-U1410B-23X-5,52",342,U1410,B,23,X,5,52,194.12,222.59,28.47,,226.99,243.6,1329304,243969,5.45,,45.9463601,14782.0,16826.0,1.1382762819645516,0.7363965022766424,43.77945682137428
342-U1410B,"342-U1410B-23X-5,60",342,U1410,B,23,X,5,60,194.2,222.67,28.47,,227.08,243.69,1338097,225633,5.93,,45.947987,12647.0,16275.0,1.2868664505416305,0.7730546933642626,45.04947985160488
342-U1410B,"342-U1410B-23X-5,62",342,U1410,B,23,X,5,62,194.22,222.69,28.47,,227.1,243.71,1420708,215281,6.6,,45.9483485,12505.0,15998.0,1.279328268692523,0.8195439355418687,46.66009964684804
342-U1410B,"342-U1410B-23X-5,64",342,U1410,B,23,X,5,64,194.24,222.71,28.47,,227.13,243.74,1492182,229274,6.51,,45.9488908,14643.0,17794.0,1.2151881445059072,0.8135809885681919,46.45351334894501
342-U1410B,"342-U1410B-23X-5,66",342,U1410,B,23,X,5,66,194.26,222.73,28.47,,227.15,243.76,1593796,229416,6.95,,45.9492524,14632.0,17992.0,1.2296336796063423,0.8419848045901139,47.4375635550245
342-U1410B,"342-U1410B-23X-5,68",342,U1410,B,23,X,5,68,194.28,222.75,28.47,,227.17,243.78,1756551,270881,6.48,,45.9496139,18657.0,19925.0,1.0679637669507422,0.8115750058705934,46.38401607838671
342-U1410B,"342-U1410B-23X-5,70",342,U1410,B,23,X,5,70,194.3,222.77,28.47,,227.2,243.81,1998776,298198,6.7,,45.9501562,20815.0,23545.0,1.1311554167667548,0.8260748027008264,46.88636153957013
342-U1410B,"342-U1410B-23X-5,72",342,U1410,B,23,X,5,72,194.32,222.79,28.47,,227.22,243.83,2023976,280827,7.21,,45.9505177,17917.0,21356.0,1.1919406150583245,0.857935264719429,47.99016724620462
342-U1410B,"342-U1410B-23X-5,74",342,U1410,B,23,X,5,74,194.34,222.81,28.47,,227.25,243.86,2048592,283707,7.22,,45.95106,20841.0,22025.0,1.0568110935175856,0.8585371975696391,48.01102120980015
342-U1410B,"342-U1410B-23X-5,76",342,U1410,B,23,X,5,76,194.36,222.83,28.47,,227.27,243.88,1946835,288813,6.74,,45.9514215,20834.0,22355.0,1.0730056638187577,0.8286598965353198,46.975922115466155
342-U1410B,"342-U1410B-23X-5,78",342,U1410,B,23,X,5,78,194.38,222.85,28.47,,227.29,243.9,2152308,310756,6.93,,45.9517831,24049.0,23463.0,0.975633082456651,0.8407332346118067,47.394202913126044
342-U1410B,"342-U1410B-23X-5,80",342,U1410,B,23,X,5,80,194.4,222.87,28.47,,227.32,243.93,2049064,298959,6.85,,45.9523254,18498.0,23318.0,1.260568710130825,0.8356905714924255,47.21949984935509
342-U1410B,"342-U1410B-23X-5,82",342,U1410,B,23,X,5,82,194.42,222.89,28.47,,227.34,243.95,2044490,318348,6.42,,45.9526869,22858.0,24180.0,1.057835331175081,0.8075350280688532,46.244051047445424
342-U1410B,"342-U1410B-23X-5,84",342,U1410,B,23,X,5,84,194.44,222.91,28.47,,227.36,243.97,2210168,322883,6.85,,45.9530484,21755.0,24466.0,1.12461503102735,0.8356905714924255,47.21949984935509
342-U1410B,"342-U1410B-23X-5,86",342,U1410,B,23,X,5,86,194.46,222.93,28.47,,227.39,244.0,2214924,318137,6.96,,45.9535907,23704.0,23706.0,1.0000843739453258,0.8426092396105621,47.459197106307926
342-U1410B,"342-U1410B-23X-5,88",342,U1410,B,23,X,5,88,194.48,222.95,28.47,,227.41,244.02,2262337,305447,7.41,,45.9539523,18831.0,22681.0,1.204450108863045,0.8698182079793282,48.40185181544383
342-U1410B,"342-U1410B-23X-5,90",342,U1410,B,23,X,5,90,194.5,222.97,28.47,,227.43,244.04,2273486,316928,7.17,,45.9543138,22280.0,23328.0,1.0470377019748653,0.8555191556678001,47.906461148110935
342-U1410B,"342-U1410B-23X-5,92",342,U1410,B,23,X,5,92,194.52,222.99,28.47,,227.46,244.07,2136912,312667,6.83,,45.9548561,22275.0,23524.0,1.0560718294051628,0.8344207036815325,47.175505279046696
342-U1410B,"342-U1410B-23X-5,94",342,U1410,B,23,X,5,94,194.54,223.01,28.47,,227.48,244.09,2083043,256881,8.11,,45.9552176,15831.0,18482.0,1.1674562567115154,0.909020854211156,49.760027494145504
342-U1410B,"342-U1410B-23X-5,98",342,U1410,B,23,X,5,98,194.58,223.05,28.47,,227.53,244.14,1892024,265093,7.14,,45.9561214,17122.0,18684.0,1.0912276603200561,0.8536982117761743,47.84337454698556
342-U1410B,"342-U1410B-23X-5,100",342,U1410,B,23,X,5,100,194.6,223.07,28.47,,227.55,244.16,2137257,293429,7.28,,45.956483,16055.0,22699.0,1.4138274680784801,0.8621313793130372,48.135541636300175
342-U1410B,"342-U1410B-23X-5,102",342,U1410,B,23,X,5,102,194.62,223.09,28.47,,227.57,244.18,2201431,301284,7.31,,45.9568445,16125.0,21979.0,1.3630387596899225,0.8639173769578604,48.197417524705074
342-U1410B,"342-U1410B-23X-5,104",342,U1410,B,23,X,5,104,194.64,223.11,28.47,,227.6,244.21,2263343,355160,6.37,,45.9573868,24931.0,26150.0,1.0488949500621716,0.8041394323353505,46.12641063325822
342-U1410B,"342-U1410B-23X-5,106",342,U1410,B,23,X,5,106,194.66,223.13,28.47,,227.62,244.23,2178614,351101,6.21,,45.9577483,20463.0,25318.0,1.2372574891267165,0.7930916001765802,45.743658488117624
342-U1410B,"342-U1410B-23X-5,108",342,U1410,B,23,X,5,108,194.68,223.15,28.47,,227.64,244.25,2238267,353322,6.33,,45.9581099,17999.0,25268.0,1.403855769764987,0.8014037100173551,46.03163153355127
342-U1410B,"342-U1410B-23X-5,110",342,U1410,B,23,X,5,110,194.7,223.17,28.47,,227.67,244.28,2114735,393150,5.38,,45.9586522,25126.0,28799.0,1.1461832364881,0.7307822756663892,43.584951940462055
342-U1410B,"342-U1410B-23X-5,112",342,U1410,B,23,X,5,112,194.72,223.19,28.47,,227.69,244.3,2126307,375792,5.66,,45.9590137,21495.0,27478.0,1.2783438008839265,0.7528164311882715,44.34832525851766
342-U1410B,"342-U1410B-23X-5,114",342,U1410,B,23,X,5,114,194.74,223.21,28.47,,227.71,244.32,2135691,377283,5.66,,45.9593752,18490.0,26545.0,1.4356408869659276,0.7528164311882715,44.34832525851766
342-U1410B,"342-U1410B-23X-5,116",342,U1410,B,23,X,5,116,194.76,223.23,28.47,,227.74,244.35,2113305,409655,5.16,,45.9599175,24867.0,29433.0,1.1836168415972976,0.7126497016272114,42.956748912874744
342-U1410B,"342-U1410B-23X-5,118",342,U1410,B,23,X,5,118,194.78,223.25,28.47,,227.76,244.37,2154655,398841,5.4,,45.960279,20346.0,28498.0,1.4006684360562274,0.7323937598229685,43.640781809066745
342-U1410B,"342-U1410B-23X-5,120",342,U1410,B,23,X,5,120,194.8,223.27,28.47,,227.79,244.4,2129358,381136,5.59,,45.9608213,19031.0,28210.0,1.4823183227365877,0.7474118078864233,44.161082084225136
342-U1410B,"342-U1410B-23X-5,122",342,U1410,B,23,X,5,122,194.82,223.29,28.47,,227.81,244.42,2252531,364155,6.19,,45.9611829,23135.0,26872.0,1.1615301491247028,0.791690649020118,45.69512253530199
342-U1410B,"342-U1410B-23X-5,124",342,U1410,B,23,X,5,124,194.84,223.31,28.47,,227.83,244.44,2060390,359067,5.74,,45.9615444,18428.0,27563.0,1.4957130453657477,0.7589118923979735,44.55950251212779
342-U1410B,"342-U1410B-23X-5,126",342,U1410,B,23,X,5,126,194.86,223.33,28.47,,227.86,244.47,1824582,381367,4.78,,45.9620867,15259.0,24061.0,1.5768398977652534,0.6794278966121189,41.805779478126865
342-U1410B,"342-U1410B-23X-5,128",342,U1410,B,23,X,5,128,194.88,223.35,28.47,,227.88,244.49,2012361,349116,5.76,,45.9624482,24443.0,27744.0,1.1350488892525468,0.7604224834232121,44.611836938197186
342-U1410B,"342-U1410B-23X-5,130",342,U1410,B,23,X,5,130,194.9,223.37,28.47,,227.9,244.51,1938597,323695,5.99,,45.9628098,19905.0,24888.0,1.250339110776187,0.7774268223893114,45.2009522616777
342-U1410B,"342-U1410B-23X-5,132",342,U1410,B,23,X,5,132,194.92,223.39,28.47,,227.93,244.54,1778956,293996,6.05,,45.963352,15416.0,23278.0,1.5099896211728074,0.7817553746524689,45.35091495483479
342-U1410B,"342-U1410B-23X-5,134",342,U1410,B,23,X,5,134,194.94,223.41,28.47,,227.95,244.56,1810043,325167,5.57,,45.9637136,21553.0,26187.0,1.2150048717115947,0.7458551951737289,44.107153236793835
342-U1410B,"342-U1410B-23X-5,136",342,U1410,B,23,X,5,136,194.96,223.43,28.47,,227.97,244.58,1965227,355567,5.53,,45.9640751,24405.0,27157.0,1.1127637779143618,0.7427251313046983,43.99871217405128
342-U1410B,"342-U1410B-23X-5,138",342,U1410,B,23,X,5,138,194.98,223.45,28.47,,228.0,244.61,1335740,243953,5.48,,45.9646174,11130.0,17629.0,1.5839173405211142,0.7387805584843692,43.862052448690974
342-U1410B,"342-U1410B-23X-6,2",342,U1410,B,23,X,6,2,195.12,223.59,28.47,,228.16,244.77,2154551,371672,5.8,,45.9675096,22890.0,27933.0,1.2203145478374837,0.7634279935629372,44.71596283698796
342-U1410B,"342-U1410B-23X-6,4",342,U1410,B,23,X,6,4,195.14,223.61,28.47,,228.18,244.79,1786214,315312,5.66,,45.9678712,18061.0,23779.0,1.3165937655722275,0.7528164311882715,44.34832525851766
342-U1410B,"342-U1410B-23X-6,6",342,U1410,B,23,X,6,6,195.16,223.63,28.47,,228.21,244.82,1858023,331521,5.6,,45.9684135,19841.0,25021.0,1.2610755506274884,0.7481880270062004,44.18797419562981
342-U1410B,"342-U1410B-23X-6,8",342,U1410,B,23,X,6,8,195.18,223.65,28.47,,228.23,244.84,1929340,335262,5.75,,45.968775,21053.0,25748.0,1.2230085973495464,0.7596678446896304,44.585692479272254
342-U1410B,"342-U1410B-23X-6,10",342,U1410,B,23,X,6,10,195.2,223.67,28.47,,228.26,244.87,1932633,345206,5.6,,45.9693173,17997.0,25841.0,1.4358504195143635,0.7481880270062004,44.18797419562981
342-U1410B,"342-U1410B-23X-6,12",342,U1410,B,23,X,6,12,195.22,223.69,28.47,,228.28,244.89,2081311,325373,6.4,,45.9696788,20945.0,25827.0,1.2330866555263786,0.8061799739838872,46.19710519867178
342-U1410B,"342-U1410B-23X-6,14",342,U1410,B,23,X,6,14,195.24,223.71,28.47,,228.3,244.91,2194507,320027,6.86,,45.9700404,17628.0,24916.0,1.4134331744951214,0.8363241157067517,47.241448988660416
342-U1410B,"342-U1410B-23X-6,16",342,U1410,B,23,X,6,16,195.26,223.73,28.47,,228.33,244.94,2275705,341466,6.66,,45.9705827,22630.0,25784.0,1.139372514361467,0.8234742291703011,46.79626466960508
342-U1410B,"342-U1410B-23X-6,18",342,U1410,B,23,X,6,18,195.28,223.75,28.47,,228.35,244.96,2453594,321932,7.62,,45.9709442,21572.0,25468.0,1.1806044872983497,0.8819549713396005,48.82232998206047
342-U1410B,"342-U1410B-23X-6,20",342,U1410,B,23,X,6,20,195.3,223.77,28.47,,228.37,244.98,2486834,300004,8.29,,45.9713057,17292.0,22940.0,1.3266250289151051,0.9185545305502735,50.090321710914225
342-U1410B,"342-U1410B-23X-6,22",342,U1410,B,23,X,6,22,195.32,223.79,28.47,,228.4,245.01,2047228,268165,7.63,,45.971848,15675.0,19971.0,1.274066985645933,0.8825245379548805,48.84206261744684
342-U1410B,"342-U1410B-23X-6,24",342,U1410,B,23,X,6,24,195.34,223.81,28.47,,228.42,245.03,2293013,311492,7.36,,45.9722096,20721.0,23880.0,1.152454032141306,0.8668778143374989,48.29998187772265
342-U1410B,"342-U1410B-23X-6,26",342,U1410,B,23,X,6,26,195.36,223.83,28.47,,228.44,245.05,2244477,316076,7.1,,45.9725711,18147.0,24089.0,1.327437041935306,0.8512583487190752,47.75884549137236
342-U1410B,"342-U1410B-23X-6,28",342,U1410,B,23,X,6,28,195.38,223.85,28.47,,228.46,245.07,2103412,323880,6.49,,45.9729326,21058.0,25051.0,1.189619147117485,0.8122446968003693,46.4072175206488
342-U1410B,"342-U1410B-23X-6,30",342,U1410,B,23,X,6,30,195.4,223.87,28.47,,228.49,245.1,2001835,340327,5.88,,45.9734749,19337.0,25724.0,1.3302994259709366,0.7693773260761385,44.92207746190782
342-U1410B,"342-U1410B-23X-6,32",342,U1410,B,23,X,6,32,195.42,223.89,28.47,,228.51,245.12,2058459,339113,6.07,,45.9738364,20067.0,26230.0,1.3071211441670405,0.7831886910752576,45.4005722023023
342-U1410B,"342-U1410B-23X-6,34",342,U1410,B,23,X,6,34,195.44,223.91,28.47,,228.53,245.14,1908413,365631,5.22,,45.974198,24186.0,28024.0,1.1586868436285453,0.7176705030022621,43.13069457651337
342-U1410B,"342-U1410B-23X-6,36",342,U1410,B,23,X,6,36,195.46,223.93,28.47,,228.56,245.17,1883515,371021,5.08,,45.9747403,19799.0,28982.0,1.463811303601192,0.7058637122839193,42.72164831207638
342-U1410B,"342-U1410B-23X-6,38",342,U1410,B,23,X,6,38,195.48,223.95,28.47,,228.58,245.19,1998987,380853,5.25,,45.9751018,24406.0,29292.0,1.2001966729492748,0.7201593034059569,43.21691906649938
342-U1410B,"342-U1410B-23X-6,40",342,U1410,B,23,X,6,40,195.5,223.97,28.47,,228.6,245.21,1792335,361779,4.95,,45.9754633,20399.0,27250.0,1.3358497965586549,0.6946051989335688,42.33159711705349
342-U1410B,"342-U1410B-23X-6,42",342,U1410,B,23,X,6,42,195.52,223.99,28.47,,228.62,245.23,2039666,400061,5.1,,45.9758249,26796.0,32024.0,1.1951037468278847,0.7075701760979364,42.78076875091301
342-U1410B,"342-U1410B-23X-6,44",342,U1410,B,23,X,6,44,195.54,224.01,28.47,,228.65,245.26,1861135,352354,5.28,,45.9763672,19089.0,28014.0,1.4675467546754675,0.7226339225338123,43.302652246183925
342-U1410B,"342-U1410B-23X-6,56",342,U1410,B,23,X,6,56,195.66,224.13,28.47,,228.79,245.4,1495276,269103,5.56,,45.9788979,12876.0,19361.0,1.503650201926064,0.7450747915820575,44.08011615436038
342-U1410B,"342-U1410B-23X-6,58",342,U1410,B,23,X,6,58,195.68,224.15,28.47,,228.81,245.42,716084,197264,3.63,,45.9792594,3911.0,8874.0,2.2689849143441574,0.5599066250361125,37.664965024376116
342-U1410B,"342-U1410B-23X-6,60",342,U1410,B,23,X,6,60,195.7,224.17,28.47,,228.83,245.44,938542,171411,5.48,,45.9796209,5166.0,11063.0,2.1415021293070073,0.7387805584843692,43.862052448690974
342-U1410B,"342-U1410B-23X-6,62",342,U1410,B,23,X,6,62,195.72,224.19,28.47,,228.85,245.46,1403861,261555,5.37,,45.9799825,12073.0,16103.0,1.3338027002402053,0.7299742856995556,43.55695912806111
342-U1410B,"342-U1410B-23X-6,64",342,U1410,B,23,X,6,64,195.74,224.21,28.47,,228.88,245.49,1990702,307686,6.47,,45.9805248,16941.0,23876.0,1.4093619030753792,0.8109042806687004,46.360778803767126
342-U1410B,"342-U1410B-23X-6,66",342,U1410,B,23,X,6,66,195.76,224.23,28.47,,228.9,245.51,2073583,309792,6.69,,45.9808863,17444.0,23262.0,1.3335244210043569,0.8254261177678232,46.863887850066234
342-U1410B,"342-U1410B-23X-6,68",342,U1410,B,23,X,6,68,195.78,224.25,28.47,,228.92,245.53,1689194,270279,6.25,,45.9812478,14115.0,19221.0,1.3617428267800213,0.7958800173440752,45.84026320088549
342-U1410B,"342-U1410B-23X-6,70",342,U1410,B,23,X,6,70,195.8,224.27,28.47,,228.95,245.56,2006015,319492,6.28,,45.9817901,18344.0,22874.0,1.246947230702137,0.7979596437371962,45.912311857275164
342-U1410B,"342-U1410B-23X-6,72",342,U1410,B,23,X,6,72,195.82,224.29,28.47,,228.97,245.58,2174584,299202,7.27,,45.9821516,15552.0,22153.0,1.4244470164609053,0.8615344108590378,48.114859664211366
342-U1410B,"342-U1410B-23X-6,74",342,U1410,B,23,X,6,74,195.84,224.31,28.47,,228.99,245.6,2259765,302095,7.48,,45.9825132,20399.0,23392.0,1.146722878572479,0.8739015978644614,48.54332085801427
342-U1410B,"342-U1410B-23X-6,76",342,U1410,B,23,X,6,76,195.86,224.33,28.47,,229.01,245.62,2241372,301062,7.44,,45.9828747,18096.0,21972.0,1.2141909814323608,0.8715729355458788,48.462644351986974
342-U1410B,"342-U1410B-23X-6,78",342,U1410,B,23,X,6,78,195.88,224.35,28.47,,229.04,245.65,2223816,291443,7.63,,45.983417,18357.0,21573.0,1.1751920248406602,0.8825245379548805,48.84206261744684
342-U1410B,"342-U1410B-23X-6,80",342,U1410,B,23,X,6,80,195.9,224.37,28.47,,229.06,245.67,2289948,291767,7.85,,45.9837785,19083.0,21398.0,1.121312162657863,0.8948696567452525,49.26975925793928
342-U1410B,"342-U1410B-23X-6,82",342,U1410,B,23,X,6,82,195.92,224.39,28.47,,229.08,245.69,2474466,287960,8.59,,45.9841401,16553.0,21586.0,1.304053645864798,0.9339931638312423,50.62519316093339
342-U1410B,"342-U1410B-23X-6,84",342,U1410,B,23,X,6,84,195.94,224.41,28.47,,229.11,245.72,2460682,273296,9.0,,45.9846823,15664.0,20610.0,1.315755873340143,0.9542425094393249,51.326731739525414
342-U1410B,"342-U1410B-23X-6,86",342,U1410,B,23,X,6,86,195.96,224.43,28.47,,229.13,245.74,2752074,259632,10.6,,45.9850439,18616.0,19618.0,1.0538246669531586,1.0253058652647702,53.78872170209796
342-U1410B,"342-U1410B-23X-6,88",342,U1410,B,23,X,6,88,195.98,224.45,28.47,,229.15,245.76,2664139,248504,10.72,,45.9854054,14497.0,18558.0,1.280126922811616,1.0301947853567512,53.95809833868465
342-U1410B,"342-U1410B-23X-6,90",342,U1410,B,23,X,6,90,196.0,224.47,28.47,,229.17,245.78,2754367,243264,11.32,,45.9857669,16375.0,17445.0,1.0653435114503818,1.0538464268522527,54.777509458296294
342-U1410B,"342-U1410B-23X-6,92",342,U1410,B,23,X,6,92,196.02,224.49,28.47,,229.2,245.81,2783480,231757,12.01,,45.9863092,13694.0,17201.0,1.2560975609756098,1.079543007402906,55.66776749147368
342-U1410B,"342-U1410B-23X-6,94",342,U1410,B,23,X,6,94,196.04,224.51,28.47,,229.22,245.83,3166232,208934,15.15,,45.9866708,15477.0,15372.0,0.9932157394843962,1.1804126328383238,59.16239566468373
342-U1410B,"342-U1410B-23X-6,96",342,U1410,B,23,X,6,96,196.06,224.53,28.47,,229.24,245.85,3334249,194410,17.15,,45.9870323,14161.0,14591.0,1.0303650872113552,1.2342641243787893,61.028080589103155
342-U1410B,"342-U1410B-23X-6,98",342,U1410,B,23,X,6,98,196.08,224.55,28.47,,229.27,245.88,3361467,178129,18.87,,45.9875746,11421.0,12898.0,1.1293231766045004,1.2757719001649315,62.466117481214056
342-U1410B,"342-U1410B-23X-6,100",342,U1410,B,23,X,6,100,196.1,224.57,28.47,,229.29,245.9,3373160,172155,19.59,,45.9879361,12525.0,12638.0,1.0090219560878244,1.2920344359947364,63.029533035037645
342-U1410B,"342-U1410B-23X-6,102",342,U1410,B,23,X,6,102,196.12,224.59,28.47,,229.31,245.92,3506205,164009,21.38,,45.9882976,11515.0,12205.0,1.0599218410768563,1.330007700872759,64.34511679673675
342-U1410B,"342-U1410B-23X-6,104",342,U1410,B,23,X,6,104,196.14,224.61,28.47,,229.34,245.95,3438337,194486,17.68,,45.9888399,13610.0,13523.0,0.9936076414401176,1.2474822606770544,61.48602292115655
342-U1410B,"342-U1410B-23X-6,106",342,U1410,B,23,X,6,106,196.16,224.63,28.47,,229.36,245.97,3359226,194707,17.25,,45.9892015,12720.0,13655.0,1.0735062893081762,1.236789099409293,61.115558349034956
342-U1410B,"342-U1410B-23X-6,108",342,U1410,B,23,X,6,108,196.18,224.65,28.47,,229.38,245.99,3185366,217756,14.63,,45.989563,14597.0,15481.0,1.0605603891210522,1.165244326125311,58.6368896786114
342-U1410B,"342-U1410B-23X-6,110",342,U1410,B,23,X,6,110,196.2,224.67,28.47,,229.41,246.02,3099267,228075,13.59,,45.9901053,13922.0,16903.0,1.2141215342623186,1.1332194567324942,57.52738807849727
342-U1410B,"342-U1410B-23X-6,112",342,U1410,B,23,X,6,112,196.22,224.69,28.47,,229.43,246.04,2980723,273493,10.9,,45.9904668,19670.0,19720.0,1.0025419420437214,1.0374264979406236,54.2086410211529
342-U1410B,"342-U1410B-23X-6,114",342,U1410,B,23,X,6,114,196.24,224.71,28.47,,229.45,246.06,2823133,256122,11.02,,45.9908284,17196.0,19222.0,1.1178180972319145,1.0421815945157662,54.37338134199872
342-U1410B,"342-U1410B-23X-6,116",342,U1410,B,23,X,6,116,196.26,224.73,28.47,,229.48,246.09,1823623,227379,8.02,,45.9913707,12211.0,15018.0,1.2298747031365163,0.9041743682841635,49.592120989204844
342-U1410B,"342-U1410B-23X-6,118",342,U1410,B,23,X,6,118,196.28,224.75,28.47,,229.5,246.11,1609231,223749,7.19,,45.9917322,12704.0,15267.0,1.2017474811083124,0.8567288903828826,47.94837240731497
342-U1410B,"342-U1410B-23X-6,120",342,U1410,B,23,X,6,120,196.3,224.77,28.47,,229.52,246.13,2454401,356360,6.89,,45.9920937,17815.0,24416.0,1.3705304518664048,0.8382192219076258,47.307104942989696
342-U1410B,"342-U1410B-23X-6,122",342,U1410,B,23,X,6,122,196.32,224.79,28.47,,229.55,246.16,2227843,344587,6.47,,45.992636,18697.0,23986.0,1.2828796063539605,0.8109042806687004,46.360778803767126
342-U1410B,"342-U1410B-23X-6,124",342,U1410,B,23,X,6,124,196.34,224.81,28.47,,229.57,246.18,2344317,340256,6.89,,45.9929975,18487.0,23579.0,1.275436793422405,0.8382192219076258,47.307104942989696
342-U1410B,"342-U1410B-23X-6,126",342,U1410,B,23,X,6,126,196.36,224.83,28.47,,229.59,246.2,2447472,314714,7.78,,45.9933591,15681.0,22002.0,1.4030992921369811,0.890979596989689,49.13498813770778
342-U1410B,"342-U1410B-23X-6,128",342,U1410,B,23,X,6,128,196.38,224.85,28.47,,229.62,246.23,2468110,301365,8.19,,45.9939014,16688.0,21166.0,1.2683365292425695,0.9132839017604184,49.9077207764897
342-U1410B,"342-U1410B-23X-6,130",342,U1410,B,23,X,6,130,196.4,224.87,28.47,,229.64,246.25,2510440,322127,7.79,,45.9942629,20651.0,22127.0,1.0714735363904895,0.8915374576725644,49.154315221066
342-U1410B,"342-U1410B-23X-6,132",342,U1410,B,23,X,6,132,196.42,224.89,28.47,,229.66,246.27,2418210,318873,7.58,,45.9946244,19718.0,21934.0,1.1123846231869359,0.8796692056320535,48.743139629122496
342-U1410B,"342-U1410B-23X-6,134",342,U1410,B,23,X,6,134,196.44,224.91,28.47,,229.69,246.3,2283439,317359,7.2,,45.9951667,20074.0,22430.0,1.1173657467370728,0.8573324964312685,47.9692843388613
342-U1410B,"342-U1410B-23X-6,136",342,U1410,B,23,X,6,136,196.46,224.93,28.47,,229.71,246.32,2138348,353069,6.06,,45.9955283,21467.0,24472.0,1.1399822984115153,0.7824726241662862,45.37576406424098
342-U1410C,"342-U1410C-22X-1,114",342,U1410,C,22,X,1,114,195.94,224.99,29.05,,229.78,246.39,1662447,404797,4.11,,45.9967936,21563.0,28277.0,1.3113666929462504,0.6138418218760693,39.533549918896426
342-U1410C,"342-U1410C-22X-1,116",342,U1410,C,22,X,1,116,195.96,225.01,29.05,,229.8,246.41,1948787,361354,5.39,,45.9971551,22406.0,26147.0,1.1669642060162457,0.7315887651867387,43.61289276989456
342-U1410C,"342-U1410C-22X-1,118",342,U1410,C,22,X,1,118,195.98,225.03,29.05,,229.83,246.44,1858316,411118,4.52,,45.9976974,18740.0,23292.0,1.2429028815368197,0.6551384348113821,40.96427107404034
342-U1410C,"342-U1410C-22X-1,120",342,U1410,C,22,X,1,120,196.0,225.05,29.05,,229.85,246.46,1985997,363318,5.47,,45.998059,22130.0,24687.0,1.1155445097153185,0.7379873263334308,43.83457092082171
342-U1410C,"342-U1410C-22X-1,122",342,U1410,C,22,X,1,122,196.02,225.07,29.05,,229.87,246.48,2088315,305350,6.84,,45.9984205,17471.0,21160.0,1.2111499055577815,0.8350561017201162,47.19751864409343
342-U1410C,"342-U1410C-22X-1,124",342,U1410,C,22,X,1,124,196.04,225.09,29.05,,229.9,246.51,2207931,302943,7.29,,45.9989628,19603.0,22187.0,1.1318165586899964,0.8627275283179746,48.15619521857623
342-U1410C,"342-U1410C-22X-1,126",342,U1410,C,22,X,1,126,196.06,225.11,29.05,,229.92,246.53,2183526,298663,7.31,,45.9993243,15497.0,18642.0,1.2029425050009679,0.8639173769578604,48.197417524705074
342-U1410C,"342-U1410C-22X-1,128",342,U1410,C,22,X,1,128,196.08,225.13,29.05,,229.94,246.55,2328513,260658,8.93,,45.9996858,17376.0,18061.0,1.039422191528545,0.9508514588885464,51.209248793193694
342-U1410C,"342-U1410C-22X-1,130",342,U1410,C,22,X,1,130,196.1,225.15,29.05,,229.97,246.58,2459597,254482,9.67,,46.0002281,17611.0,18000.0,1.0220884674351258,0.9854264740830017,52.40710019460559
342-U1410C,"342-U1410C-22X-1,132",342,U1410,C,22,X,1,132,196.12,225.17,29.05,,229.99,246.6,2236069,284553,7.86,,46.0005897,19297.0,20198.0,1.0466911955226201,0.895422546039408,49.28891410753529
342-U1410C,"342-U1410C-22X-1,134",342,U1410,C,22,X,1,134,196.14,225.19,29.05,,230.01,246.62,2392186,242308,9.87,,46.0009512,17624.0,18278.0,1.0371084884248751,0.9943171526696367,52.71511775423957
342-U1410C,"342-U1410C-22X-1,136",342,U1410,C,22,X,1,136,196.16,225.21,29.05,,230.04,246.65,2336353,241685,9.67,,46.0014935,16642.0,17214.0,1.0343708688859512,0.9854264740830017,52.40710019460559
342-U1410C,"342-U1410C-22X-1,138",342,U1410,C,22,X,1,138,196.18,225.23,29.05,,230.06,246.67,2409361,238872,10.09,,46.001855,16122.0,16533.0,1.0254931149981392,1.0038911662369105,53.04680945427776
342-U1410C,"342-U1410C-22X-1,140",342,U1410,C,22,X,1,140,196.2,225.25,29.05,,230.08,246.69,2454853,254262,9.65,,46.0022166,18456.0,18833.0,1.0204269614217598,0.9845273133437926,52.3759487707957
342-U1410C,"342-U1410C-22X-1,142",342,U1410,C,22,X,1,142,196.22,225.27,29.05,,230.11,246.72,2427668,257266,9.44,,46.0027589,17688.0,18218.0,1.02996381727725,0.9749719942980689,52.044904742456595
342-U1410C,"342-U1410C-22X-1,144",342,U1410,C,22,X,1,144,196.24,225.29,29.05,,230.13,246.74,2369543,281694,8.41,,46.0031204,18924.0,19986.0,1.0561192136968929,0.9247959957979122,50.306557274418665
342-U1410C,"342-U1410C-22X-1,146",342,U1410,C,22,X,1,146,196.26,225.31,29.05,,230.16,246.77,2406786,290597,8.28,,46.0036627,19350.0,20807.0,1.075297157622739,0.9180303367848801,50.07216101791217
342-U1410C,"342-U1410C-22X-1,148",342,U1410,C,22,X,1,148,196.28,225.33,29.05,,230.18,246.79,2297734,303366,7.57,,46.0040242,19136.0,21954.0,1.1472617056856187,0.8790958795000727,48.72327674528002
342-U1410C,"342-U1410C-22X-1,150",342,U1410,C,22,X,1,150,196.3,225.35,29.05,,230.2,246.81,2120206,307243,6.9,,46.0043857,19424.0,23218.0,1.195325370675453,0.8388490907372553,47.32892674859221
342-U1410C,"342-U1410C-22X-2,2",342,U1410,C,22,X,2,2,196.32,225.37,29.05,,230.23,246.84,2298149,335362,6.85,,46.004928,21639.0,23473.0,1.0847543786681455,0.8356905714924255,47.21949984935509
342-U1410C,"342-U1410C-22X-2,4",342,U1410,C,22,X,2,4,196.34,225.39,29.05,,230.25,246.86,2104913,346341,6.08,,46.0052896,23089.0,25608.0,1.1090995712243925,0.7839035792727349,45.4253395039039
342-U1410C,"342-U1410C-22X-2,6",342,U1410,C,22,X,2,6,196.36,225.41,29.05,,230.27,246.88,2090267,345628,6.05,,46.0056511,22972.0,25723.0,1.1197544837193105,0.7817553746524689,45.35091495483479
342-U1410C,"342-U1410C-22X-2,8",342,U1410,C,22,X,2,8,196.38,225.43,29.05,,230.3,246.91,1987545,338217,5.88,,46.0061934,22686.0,25822.0,1.138235034823239,0.7693773260761385,44.92207746190782
342-U1410C,"342-U1410C-22X-2,10",342,U1410,C,22,X,2,10,196.4,225.45,29.05,,230.32,246.93,2128970,333134,6.39,,46.0065549,21430.0,24820.0,1.1581894540363975,0.8055008581584001,46.17357723089778
342-U1410C,"342-U1410C-22X-2,12",342,U1410,C,22,X,2,12,196.42,225.47,29.05,,230.34,246.95,2192619,346001,6.34,,46.0069165,23728.0,25951.0,1.0936867835468644,0.8020892578817327,46.05538233931263
342-U1410C,"342-U1410C-22X-2,14",342,U1410,C,22,X,2,14,196.44,225.49,29.05,,230.37,246.98,1670542,269740,6.19,,46.0074588,15649.0,19854.0,1.268707265639977,0.791690649020118,45.69512253530199
342-U1410C,"342-U1410C-22X-2,16",342,U1410,C,22,X,2,16,196.46,225.51,29.05,,230.39,247.0,2015084,308204,6.54,,46.0078203,22228.0,24042.0,1.0816087817167537,0.8155777483242672,46.52269109069424
342-U1410C,"342-U1410C-22X-2,18",342,U1410,C,22,X,2,18,196.48,225.53,29.05,,230.41,247.02,2220701,336203,6.61,,46.0081818,23892.0,24645.0,1.0315168257157208,0.8202014594856403,46.68287956388001
342-U1410C,"342-U1410C-22X-2,20",342,U1410,C,22,X,2,20,196.5,225.55,29.05,,230.44,247.05,2144875,336991,6.36,,46.0087241,24149.0,25900.0,1.07250817839248,0.8034571156484139,46.102771771639304
342-U1410C,"342-U1410C-22X-2,22",342,U1410,C,22,X,2,22,196.52,225.57,29.05,,230.46,247.07,2222368,330102,6.73,,46.0090856,23592.0,25716.0,1.090030518819939,0.8280150642239769,46.95358190003968
342-U1410C,"342-U1410C-22X-2,24",342,U1410,C,22,X,2,24,196.54,225.59,29.05,,230.48,247.09,2289688,349030,6.56,,46.0094472,24144.0,25964.0,1.0753810470510272,0.8169038393756602,46.56863351516975
342-U1410C,"342-U1410C-22X-2,26",342,U1410,C,22,X,2,26,196.56,225.61,29.05,,230.51,247.12,1813029,585930,3.09,,46.0099895,23206.0,24205.0,1.043049211410842,0.4899584794248346,35.2416115196734
342-U1410C,"342-U1410C-22X-2,28",342,U1410,C,22,X,2,28,196.58,225.63,29.05,,230.53,247.14,2214179,335182,6.61,,46.010351,24260.0,26957.0,1.1111706512778237,0.8202014594856403,46.68287956388001
342-U1410C,"342-U1410C-22X-2,30",342,U1410,C,22,X,2,30,196.6,225.65,29.05,,230.55,247.16,2129194,444414,4.79,,46.0107125,22956.0,25812.0,1.1244119184526922,0.6803355134145632,41.83722386224754
342-U1410C,"342-U1410C-22X-2,32",342,U1410,C,22,X,2,32,196.62,225.67,29.05,,230.58,247.19,2074290,481200,4.31,,46.0112548,21721.0,23517.0,1.0826849592560195,0.6344772701607315,40.24846502471854
342-U1410C,"342-U1410C-22X-2,34",342,U1410,C,22,X,2,34,196.64,225.69,29.05,,230.6,247.21,2181068,393508,5.54,,46.0116164,20651.0,22367.0,1.0830952496247155,0.7435097647284298,44.02589579901645
342-U1410C,"342-U1410C-22X-2,36",342,U1410,C,22,X,2,36,196.66,225.71,29.05,,230.62,247.23,2274188,326448,6.97,,46.0119779,20251.0,22105.0,1.091551034516814,0.8432327780980095,47.48079959720554
342-U1410C,"342-U1410C-22X-2,38",342,U1410,C,22,X,2,38,196.68,225.73,29.05,,230.65,247.26,2517730,286289,8.79,,46.0125202,21521.0,21565.0,1.0020445146600994,0.9439888750737718,50.97149457693082
342-U1410C,"342-U1410C-22X-2,40",342,U1410,C,22,X,2,40,196.7,225.75,29.05,,230.67,247.28,2505326,280991,8.92,,46.0128817,21511.0,20906.0,0.9718748547254893,0.9503648543761231,51.19239037986078
342-U1410C,"342-U1410C-22X-2,42",342,U1410,C,22,X,2,42,196.72,225.77,29.05,,230.69,247.3,2456351,271253,9.06,,46.0132432,20427.0,20024.0,0.9802712096734714,0.9571281976768131,51.4267064085132
342-U1410C,"342-U1410C-22X-2,44",342,U1410,C,22,X,2,44,196.74,225.79,29.05,,230.72,247.33,2579683,263479,9.79,,46.0137855,20847.0,20586.0,0.987480212980285,0.9907826918031378,52.59266635751972
342-U1410C,"342-U1410C-22X-2,46",342,U1410,C,22,X,2,46,196.76,225.81,29.05,,230.74,247.35,2576453,265680,9.7,,46.0141471,21227.0,20231.0,0.9530786262778537,0.9867717342662449,52.45370673365406
342-U1410C,"342-U1410C-22X-2,48",342,U1410,C,22,X,2,48,196.78,225.83,29.05,,230.76,247.37,2608832,252069,10.35,,46.0145086,19085.0,19956.0,1.0456379355514802,1.0149403497929366,53.429608418576294
342-U1410C,"342-U1410C-22X-2,50",342,U1410,C,22,X,2,50,196.8,225.85,29.05,,230.79,247.4,2595400,257893,10.06,,46.0150509,21163.0,20293.0,0.9588905164674195,1.0025979807199086,53.00200704204123
342-U1410C,"342-U1410C-22X-2,52",342,U1410,C,22,X,2,52,196.82,225.87,29.05,,230.81,247.42,2692944,269427,10.0,,46.0154124,19923.0,20129.0,1.010339808261808,1.0,52.912000000000006
342-U1410C,"342-U1410C-22X-2,54",342,U1410,C,22,X,2,54,196.84,225.89,29.05,,230.83,247.44,2658965,277642,9.58,,46.015774,20969.0,20515.0,0.9783489913682102,0.9813655090785445,52.26640806202617
342-U1410C,"342-U1410C-22X-2,56",342,U1410,C,22,X,2,56,196.86,225.91,29.05,,230.86,247.47,2759562,259333,10.64,,46.0163163,20676.0,20202.0,0.9770748694138132,1.0269416279590293,53.84539270064057
342-U1410C,"342-U1410C-22X-2,58",342,U1410,C,22,X,2,58,196.88,225.93,29.05,,230.88,247.49,2765603,266417,10.38,,46.0166778,20423.0,21316.0,1.0437252117710425,1.0161973535124391,53.47315731243846
342-U1410C,"342-U1410C-22X-2,60",342,U1410,C,22,X,2,60,196.9,225.95,29.05,,230.9,247.51,2708757,262453,10.32,,46.0170393,21329.0,20489.0,0.9606170003281916,1.0136796972911926,53.38593311265336
342-U1410C,"342-U1410C-22X-2,62",342,U1410,C,22,X,2,62,196.92,225.97,29.05,,230.93,247.54,2768315,255193,10.85,,46.0175816,19662.0,19855.0,1.009815888515919,1.0354297381845483,54.139463279403685
342-U1410C,"342-U1410C-22X-2,64",342,U1410,C,22,X,2,64,196.94,225.99,29.05,,230.95,247.56,2719725,267289,10.18,,46.0179431,20679.0,19831.0,0.9589922143237101,1.00774777800074,53.18042176883564
342-U1410C,"342-U1410C-22X-2,66",342,U1410,C,22,X,2,66,196.96,226.01,29.05,,230.97,247.58,2752975,275525,9.99,,46.0183047,20003.0,19369.0,0.9683047542868569,0.9995654882259823,52.896946339589164
342-U1410C,"342-U1410C-22X-2,68",342,U1410,C,22,X,2,68,196.98,226.03,29.05,,231.0,247.61,2742240,276190,9.93,,46.018847,21096.0,20371.0,0.9656332954114524,0.9969492484953811,52.806306714122485
